millie_id,book_id,first_seen_at
0026ba19128e49b7,1,2026-09-04T13:18:32+00:00
00465628297149cf,2,2026-09-04T13:18:32+00:00
005f8dcc539449e4,3,2026-09-04T13:18:32+00:00
0061d80fb8fd41f6,4,2026-09-04T13:18:32+00:00
00638855c2634ac6,5,2026-09-04T13:18:32+00:00
00a5c1d5a0fe4b7a,6,2026-09-04T13:18:32+00:00
00c4cc70ec7d472d,7,2026-09-04T13:18:32+00:00
00e6f020e14c4787,8,2026-09-04T13:18:32+00:00
01032bd99db64405,9,2026-09-04T13:18:32+00:00
01032fe733254daa,10,2026-09-04T13:18:32+00:00
01f4e6a2d4c24405,11,2026-09-04T13:18:32+00:00
0275c78080f7442a,12,2026-09-04T13:18:32+00:00
027cc5c80fc34caa,13,2026-09-04T13:18:32+00:00
030d5187da7a4477,14,2026-09-04T13:18:32+00:00
030fad2658284f57,15,2026-09-04T13:18:32+00:00
037440414ca94672,16,2026-09-04T13:18:32+00:00
03c29c4957154b3e,17,2026-09-04T13:18:32+00:00
03cb22e5c80246b2,18,2026-09-04T13:18:32+00:00
03d858dc77fe4f2e,19,2026-09-04T13:18:32+00:00
04003a1c262241de,20,2026-09-04T13:18:32+00:00
04637f04e7ef4549,21,2026-09-04T13:18:32+00:00
05bd81a284314d06,22,2026-09-04T13:18:32+00:00
05fd3dc929c74b9d,23,2026-09-04T13:18:32+00:00
066cb96505ce48c9,24,2026-09-04T13:18:32+00:00
06818a6ecf194ddb,25,2026-09-04T13:18:32+00:00
06afdd96be994491,26,2026-09-04T13:18:32+00:00
072dcf6dcbf04dc7,27,2026-09-04T13:18:32+00:00
0739ffdd9b4e42c3,28,2026-09-04T13:18:32+00:00
0746c59f1f624db1,29,2026-09-04T13:18:32+00:00
0833184c4fa34d75,30,2026-09-04T13:18:32+00:00
087957588bd44791,31,2026-09-04T13:18:32+00:00
087d468a35dc4a7b,32,2026-09-04T13:18:32+00:00
08c9c5fb69684508,33,2026-09-04T13:18:32+00:00
08e7b97ac3594de4,34,2026-09-04T13:18:32+00:00
0945e9b96ef247a3,35,2026-09-04T13:18:32+00:00
09b4794ac9b84443,36,2026-09-04T13:18:32+00:00
0a334dd1541a4f5a,37,2026-09-04T13:18:32+00:00
0a64d31ccfc14198,38,2026-09-04T13:18:32+00:00
0a71e8b48e904353,39,2026-09-04T13:18:32+00:00
0a79249055454cb3,40,2026-09-04T13:18:32+00:00
0a97716de5fb4a62,41,2026-09-04T13:18:32+00:00
0aef41a563174fe0,42,2026-09-04T13:18:32+00:00
0b3d4c7911ee4887,43,2026-09-04T13:18:32+00:00
0bd3099dbeb54380,44,2026-09-04T13:18:32+00:00
0c3c188e339b48af,45,2026-09-04T13:18:32+00:00
0cbeeb63e1d643db,46,2026-09-04T13:18:32+00:00
0ce4c2f6f624409b,47,2026-09-04T13:18:32+00:00
0d00234277314d82,48,2026-09-04T13:18:32+00:00
0d284979adc74c74,49,2026-09-04T13:18:32+00:00
0d4a36a501654a8c,50,2026-09-04T13:18:32+00:00
0d584b73dd714491,51,2026-09-04T13:18:32+00:00
0d6e3b87f98b4b3b,52,2026-09-04T13:18:32+00:00
0d7ca60bff694da1,53,2026-09-04T13:18:32+00:00
0da9a53e112f4cb2,54,2026-09-04T13:18:32+00:00
0dbbc1c91f7e4c04,55,2026-09-04T13:18:32+00:00
0e76f7ae95e34f4f,56,2026-09-04T13:18:32+00:00
0e785a80623a4d9e,57,2026-09-04T13:18:32+00:00
0e909fa2eaaa4de6,58,2026-09-04T13:18:32+00:00
0e9f3751ec0c4173,59,2026-09-04T13:18:32+00:00
0ebfdc9e60784f79,60,2026-09-04T13:18:32+00:00
0ec1d23145a54ebe,61,2026-09-04T13:18:32+00:00
0f022ed185084e1e,62,2026-09-04T13:18:32+00:00
0f09e7be5a2d48b3,63,2026-09-04T13:18:32+00:00
0f838d59913f4539,64,2026-09-04T13:18:32+00:00
0fa7df028cd24fcd,65,2026-09-04T13:18:32+00:00
0fe14f223d924bd3,66,2026-09-04T13:18:32+00:00
0fe774a2dcf8448b,67,2026-09-04T13:18:32+00:00
1000fda1adbb4e47,68,2026-09-04T13:18:32+00:00
10270948fa904aff,69,2026-09-04T13:18:32+00:00
1037c06b90164058,70,2026-09-04T13:18:32+00:00
1204bc4200944b87,71,2026-09-04T13:18:32+00:00
123828fb665e4b5b,72,2026-09-04T13:18:32+00:00
12d5e6d320d74f11,73,2026-09-04T13:18:32+00:00
12df8bd4e1694691,74,2026-09-04T13:18:32+00:00
12e228370a5747fd,75,2026-09-04T13:18:32+00:00
1337e84cda094dc1,76,2026-09-04T13:18:32+00:00
13a3f3fa9c3a410a,77,2026-09-04T13:18:32+00:00
13d2448be30348c0,78,2026-09-04T13:18:32+00:00
144d54dad1b747a9,79,2026-09-04T13:18:32+00:00
1509476f53ff448f,80,2026-09-04T13:18:32+00:00
15373c4573be4347,81,2026-09-04T13:18:32+00:00
15447c4da2964b13,82,2026-09-04T13:18:32+00:00
156431c73d9541d2,83,2026-09-04T13:18:32+00:00
15aa635b1cde4ae1,84,2026-09-04T13:18:32+00:00
15e54e88976f4261,85,2026-09-04T13:18:32+00:00
1631b9fa55784013,86,2026-09-04T13:18:32+00:00
1675fd4767c045ae,87,2026-09-04T13:18:32+00:00
16a3319b72404dc0,88,2026-09-04T13:18:32+00:00
16ce08a8187b4c4f,89,2026-09-04T13:18:32+00:00
177339c9683e48f5,90,2026-09-04T13:18:32+00:00
17868bab117d4bfa,91,2026-09-04T13:18:32+00:00
17c08a1db98e4103,92,2026-09-04T13:18:32+00:00
18d5dc3a35b14b82,93,2026-09-04T13:18:32+00:00
19114ddee57b4323,94,2026-09-04T13:18:32+00:00
192e7cb5892f43cd,95,2026-09-04T13:18:32+00:00
19978d9ef9844748,96,2026-09-04T13:18:32+00:00
199ee46cadc444d0,97,2026-09-04T13:18:32+00:00
1a44688087574490,98,2026-09-04T13:18:32+00:00
1a9749d5947f4388,99,2026-09-04T13:18:32+00:00
1ac043305b6f4dd7,100,2026-09-04T13:18:32+00:00
1ac60508cea94466,101,2026-09-04T13:18:32+00:00
1b21b5e4e44f4a1a,102,2026-09-04T13:18:32+00:00
1b80bc4ac6b04291,103,2026-09-04T13:18:32+00:00
1bd0d71a2e1f479e,104,2026-09-04T13:18:32+00:00
1cc2f58993ed4744,105,2026-09-04T13:18:32+00:00
1cf41037e01c4a5f,106,2026-09-04T13:18:32+00:00
1d5c4b3b5bf44aaf,107,2026-09-04T13:18:32+00:00
1db532c92aae4453,108,2026-09-04T13:18:32+00:00
1dd84e6543f14969,109,2026-09-04T13:18:32+00:00
1dfdc0c5fcd84b3b,110,2026-09-04T13:18:32+00:00
1e719e220ee6484a,111,2026-09-04T13:18:32+00:00
1ee25a10d5be4783,112,2026-09-04T13:18:32+00:00
1f2bcbeac8a04832,113,2026-09-04T13:18:32+00:00
1f6d5f50da5e4bd8,114,2026-09-04T13:18:32+00:00
1fbcb0617341475d,115,2026-09-04T13:18:32+00:00
1fda624f6fe04dab,116,2026-09-04T13:18:32+00:00
1ffa347602fe4ff7,117,2026-09-04T13:18:32+00:00
205243f37f3c4059,118,2026-09-04T13:18:32+00:00
216d52f5629c42d1,119,2026-09-04T13:18:32+00:00
217c1b4fc7d84a0a,120,2026-09-04T13:18:32+00:00
218605bc5eb147b0,121,2026-09-04T13:18:32+00:00
21dd8eadfefe4cb9,122,2026-09-04T13:18:32+00:00
21f441789f6f4117,123,2026-09-04T13:18:32+00:00
220166d0eb904b6b,124,2026-09-04T13:18:32+00:00
22b156129c384044,125,2026-09-04T13:18:32+00:00
22b16a13120d48b7,126,2026-09-04T13:18:32+00:00
22e276f3d8654a2e,127,2026-09-04T13:18:32+00:00
23b90ea4301b43a0,128,2026-09-04T13:18:32+00:00
240572c2368b40e7,129,2026-09-04T13:18:32+00:00
24bfe138769142b3,130,2026-09-04T13:18:32+00:00
2524c0e04fe240c6,131,2026-09-04T13:18:32+00:00
2540fee11f384a1c,132,2026-09-04T13:18:32+00:00
25a0fbbc3fa545a2,133,2026-09-04T13:18:32+00:00
25a90f97ce6443c1,134,2026-09-04T13:18:32+00:00
25bbfea8a9c24f8c,135,2026-09-04T13:18:32+00:00
2601878f331942b3,136,2026-09-04T13:18:32+00:00
2617e2d7377a46f5,137,2026-09-04T13:18:32+00:00
261ec058a55d421d,138,2026-09-04T13:18:32+00:00
2624fe160a7e48e0,139,2026-09-04T13:18:32+00:00
264e1a7c492e4b71,140,2026-09-04T13:18:32+00:00
268e345b9a024ee9,141,2026-09-04T13:18:32+00:00
26a05c6e18b542b4,142,2026-09-04T13:18:32+00:00
26a84b63e4594675,143,2026-09-04T13:18:32+00:00
27131aa2021b4469,144,2026-09-04T13:18:32+00:00
271c647aaf9046d9,145,2026-09-04T13:18:32+00:00
27bc62a294544e45,146,2026-09-04T13:18:32+00:00
2841d7850be7441c,147,2026-09-04T13:18:32+00:00
2862903ffbe249a4,148,2026-09-04T13:18:32+00:00
289ef9c278004dcb,149,2026-09-04T13:18:32+00:00
28b97f39cce54008,150,2026-09-04T13:18:32+00:00
28d82abb6bd645b1,151,2026-09-04T13:18:32+00:00
290e1afe97ae4e2b,152,2026-09-04T13:18:32+00:00
29380abc84e04a5e,153,2026-09-04T13:18:32+00:00
299f6704e68d478c,154,2026-09-04T13:18:32+00:00
29a20fe49f1a4406,155,2026-09-04T13:18:32+00:00
29e459afb65240c4,156,2026-09-04T13:18:32+00:00
2ad17c6899c643b5,157,2026-09-04T13:18:32+00:00
2b1496d5f11c46ad,158,2026-09-04T13:18:32+00:00
2b5b334d09644531,159,2026-09-04T13:18:32+00:00
2b6d024548104ea8,160,2026-09-04T13:18:32+00:00
2b7d08835ef94064,161,2026-09-04T13:18:32+00:00
2b8b3fa7caf347cc,162,2026-09-04T13:18:32+00:00
2bb96fd5331a4f03,163,2026-09-04T13:18:32+00:00
2c2b600716b2412e,164,2026-09-04T13:18:32+00:00
2c4f52f366ee440a,165,2026-09-04T13:18:32+00:00
2c6a9436e411464d,166,2026-09-04T13:18:32+00:00
2cb8b8acd19b4c2c,167,2026-09-04T13:18:32+00:00
2da2fffe07c14317,168,2026-09-04T13:18:32+00:00
2dda7e933c1948b1,169,2026-09-04T13:18:32+00:00
2de1f9a7492f4e28,170,2026-09-04T13:18:32+00:00
2df979cc298c43f1,171,2026-09-04T13:18:32+00:00
2e22b992c862431f,172,2026-09-04T13:18:32+00:00
2e662f6c270f4572,173,2026-09-04T13:18:32+00:00
2e734440c3274455,174,2026-09-04T13:18:32+00:00
2eb3d18ef5ca4957,175,2026-09-04T13:18:32+00:00
2ed8085e0c854264,176,2026-09-04T13:18:32+00:00
2f2a9689c8ea4130,177,2026-09-04T13:18:32+00:00
2f31f46e52d1437e,178,2026-09-04T13:18:32+00:00
2f4befeb84794fba,179,2026-09-04T13:18:32+00:00
2f9e75c237b64c4e,180,2026-09-04T13:18:32+00:00
2fa26cd14ded49f4,181,2026-09-04T13:18:32+00:00
2fac666067524841,182,2026-09-04T13:18:32+00:00
2fb4bbb5d4b04bd0,183,2026-09-04T13:18:32+00:00
2ff42f7f18b34f64,184,2026-09-04T13:18:32+00:00
3004f4df1d6b4b35,185,2026-09-04T13:18:32+00:00
304e3c3ea6c64255,186,2026-09-04T13:18:32+00:00
307e558ff6204fa1,187,2026-09-04T13:18:32+00:00
30b9c41683974a03,188,2026-09-04T13:18:32+00:00
30d026b3ecb948ed,189,2026-09-04T13:18:32+00:00
3112d9d119d94cd0,190,2026-09-04T13:18:32+00:00
315fb1d365c04c1c,191,2026-09-04T13:18:32+00:00
3178eb312d064f98,192,2026-09-04T13:18:32+00:00
319e3cbbae6c42f9,193,2026-09-04T13:18:32+00:00
321106ff757444b9,194,2026-09-04T13:18:32+00:00
323754331977441a,195,2026-09-04T13:18:32+00:00
324cda35cdb942b3,196,2026-09-04T13:18:32+00:00
32a85d7389634189,197,2026-09-04T13:18:32+00:00
32d83cec64c64cef,198,2026-09-04T13:18:32+00:00
32f52cddf4c64a39,199,2026-09-04T13:18:32+00:00
32f9d0680dfa49c7,200,2026-09-04T13:18:32+00:00
33163f6e43cc4e3d,201,2026-09-04T13:18:32+00:00
3396f6756dba45a5,202,2026-09-04T13:18:32+00:00
33ba0f632bea45c0,203,2026-09-04T13:18:32+00:00
33c3e05b19284f45,204,2026-09-04T13:18:32+00:00
34cd212f893148d3,205,2026-09-04T13:18:32+00:00
3529be30d05a4461,206,2026-09-04T13:18:32+00:00
3540f38c365c4089,207,2026-09-04T13:18:32+00:00
355763497e064287,208,2026-09-04T13:18:32+00:00
355834c5de5b43aa,209,2026-09-04T13:18:32+00:00
355cefed72db4cec,210,2026-09-04T13:18:32+00:00
357f1e16bd2e4c90,211,2026-09-04T13:18:32+00:00
35a865be70d04e3b,212,2026-09-04T13:18:32+00:00
35d1ad08e9c94e13,213,2026-09-04T13:18:32+00:00
360700b10235456e,214,2026-09-04T13:18:32+00:00
360c4b0878f54f8e,215,2026-09-04T13:18:32+00:00
36209481f8ab4e57,216,2026-09-04T13:18:32+00:00
36323e1bde4f4939,217,2026-09-04T13:18:32+00:00
3633fff17d0f47a8,218,2026-09-04T13:18:32+00:00
3643774a3c96406c,219,2026-09-04T13:18:32+00:00
36b42541c4284c82,220,2026-09-04T13:18:32+00:00
36fe7dbf25f44227,221,2026-09-04T13:18:32+00:00
37a2dee797604820,222,2026-09-04T13:18:32+00:00
37a43c48238a4be0,223,2026-09-04T13:18:32+00:00
37b3613b570b4202,224,2026-09-04T13:18:32+00:00
37fee72395144ffc,225,2026-09-04T13:18:32+00:00
38524237e6a94025,226,2026-09-04T13:18:32+00:00
3a8bb400cd314b7d,227,2026-09-04T13:18:32+00:00
3ab8524eddd54823,228,2026-09-04T13:18:32+00:00
3b5118d17e1544ce,229,2026-09-04T13:18:32+00:00
3b6a0e8996024ce4,230,2026-09-04T13:18:32+00:00
3b6b81ee70224416,231,2026-09-04T13:18:32+00:00
3b7c1cd302764353,232,2026-09-04T13:18:32+00:00
3b7e7aa7ebe8493c,233,2026-09-04T13:18:32+00:00
3c055098b9b34d00,234,2026-09-04T13:18:32+00:00
3cb92834b3c447f0,235,2026-09-04T13:18:32+00:00
3ce61ed73cbf413c,236,2026-09-04T13:18:32+00:00
3d0b99a9dd574c1f,237,2026-09-04T13:18:32+00:00
3d0c6846e5e440e8,238,2026-09-04T13:18:32+00:00
3d0e73b520d9429a,239,2026-09-04T13:18:32+00:00
3d0ef0fb53a2453d,240,2026-09-04T13:18:32+00:00
3d68d2d7e3804e37,241,2026-09-04T13:18:32+00:00
3d6bc34d6441460c,242,2026-09-04T13:18:32+00:00
3d8f54fd88bc4350,243,2026-09-04T13:18:32+00:00
3e1562a1a2ce4e17,244,2026-09-04T13:18:32+00:00
3e31eec8a0df4b27,245,2026-09-04T13:18:32+00:00
3e4cb691c86240c0,246,2026-09-04T13:18:32+00:00
3f19534c25644a1c,247,2026-09-04T13:18:32+00:00
3f2e8599a2d04671,248,2026-09-04T13:18:32+00:00
3f80ad07dacc43e6,249,2026-09-04T13:18:32+00:00
40031c9886174b69,250,2026-09-04T13:18:32+00:00
4062d22bca7e4176,251,2026-09-04T13:18:32+00:00
408ec0d5d5154ed1,252,2026-09-04T13:18:32+00:00
40a3b8f927ac4cc9,253,2026-09-04T13:18:32+00:00
40b597f631a34690,254,2026-09-04T13:18:32+00:00
40c01a666d624588,255,2026-09-04T13:18:32+00:00
40f041cef4cc4558,256,2026-09-04T13:18:32+00:00
417f1cf036b04e04,257,2026-09-04T13:18:32+00:00
41d4d61fcf194b4e,258,2026-09-04T13:18:32+00:00
41f5099a70d94efb,259,2026-09-04T13:18:32+00:00
4238202ad1474feb,260,2026-09-04T13:18:32+00:00
431f22c6f2454b3e,261,2026-09-04T13:18:32+00:00
43214a919d074560,262,2026-09-04T13:18:32+00:00
436e7d2b83204f05,263,2026-09-04T13:18:32+00:00
43cb34b1d354451b,264,2026-09-04T13:18:32+00:00
44029641ab9f40fa,265,2026-09-04T13:18:32+00:00
44d16a02ad904249,266,2026-09-04T13:18:32+00:00
44d961b3f0fb47c2,267,2026-09-04T13:18:32+00:00
44dbe0f856574803,268,2026-09-04T13:18:32+00:00
44e58cf468994d7d,269,2026-09-04T13:18:32+00:00
44ea604ae06543c2,270,2026-09-04T13:18:32+00:00
44ea9e49906b4e2b,271,2026-09-04T13:18:32+00:00
456b38cd2f094451,272,2026-09-04T13:18:32+00:00
457891c4fa304226,273,2026-09-04T13:18:32+00:00
4581972d677146a1,274,2026-09-04T13:18:32+00:00
458afa092a31403a,275,2026-09-04T13:18:32+00:00
45d4643504d34c7f,276,2026-09-04T13:18:32+00:00
4635d41428ca44a3,277,2026-09-04T13:18:32+00:00
4650104212e04c03,278,2026-09-04T13:18:32+00:00
47017066541b4d32,279,2026-09-04T13:18:32+00:00
477d56d309654c7b,280,2026-09-04T13:18:32+00:00
477da3f1a0634aec,281,2026-09-04T13:18:32+00:00
47cc20ab3b2a4a96,282,2026-09-04T13:18:32+00:00
48069d397f5446aa,283,2026-09-04T13:18:32+00:00
48100bd0de5546e3,284,2026-09-04T13:18:32+00:00
482784940ae74044,285,2026-09-04T13:18:32+00:00
4875a9e28e51421f,286,2026-09-04T13:18:32+00:00
488da539f4c14bc5,287,2026-09-04T13:18:32+00:00
48a3b25d02a641cb,288,2026-09-04T13:18:32+00:00
498760a1204145d5,289,2026-09-04T13:18:32+00:00
4991840bee04437a,290,2026-09-04T13:18:32+00:00
49acd311b53a4f3c,291,2026-09-04T13:18:32+00:00
49b3b881ba484571,292,2026-09-04T13:18:32+00:00
49b82b5fadb149a6,293,2026-09-04T13:18:32+00:00
49d3b11caf314e64,294,2026-09-04T13:18:32+00:00
49d8996a6c064abf,295,2026-09-04T13:18:32+00:00
49e6ce3a52354661,296,2026-09-04T13:18:32+00:00
4a32a4fab80d4e1c,297,2026-09-04T13:18:32+00:00
4abe24586d594a2e,298,2026-09-04T13:18:32+00:00
4b3ff6bdb8cf4713,299,2026-09-04T13:18:32+00:00
4b673251e26f4d56,300,2026-09-04T13:18:32+00:00
4b6a9d7d45e54519,301,2026-09-04T13:18:32+00:00
4b7e4ce65c9e4312,302,2026-09-04T13:18:32+00:00
4b9e98e934664ee4,303,2026-09-04T13:18:32+00:00
4bd8f645990a497b,304,2026-09-04T13:18:32+00:00
4c05eddf3fa047f2,305,2026-09-04T13:18:32+00:00
4c1fc0bbebda4ff3,306,2026-09-04T13:18:32+00:00
4c64bc1f7aba4654,307,2026-09-04T13:18:32+00:00
4c8682782c394b89,308,2026-09-04T13:18:32+00:00
4c8b77afd1264c7c,309,2026-09-04T13:18:32+00:00
4cd08f1ce0864a8a,310,2026-09-04T13:18:32+00:00
4cffd68dead34905,311,2026-09-04T13:18:32+00:00
4d0d0552db954e11,312,2026-09-04T13:18:32+00:00
4d0faf01e0904d3d,313,2026-09-04T13:18:32+00:00
4d328fbd31cc4db5,314,2026-09-04T13:18:32+00:00
4d4fa3f141704c63,315,2026-09-04T13:18:32+00:00
4d88bbe37ff44a8f,316,2026-09-04T13:18:32+00:00
4d8b8a9c839a46ef,317,2026-09-04T13:18:32+00:00
4dc57c2ccf6e4134,318,2026-09-04T13:18:32+00:00
4e1245ea8f6c4530,319,2026-09-04T13:18:32+00:00
4e2a71f1327d48f1,320,2026-09-04T13:18:32+00:00
4ee92506b05544b3,321,2026-09-04T13:18:32+00:00
4f07b2651c2849f8,322,2026-09-04T13:18:32+00:00
4f6636da14984e52,323,2026-09-04T13:18:32+00:00
50654d16c5864dd5,324,2026-09-04T13:18:32+00:00
50690a860cbe46b7,325,2026-09-04T13:18:32+00:00
506926d01e9d43f5,326,2026-09-04T13:18:32+00:00
50a8da28b71e4792,327,2026-09-04T13:18:32+00:00
50b343b7f1754ea4,328,2026-09-04T13:18:32+00:00
50bd602d329840b7,329,2026-09-04T13:18:32+00:00
513c64513c2a4244,330,2026-09-04T13:18:32+00:00
515487c76a9c427c,331,2026-09-04T13:18:32+00:00
517be891c712403c,332,2026-09-04T13:18:32+00:00
5187991640fa4c25,333,2026-09-04T13:18:32+00:00
51d7e1fe98c34984,334,2026-09-04T13:18:32+00:00
51dd2a42243e439a,335,2026-09-04T13:18:32+00:00
521246b9bf7c4ea5,336,2026-09-04T13:18:32+00:00
5223f1776bf94928,337,2026-09-04T13:18:32+00:00
5226f991b66d4e8a,338,2026-09-04T13:18:32+00:00
5229701677d6446d,339,2026-09-04T13:18:32+00:00
52551ebf84454aa5,340,2026-09-04T13:18:32+00:00
52af83c83bad46cc,341,2026-09-04T13:18:32+00:00
52cf4c03b9344952,342,2026-09-04T13:18:32+00:00
52ef3c075acc423e,343,2026-09-04T13:18:32+00:00
5310224d408c4d78,344,2026-09-04T13:18:32+00:00
5340c7b9e94a4d19,345,2026-09-04T13:18:32+00:00
538f8a1890564496,346,2026-09-04T13:18:32+00:00
539e66ea702e4fd5,347,2026-09-04T13:18:32+00:00
53f4e25a180e4b59,348,2026-09-04T13:18:32+00:00
5442d347386c4c1c,349,2026-09-04T13:18:32+00:00
545082407bd34ee5,350,2026-09-04T13:18:32+00:00
54929ab9b8e54651,351,2026-09-04T13:18:32+00:00
54bc2c651fdd4f39,352,2026-09-04T13:18:32+00:00
54f2c2e083bf42cb,353,2026-09-04T13:18:32+00:00
552dc8b00ef34798,354,2026-09-04T13:18:32+00:00
55b23a71e6514ef8,355,2026-09-04T13:18:32+00:00
55de6b5b164349d2,356,2026-09-04T13:18:32+00:00
566fb36f20cd4b28,357,2026-09-04T13:18:32+00:00
5682c973bde64bbd,358,2026-09-04T13:18:32+00:00
569cd871069d4e86,359,2026-09-04T13:18:32+00:00
56f49c4b8b8346b1,360,2026-09-04T13:18:32+00:00
573ed77f2aa14165,361,2026-09-04T13:18:32+00:00
57498411ff5c4f1a,362,2026-09-04T13:18:32+00:00
5839174f946840e5,363,2026-09-04T13:18:32+00:00
58b1ae64e4954077,364,2026-09-04T13:18:32+00:00
58b55f93e5d04601,365,2026-09-04T13:18:32+00:00
591ff734f3234c57,366,2026-09-04T13:18:32+00:00
5969cb638ee443af,367,2026-09-04T13:18:32+00:00
5999e12d7ea54963,368,2026-09-04T13:18:32+00:00
59af6ea38b9a4e60,369,2026-09-04T13:18:32+00:00
59b3f3ac12e14cc0,370,2026-09-04T13:18:32+00:00
59deb961c11a4a2f,371,2026-09-04T13:18:32+00:00
5a57eccc47074556,372,2026-09-04T13:18:32+00:00
5a5aacee9a8b4bca,373,2026-09-04T13:18:32+00:00
5a6596e4f23a46a9,374,2026-09-04T13:18:32+00:00
5b289c9e95fa47f6,375,2026-09-04T13:18:32+00:00
5b64420908b448f8,376,2026-09-04T13:18:32+00:00
5b721119a43d474b,377,2026-09-04T13:18:32+00:00
5be9f39d301b4da1,378,2026-09-04T13:18:32+00:00
5c0a0835120745b0,379,2026-09-04T13:18:32+00:00
5c53d732cfec4ded,380,2026-09-04T13:18:32+00:00
5c716cab4b5c43c3,381,2026-09-04T13:18:32+00:00
5cbeeaa8cbe74312,382,2026-09-04T13:18:32+00:00
5d29d2f201654cf4,383,2026-09-04T13:18:32+00:00
5d4d3457befc4a6a,384,2026-09-04T13:18:32+00:00
5d54dd59202249e1,385,2026-09-04T13:18:32+00:00
5e4ce213788547d2,386,2026-09-04T13:18:32+00:00
5ed15b2d8eee4a38,387,2026-09-04T13:18:32+00:00
5f456f3060f34bd0,388,2026-09-04T13:18:32+00:00
5f6067a0bbb94829,389,2026-09-04T13:18:32+00:00
5f6e00b4606f418b,390,2026-09-04T13:18:32+00:00
5f83cdffc74e4da3,391,2026-09-04T13:18:32+00:00
5f8b02c2a7d040a6,392,2026-09-04T13:18:32+00:00
5f90d68b93f145ca,393,2026-09-04T13:18:32+00:00
5fa2e5ece3644590,394,2026-09-04T13:18:32+00:00
5fb34e97d3d6415b,395,2026-09-04T13:18:32+00:00
60559af5d8264f4c,396,2026-09-04T13:18:32+00:00
6059d152dcaf4e76,397,2026-09-04T13:18:32+00:00
60c5b44af716471a,398,2026-09-04T13:18:32+00:00
6108dfe5ff314441,399,2026-09-04T13:18:32+00:00
611d337dc79f4396,400,2026-09-04T13:18:32+00:00
61c4f921ac3b48d6,401,2026-09-04T13:18:32+00:00
6208f648fc834b99,402,2026-09-04T13:18:32+00:00
624b9abab05e4627,403,2026-09-04T13:18:32+00:00
62c623d7c0354f86,404,2026-09-04T13:18:32+00:00
633404f8ff9c43dc,405,2026-09-04T13:18:32+00:00
63680fd129c9410e,406,2026-09-04T13:18:32+00:00
6368144596e4498b,407,2026-09-04T13:18:32+00:00
636b45e90fce499e,408,2026-09-04T13:18:32+00:00
63ca85988c0f4f6d,409,2026-09-04T13:18:32+00:00
63fd3c36ba0942fd,410,2026-09-04T13:18:32+00:00
65a5f76545944dcb,411,2026-09-04T13:18:32+00:00
65b0395a65864090,412,2026-09-04T13:18:32+00:00
66a464e68fae468a,413,2026-09-04T13:18:32+00:00
66cca8bbedc143d4,414,2026-09-04T13:18:32+00:00
66d3c92963d744f1,415,2026-09-04T13:18:32+00:00
6713ab19686a445c,416,2026-09-04T13:18:32+00:00
6724b95f295741a1,417,2026-09-04T13:18:32+00:00
6760cf1f40eb40b7,418,2026-09-04T13:18:32+00:00
678f9e4fa49549f2,419,2026-09-04T13:18:32+00:00
67e4ec137a614979,420,2026-09-04T13:18:32+00:00
67eea727cbec4b61,421,2026-09-04T13:18:32+00:00
683644812bfb465a,422,2026-09-04T13:18:32+00:00
683e6b93902f4747,423,2026-09-04T13:18:32+00:00
68ab30687ebb4036,424,2026-09-04T13:18:32+00:00
68b3d5c83e244536,425,2026-09-04T13:18:32+00:00
68c06b625b3f42ed,426,2026-09-04T13:18:32+00:00
68e28de339db4a92,427,2026-09-04T13:18:32+00:00
6973c714f0b2471e,428,2026-09-04T13:18:32+00:00
69787d3e1c1f4186,429,2026-09-04T13:18:32+00:00
69f68c31b63b4f36,430,2026-09-04T13:18:32+00:00
6a8cc1601301459e,431,2026-09-04T13:18:32+00:00
6ac48e553e654c8b,432,2026-09-04T13:18:32+00:00
6b4f9eb75c754d88,433,2026-09-04T13:18:32+00:00
6b567786ce9140fb,434,2026-09-04T13:18:32+00:00
6b6be7d2b39144fe,435,2026-09-04T13:18:32+00:00
6b8c044be69b4d6e,436,2026-09-04T13:18:32+00:00
6b9109de54224d65,437,2026-09-04T13:18:32+00:00
6bb6bde104f648a8,438,2026-09-04T13:18:32+00:00
6bd03c431505486e,439,2026-09-04T13:18:32+00:00
6bfb6f401fd4443f,440,2026-09-04T13:18:32+00:00
6c225004af5a4f77,441,2026-09-04T13:18:32+00:00
6c259be0f96742bf,442,2026-09-04T13:18:32+00:00
6cf0bd5fc8694ce2,443,2026-09-04T13:18:32+00:00
6cf508464629494e,444,2026-09-04T13:18:32+00:00
6d01513c5b454d4e,445,2026-09-04T13:18:32+00:00
6d0f5247822a4c84,446,2026-09-04T13:18:32+00:00
6d329d7ec224467e,447,2026-09-04T13:18:32+00:00
6da8ab19e3344836,448,2026-09-04T13:18:32+00:00
6dcd24316d794fcd,449,2026-09-04T13:18:32+00:00
6e7559e8c38a4c0f,450,2026-09-04T13:18:32+00:00
6e9208fb6c2b4db4,451,2026-09-04T13:18:32+00:00
6e9a87e95d7e41ac,452,2026-09-04T13:18:32+00:00
6eb6f347b3f64fa0,453,2026-09-04T13:18:32+00:00
6ef4e3f9d6f946ce,454,2026-09-04T13:18:32+00:00
6f6fb88bcc624a93,455,2026-09-04T13:18:32+00:00
6f91e8b86fed4f6e,456,2026-09-04T13:18:32+00:00
6fb2fef8a07b46fe,457,2026-09-04T13:18:32+00:00
6fb9b99fb5b64fca,458,2026-09-04T13:18:32+00:00
6fc07d5db5204454,459,2026-09-04T13:18:32+00:00
6fd584fb94664841,460,2026-09-04T13:18:32+00:00
706a61d3836b4e1c,461,2026-09-04T13:18:32+00:00
716592106ace4a93,462,2026-09-04T13:18:32+00:00
728a3db88afe4efd,463,2026-09-04T13:18:32+00:00
728a9456ae6442cc,464,2026-09-04T13:18:32+00:00
735e7d658a2f4db9,465,2026-09-04T13:18:32+00:00
73bba23f7e8c48cd,466,2026-09-04T13:18:32+00:00
73d6d4bd9cf54f3a,467,2026-09-04T13:18:32+00:00
73fe96f4e6014b13,468,2026-09-04T13:18:32+00:00
73ff16a1553c4416,469,2026-09-04T13:18:32+00:00
740d22824c454ef8,470,2026-09-04T13:18:32+00:00
74705d834f164509,471,2026-09-04T13:18:32+00:00
748ecebb39d74ca2,472,2026-09-04T13:18:32+00:00
74d4bf31a1774a8f,473,2026-09-04T13:18:32+00:00
7584ca17dd8d4455,474,2026-09-04T13:18:32+00:00
75af0b62f7d34e57,475,2026-09-04T13:18:32+00:00
7605a0531a904d54,476,2026-09-04T13:18:32+00:00
762820976e094ae3,477,2026-09-04T13:18:32+00:00
764172208b984b5b,478,2026-09-04T13:18:32+00:00
76708cbe8e7e4c88,479,2026-09-04T13:18:32+00:00
767b623ddbb041be,480,2026-09-04T13:18:32+00:00
76b5ec071c634a60,481,2026-09-04T13:18:32+00:00
76c3de5438aa40f6,482,2026-09-04T13:18:32+00:00
76c6df84cf874afc,483,2026-09-04T13:18:32+00:00
76dafff0482945ae,484,2026-09-04T13:18:32+00:00
7718d9107a034629,485,2026-09-04T13:18:32+00:00
77afea3e9d344bcb,486,2026-09-04T13:18:32+00:00
780036c9d0b14291,487,2026-09-04T13:18:32+00:00
781863f898ef48f2,488,2026-09-04T13:18:32+00:00
7862dcf9096f4f4a,489,2026-09-04T13:18:32+00:00
78c6d7aa51394c3b,490,2026-09-04T13:18:32+00:00
78da633ffe4f48b4,491,2026-09-04T13:18:32+00:00
78f43ab0f99a4505,492,2026-09-04T13:18:32+00:00
7908fc44decf47a2,493,2026-09-04T13:18:32+00:00
792c64edd0bc458f,494,2026-09-04T13:18:32+00:00
794354aeebf44fa8,495,2026-09-04T13:18:32+00:00
797e262e4d544367,496,2026-09-04T13:18:32+00:00
79cee80ee7f14fa8,497,2026-09-04T13:18:32+00:00
7a2295161e004c48,498,2026-09-04T13:18:32+00:00
7a3f1d8807b24f73,499,2026-09-04T13:18:32+00:00
7a5b53c3ee0c4d70,500,2026-09-04T13:18:32+00:00
7ae9328e5b5a45da,501,2026-09-04T13:18:32+00:00
7b8a651f70a64ac2,502,2026-09-04T13:18:32+00:00
7bb2d8f51f214961,503,2026-09-04T13:18:32+00:00
7bc2637791f44ec4,504,2026-09-04T13:18:32+00:00
7bce637c20c84810,505,2026-09-04T13:18:32+00:00
7bde3842df5e44bb,506,2026-09-04T13:18:32+00:00
7cd6f2ae927c4d57,507,2026-09-04T13:18:32+00:00
7d8d0240d43d4939,508,2026-09-04T13:18:32+00:00
7dafdb6f7ef64475,509,2026-09-04T13:18:32+00:00
7db13a56e2c244da,510,2026-09-04T13:18:32+00:00
7e3df803fa884221,511,2026-09-04T13:18:32+00:00
7e64606cd0ed4649,512,2026-09-04T13:18:32+00:00
7eb2792f4f38460b,513,2026-09-04T13:18:32+00:00
7ec5ee11e5694fbe,514,2026-09-04T13:18:32+00:00
7ee4946bdabf4d23,515,2026-09-04T13:18:32+00:00
7ef2bec6eba143d6,516,2026-09-04T13:18:32+00:00
7f7bdab5fe7245b3,517,2026-09-04T13:18:32+00:00
80a54511c55643bb,518,2026-09-04T13:18:32+00:00
80c0b731f92c4156,519,2026-09-04T13:18:32+00:00
80ec264a3679455f,520,2026-09-04T13:18:32+00:00
813edf1fac8444fe,521,2026-09-04T13:18:32+00:00
8147f5f16e5a4d63,522,2026-09-04T13:18:32+00:00
81500b5903c54600,523,2026-09-04T13:18:32+00:00
818418ead4f74c4d,524,2026-09-04T13:18:32+00:00
81b8bc147222465d,525,2026-09-04T13:18:32+00:00
82c7ead2caae47fd,526,2026-09-04T13:18:32+00:00
82f2bf34f23a4658,527,2026-09-04T13:18:32+00:00
83765099912a4379,528,2026-09-04T13:18:32+00:00
837c170034074ebd,529,2026-09-04T13:18:32+00:00
83d335df6e054d64,530,2026-09-04T13:18:32+00:00
83fd0fb1e2c74451,531,2026-09-04T13:18:32+00:00
849a87842aa14d42,532,2026-09-04T13:18:32+00:00
84c5b792527245f9,533,2026-09-04T13:18:32+00:00
85023afe548340cb,534,2026-09-04T13:18:32+00:00
8530a9fab9164c1b,535,2026-09-04T13:18:32+00:00
85c6a824a98c43e5,536,2026-09-04T13:18:32+00:00
8697a113caa549f8,537,2026-09-04T13:18:32+00:00
86e2c3f1328c4cae,538,2026-09-04T13:18:32+00:00
8740e8522de9439d,539,2026-09-04T13:18:32+00:00
874820cfa1c4461f,540,2026-09-04T13:18:32+00:00
875c2dcb9c7a43f0,541,2026-09-04T13:18:32+00:00
876186a1a34d4caa,542,2026-09-04T13:18:32+00:00
87922ac286054f92,543,2026-09-04T13:18:32+00:00
87c58d02982642e9,544,2026-09-04T13:18:32+00:00
88047c8bc1924c72,545,2026-09-04T13:18:32+00:00
8858219adb334a3a,546,2026-09-04T13:18:32+00:00
885ec6c6b7f34779,547,2026-09-04T13:18:32+00:00
88c11ceb28cd4bac,548,2026-09-04T13:18:32+00:00
88e1ae8e973e463e,549,2026-09-04T13:18:32+00:00
8900176bc3284179,550,2026-09-04T13:18:32+00:00
8911b11691c64302,551,2026-09-04T13:18:32+00:00
8943bb609dff401f,552,2026-09-04T13:18:32+00:00
895289aa89564376,553,2026-09-04T13:18:32+00:00
8953bdac19d7443b,554,2026-09-04T13:18:32+00:00
896e39b2e9fd49db,555,2026-09-04T13:18:32+00:00
899b57df02a94d7c,556,2026-09-04T13:18:32+00:00
8a2f6bbdc5df4c86,557,2026-09-04T13:18:32+00:00
8a8e98c6064e4630,558,2026-09-04T13:18:32+00:00
8ad4cf15800043eb,559,2026-09-04T13:18:32+00:00
8adaf17d83bb4918,560,2026-09-04T13:18:32+00:00
8af6754cc5ad4b7f,561,2026-09-04T13:18:32+00:00
8b3914f0f06a4462,562,2026-09-04T13:18:32+00:00
8b83421945cb4cc2,563,2026-09-04T13:18:32+00:00
8ce4f2ec4fef4f44,564,2026-09-04T13:18:32+00:00
8ceb3688989941d9,565,2026-09-04T13:18:32+00:00
8d1fc06059dd4744,566,2026-09-04T13:18:32+00:00
8d6ab1aa8b074df3,567,2026-09-04T13:18:32+00:00
8d889ebd73d14cf1,568,2026-09-04T13:18:32+00:00
8e5250162b934993,569,2026-09-04T13:18:32+00:00
8e7b6530500f4c2b,570,2026-09-04T13:18:32+00:00
8ed3830ae021433c,571,2026-09-04T13:18:32+00:00
8edec4671dbd4203,572,2026-09-04T13:18:32+00:00
8ef60882b0254fd5,573,2026-09-04T13:18:32+00:00
8f4132e514f14d9c,574,2026-09-04T13:18:32+00:00
8f83048ca01e4eff,575,2026-09-04T13:18:32+00:00
8f8eef8fe7a04f3f,576,2026-09-04T13:18:32+00:00
8f9a70f4b3f14452,577,2026-09-04T13:18:32+00:00
8fdcac0f62f544d7,578,2026-09-04T13:18:32+00:00
900a737f469044dd,579,2026-09-04T13:18:32+00:00
901210850843fe5a,580,2026-09-04T13:18:32+00:00
902a4c55d20f4d70,581,2026-09-04T13:18:32+00:00
906a416fef20479e,582,2026-09-04T13:18:32+00:00
909d04e8ec8d44e4,583,2026-09-04T13:18:32+00:00
90ce5ecfa6c04c3e,584,2026-09-04T13:18:32+00:00
90e5762063eb41fa,585,2026-09-04T13:18:32+00:00
90ed0688ada74f45,586,2026-09-04T13:18:32+00:00
915f8379e7e849c5,587,2026-09-04T13:18:32+00:00
91a15a9474904b18,588,2026-09-04T13:18:32+00:00
91b55c71387a4218,589,2026-09-04T13:18:32+00:00
92551199a8d5412d,590,2026-09-04T13:18:32+00:00
931150e2185741e0,591,2026-09-04T13:18:32+00:00
9328b6269b9e43b2,592,2026-09-04T13:18:32+00:00
93cf2465bd7d40bd,593,2026-09-04T13:18:32+00:00
93d5690ee0f048fd,594,2026-09-04T13:18:32+00:00
9439b833eabd4021,595,2026-09-04T13:18:32+00:00
9458064493ee4455,596,2026-09-04T13:18:32+00:00
94d06367b17647a6,597,2026-09-04T13:18:32+00:00
95931ef0ce894e76,598,2026-09-04T13:18:32+00:00
95eacb5268b3417e,599,2026-09-04T13:18:32+00:00
962cfcf663de48ef,600,2026-09-04T13:18:32+00:00
96be777505a74b24,601,2026-09-04T13:18:32+00:00
96f26ca92cfd4ca0,602,2026-09-04T13:18:32+00:00
970b619524924039,603,2026-09-04T13:18:32+00:00
97769c160e00468b,604,2026-09-04T13:18:32+00:00
97df66eb637f4e16,605,2026-09-04T13:18:32+00:00
98420f05a9244207,606,2026-09-04T13:18:32+00:00
9852ca53934c4c5c,607,2026-09-04T13:18:32+00:00
9855c2d72fa6436e,608,2026-09-04T13:18:32+00:00
986cd90146b347d3,609,2026-09-04T13:18:32+00:00
989ef892b49b4778,610,2026-09-04T13:18:32+00:00
98a3659d1a624ab9,611,2026-09-04T13:18:32+00:00
98d3321e86a04d33,612,2026-09-04T13:18:32+00:00
98e733dd6e05468e,613,2026-09-04T13:18:32+00:00
990d475250964175,614,2026-09-04T13:18:32+00:00
997ca3a120ff40aa,615,2026-09-04T13:18:32+00:00
99c24aea15774442,616,2026-09-04T13:18:32+00:00
9a11565847c04b09,617,2026-09-04T13:18:32+00:00
9a40cb63977d4b9f,618,2026-09-04T13:18:32+00:00
9a444fa1dc2c4520,619,2026-09-04T13:18:32+00:00
9a53a10b603e479c,620,2026-09-04T13:18:32+00:00
9a5ada5ee16f4ac4,621,2026-09-04T13:18:32+00:00
9aa5f6840a9c4f04,622,2026-09-04T13:18:32+00:00
9b20a47ae3ea4b65,623,2026-09-04T13:18:32+00:00
9b353250673741af,624,2026-09-04T13:18:32+00:00
9c46c056832f4fec,625,2026-09-04T13:18:32+00:00
9c760bce054e4d29,626,2026-09-04T13:18:32+00:00
9c84bf60ba7e4910,627,2026-09-04T13:18:32+00:00
9cb84e8a812b4505,628,2026-09-04T13:18:32+00:00
9ce7aeaa3fb04a7d,629,2026-09-04T13:18:32+00:00
9d1ae2ced5f4408b,630,2026-09-04T13:18:32+00:00
9d27300be770446f,631,2026-09-04T13:18:32+00:00
9d68496dc5144322,632,2026-09-04T13:18:32+00:00
9dca7d0c92e84bae,633,2026-09-04T13:18:32+00:00
9de0d2b885a7448c,634,2026-09-04T13:18:32+00:00
9e00d9e7c13d4e6b,635,2026-09-04T13:18:32+00:00
9e082262f63742b6,636,2026-09-04T13:18:32+00:00
9e247005010342e7,637,2026-09-04T13:18:32+00:00
9e78a844abc04bc6,638,2026-09-04T13:18:32+00:00
9f4f898f79e84b1f,639,2026-09-04T13:18:32+00:00
9f9bf53bfe804c07,640,2026-09-04T13:18:32+00:00
9fa54585249c4142,641,2026-09-04T13:18:32+00:00
9fc19c8601444fc7,642,2026-09-04T13:18:32+00:00
a0396b32cfa149d1,643,2026-09-04T13:18:32+00:00
a06f0e3ecd0e4d7f,644,2026-09-04T13:18:32+00:00
a1167d12896e4286,645,2026-09-04T13:18:32+00:00
a14c4abfb9e44730,646,2026-09-04T13:18:32+00:00
a171c7da80634b5a,647,2026-09-04T13:18:32+00:00
a1a01809c0394dd0,648,2026-09-04T13:18:32+00:00
a1c727ad2ecc4b27,649,2026-09-04T13:18:32+00:00
a23ca6efd6c64349,650,2026-09-04T13:18:32+00:00
a2ecd078b05e4d2b,651,2026-09-04T13:18:32+00:00
a31423b2456a4e40,652,2026-09-04T13:18:32+00:00
a365cd8f9df54f2d,653,2026-09-04T13:18:32+00:00
a3969479c206410f,654,2026-09-04T13:18:32+00:00
a3af98bd8d0d4243,655,2026-09-04T13:18:32+00:00
a3b8c5a0f8f14d37,656,2026-09-04T13:18:32+00:00
a3e66b1bbdc745f3,657,2026-09-04T13:18:32+00:00
a3ec557798434acc,658,2026-09-04T13:18:32+00:00
a4033da63bc34c99,659,2026-09-04T13:18:32+00:00
a45489be9b8d438e,660,2026-09-04T13:18:32+00:00
a49ef45aec5249bc,661,2026-09-04T13:18:32+00:00
a549c3786d6c477e,662,2026-09-04T13:18:32+00:00
a567bd2c22084328,663,2026-09-04T13:18:32+00:00
a5c101500fbf4185,664,2026-09-04T13:18:32+00:00
a5f0119deab74cc1,665,2026-09-04T13:18:32+00:00
a60801ad521c4fbc,666,2026-09-04T13:18:32+00:00
a63fc5d618f6400b,667,2026-09-04T13:18:32+00:00
a65956765250485f,668,2026-09-04T13:18:32+00:00
a665d0551c264f30,669,2026-09-04T13:18:32+00:00
a6e4570fc58e4a6a,670,2026-09-04T13:18:32+00:00
a78c27ba168146dc,671,2026-09-04T13:18:32+00:00
a7bf2d9f3ec94d65,672,2026-09-04T13:18:32+00:00
a7d20afc33d94b4a,673,2026-09-04T13:18:32+00:00
a81074314f20461a,674,2026-09-04T13:18:32+00:00
a819d6e589564773,675,2026-09-04T13:18:32+00:00
a83905a771114e33,676,2026-09-04T13:18:32+00:00
a8802f634cf34583,677,2026-09-04T13:18:32+00:00
a884fbe6fae5449e,678,2026-09-04T13:18:32+00:00
a8a35f1a4bdd47cc,679,2026-09-04T13:18:32+00:00
a8dada44fb954fd0,680,2026-09-04T13:18:32+00:00
a939958de3dc4cd1,681,2026-09-04T13:18:32+00:00
a9d7d639adb54205,682,2026-09-04T13:18:32+00:00
aa0777455e6345bc,683,2026-09-04T13:18:32+00:00
aa20b84ddde24bc3,684,2026-09-04T13:18:32+00:00
aa2b347c4c434693,685,2026-09-04T13:18:32+00:00
aa4839cba7d44764,686,2026-09-04T13:18:32+00:00
aac562ef140d47e8,687,2026-09-04T13:18:32+00:00
aacc98c0d1784abc,688,2026-09-04T13:18:32+00:00
aaf6e0882f664a64,689,2026-09-04T13:18:32+00:00
ab5ac1afcef343fc,690,2026-09-04T13:18:32+00:00
ab896e0e78ee43ca,691,2026-09-04T13:18:32+00:00
ab97b46a64db4048,692,2026-09-04T13:18:32+00:00
ab9f6395dffd42e4,693,2026-09-04T13:18:32+00:00
ac6cb4576551429c,694,2026-09-04T13:18:32+00:00
ac9734a947784c9e,695,2026-09-04T13:18:32+00:00
ac994b9675f34df4,696,2026-09-04T13:18:32+00:00
acb65a9992e643f7,697,2026-09-04T13:18:32+00:00
acdcc87ebc02423c,698,2026-09-04T13:18:32+00:00
acfa8bc72b1f4f48,699,2026-09-04T13:18:32+00:00
ad0567387fdf4fd3,700,2026-09-04T13:18:32+00:00
ad11c78a3bbc4dc9,701,2026-09-04T13:18:32+00:00
ad7a7e4a93994c6a,702,2026-09-04T13:18:32+00:00
adbe62d454644a34,703,2026-09-04T13:18:32+00:00
ae0e15beeae04a0d,704,2026-09-04T13:18:32+00:00
ae351ecc1ed44dca,705,2026-09-04T13:18:32+00:00
ae4104392fd94c81,706,2026-09-04T13:18:32+00:00
ae7a9d50f1c04eae,707,2026-09-04T13:18:32+00:00
aecbccba6dfc4be0,708,2026-09-04T13:18:32+00:00
aef53e10818545cb,709,2026-09-04T13:18:32+00:00
af2a1ca2bdeb41e4,710,2026-09-04T13:18:32+00:00
af9fbb1b9f1e4500,711,2026-09-04T13:18:32+00:00
b029d83eb920456d,712,2026-09-04T13:18:32+00:00
b04dcff5ca2b43e7,713,2026-09-04T13:18:32+00:00
b064b2a763b94205,714,2026-09-04T13:18:32+00:00
b08357c2711b4f19,715,2026-09-04T13:18:32+00:00
b08bed1c6e474a00,716,2026-09-04T13:18:32+00:00
b1e0d6e02bb243b9,717,2026-09-04T13:18:32+00:00
b248563100d148d4,718,2026-09-04T13:18:32+00:00
b27244ffffd64955,719,2026-09-04T13:18:32+00:00
b2a7704c8a624030,720,2026-09-04T13:18:32+00:00
b2d2a9df1b394ab3,721,2026-09-04T13:18:32+00:00
b35d033eb3a24aec,722,2026-09-04T13:18:32+00:00
b3633c961f83445b,723,2026-09-04T13:18:32+00:00
b3669ff35cd042cc,724,2026-09-04T13:18:32+00:00
b3d2e48927fe47ad,725,2026-09-04T13:18:32+00:00
b3fa495906b648f5,726,2026-09-04T13:18:32+00:00
b416e7e5696947b4,727,2026-09-04T13:18:32+00:00
b4416c30ec344564,728,2026-09-04T13:18:32+00:00
b46065b3859b46b9,729,2026-09-04T13:18:32+00:00
b471fc0b465243ac,730,2026-09-04T13:18:32+00:00
b492ea1136164195,731,2026-09-04T13:18:32+00:00
b5528571649e4397,732,2026-09-04T13:18:32+00:00
b55c8a0cc1084053,733,2026-09-04T13:18:32+00:00
b590795d40584a98,734,2026-09-04T13:18:32+00:00
b5d549c302b143df,735,2026-09-04T13:18:32+00:00
b616049fc6ca4457,736,2026-09-04T13:18:32+00:00
b6194626107c4891,737,2026-09-04T13:18:32+00:00
b64ad38df48543c3,738,2026-09-04T13:18:32+00:00
b668ccfbe3054258,739,2026-09-04T13:18:32+00:00
b669307dbae849a9,740,2026-09-04T13:18:32+00:00
b6991656ad5b45be,741,2026-09-04T13:18:32+00:00
b6bea61dad24451e,742,2026-09-04T13:18:32+00:00
b6d3842bc252423c,743,2026-09-04T13:18:32+00:00
b71adc33a2894c50,744,2026-09-04T13:18:32+00:00
b76d3229da264573,745,2026-09-04T13:18:32+00:00
b7bd9fba8f3043fc,746,2026-09-04T13:18:32+00:00
b7be56c06d4c4fed,747,2026-09-04T13:18:32+00:00
b8335ca4dd244e6e,748,2026-09-04T13:18:32+00:00
b858b8b0d5534d73,749,2026-09-04T13:18:32+00:00
b892eb4f62ba4477,750,2026-09-04T13:18:32+00:00
b8a4806bb6b44c89,751,2026-09-04T13:18:32+00:00
b8bd68da29a44e9d,752,2026-09-04T13:18:32+00:00
b96674a877974554,753,2026-09-04T13:18:32+00:00
b99b89e36e044b36,754,2026-09-04T13:18:32+00:00
b9a34bee020c4638,755,2026-09-04T13:18:32+00:00
b9a3fa324bac41cf,756,2026-09-04T13:18:32+00:00
b9f82b60b0024722,757,2026-09-04T13:18:32+00:00
ba1e519b4395445f,758,2026-09-04T13:18:32+00:00
ba26cbafdae44c06,759,2026-09-04T13:18:32+00:00
ba624c0de59e4121,760,2026-09-04T13:18:32+00:00
baa198da8cfb4279,761,2026-09-04T13:18:32+00:00
bb4f42b8848f4570,762,2026-09-04T13:18:32+00:00
bb52ba68f1624918,763,2026-09-04T13:18:32+00:00
bb9fb66803784c69,764,2026-09-04T13:18:32+00:00
bbf73c235953459f,765,2026-09-04T13:18:32+00:00
bc24a340d52c4d2d,766,2026-09-04T13:18:32+00:00
bd4266dee19f4128,767,2026-09-04T13:18:32+00:00
bd9ddac513894899,768,2026-09-04T13:18:32+00:00
be52c8723f6c4bcd,769,2026-09-04T13:18:32+00:00
beaa6f3ae42e4047,770,2026-09-04T13:18:32+00:00
bede02904b4a418c,771,2026-09-04T13:18:32+00:00
beeb3435bf6a4842,772,2026-09-04T13:18:32+00:00
bf34c7d45ed64b5d,773,2026-09-04T13:18:32+00:00
bf9da9d9ae1e45ba,774,2026-09-04T13:18:32+00:00
c0186615b30843ca,775,2026-09-04T13:18:32+00:00
c02feb39c107468a,776,2026-09-04T13:18:32+00:00
c072db1c63954855,777,2026-09-04T13:18:32+00:00
c0ab10c8516d413d,778,2026-09-04T13:18:32+00:00
c147c442284247dd,779,2026-09-04T13:18:32+00:00
c21eb0de90a74140,780,2026-09-04T13:18:32+00:00
c302b9bcdafa4078,781,2026-09-04T13:18:32+00:00
c330c87314a34bff,782,2026-09-04T13:18:32+00:00
c3666926493b4294,783,2026-09-04T13:18:32+00:00
c3a85e3d447b45e0,784,2026-09-04T13:18:32+00:00
c3ab46a2fb654890,785,2026-09-04T13:18:32+00:00
c43811f183e44b36,786,2026-09-04T13:18:32+00:00
c4c5cec6562e4dbc,787,2026-09-04T13:18:32+00:00
c4fe84a69b434500,788,2026-09-04T13:18:32+00:00
c50459141a4743e4,789,2026-09-04T13:18:32+00:00
c516e56a34dd4ed6,790,2026-09-04T13:18:32+00:00
c51b3a8df7a943e5,791,2026-09-04T13:18:32+00:00
c5e70d0109dc4475,792,2026-09-04T13:18:32+00:00
c5edd49d5cd54703,793,2026-09-04T13:18:32+00:00
c6422e8137914c66,794,2026-09-04T13:18:32+00:00
c69dccb994524226,795,2026-09-04T13:18:32+00:00
c6d361ba3f664cba,796,2026-09-04T13:18:32+00:00
c6e0f987af5f405c,797,2026-09-04T13:18:32+00:00
c72a4674e228455b,798,2026-09-04T13:18:32+00:00
c7510e5687cb4c84,799,2026-09-04T13:18:32+00:00
c7e1c99a13ee41c2,800,2026-09-04T13:18:32+00:00
c7e71ad2ec194622,801,2026-09-04T13:18:32+00:00
c81abb31810542d4,802,2026-09-04T13:18:32+00:00
c827b94d1f274eb2,803,2026-09-04T13:18:32+00:00
c8947836f0594657,804,2026-09-04T13:18:32+00:00
c996607c6666457f,805,2026-09-04T13:18:32+00:00
c99cd6136a7d47ef,806,2026-09-04T13:18:32+00:00
c9bc4844f8e1450f,807,2026-09-04T13:18:32+00:00
c9cfa3cc5c7c4484,808,2026-09-04T13:18:32+00:00
ca0dd66b895f4a59,809,2026-09-04T13:18:32+00:00
ca6b45e900684838,810,2026-09-04T13:18:32+00:00
cb2c7b8c51c74cda,811,2026-09-04T13:18:32+00:00
cbb35fde74424e3b,812,2026-09-04T13:18:32+00:00
cbb66a6ce576411f,813,2026-09-04T13:18:32+00:00
cc2677ab5b474afa,814,2026-09-04T13:18:32+00:00
cc6ed8d5f1f74846,815,2026-09-04T13:18:32+00:00
cc8af9756348487a,816,2026-09-04T13:18:32+00:00
ccb858551300431b,817,2026-09-04T13:18:32+00:00
ccb9a40f28c34845,818,2026-09-04T13:18:32+00:00
ccfadb4663034f11,819,2026-09-04T13:18:32+00:00
cd8342d2c2224172,820,2026-09-04T13:18:32+00:00
d0147a51084243fa,821,2026-09-04T13:18:32+00:00
d0436566ff2e450e,822,2026-09-04T13:18:32+00:00
d0503d19c3aa4fce,823,2026-09-04T13:18:32+00:00
d0565caee13c4055,824,2026-09-04T13:18:32+00:00
d1353041455144c2,825,2026-09-04T13:18:32+00:00
d181d014acfa4e07,826,2026-09-04T13:18:32+00:00
d183757dc9c64ac5,827,2026-09-04T13:18:32+00:00
d1fa445415424ebe,828,2026-09-04T13:18:32+00:00
d240953490604533,829,2026-09-04T13:18:32+00:00
d2b955a3429a4df4,830,2026-09-04T13:18:32+00:00
d2d872becad84975,831,2026-09-04T13:18:32+00:00
d306479bbb534baa,832,2026-09-04T13:18:32+00:00
d336c78afee34f9d,833,2026-09-04T13:18:32+00:00
d391fd296de4403b,834,2026-09-04T13:18:32+00:00
d4827880f2bf4467,835,2026-09-04T13:18:32+00:00
d4a7be16449d4a93,836,2026-09-04T13:18:32+00:00
d51514205f734266,837,2026-09-04T13:18:32+00:00
d5176bdb7bd74149,838,2026-09-04T13:18:32+00:00
d5c379c4ad0745e5,839,2026-09-04T13:18:32+00:00
d5e0052861384167,840,2026-09-04T13:18:32+00:00
d633098bb68945ff,841,2026-09-04T13:18:32+00:00
d64f427d471c411b,842,2026-09-04T13:18:32+00:00
d66ad33664e841d6,843,2026-09-04T13:18:32+00:00
d6d24082c6614e6c,844,2026-09-04T13:18:32+00:00
d710d56cbf324ae4,845,2026-09-04T13:18:32+00:00
d75dc1bf072a40ce,846,2026-09-04T13:18:32+00:00
d7be01bd0c5e46fc,847,2026-09-04T13:18:32+00:00
d7ee8895812543a0,848,2026-09-04T13:18:32+00:00
d82e86ad36ea407f,849,2026-09-04T13:18:32+00:00
d8be23e7d595461a,850,2026-09-04T13:18:32+00:00
d8bf32bea281498c,851,2026-09-04T13:18:32+00:00
d934d86a75ec4b61,852,2026-09-04T13:18:32+00:00
d96fe6eab154415f,853,2026-09-04T13:18:32+00:00
da1c5343eceb4c64,854,2026-09-04T13:18:32+00:00
da57346bcbbb4e4e,855,2026-09-04T13:18:32+00:00
da81218d12334313,856,2026-09-04T13:18:32+00:00
dad457e485734fec,857,2026-09-04T13:18:32+00:00
db2c94d8fc4e46ca,858,2026-09-04T13:18:32+00:00
db542b5a15894c80,859,2026-09-04T13:18:32+00:00
db6de0b119eb4f2c,860,2026-09-04T13:18:32+00:00
dbe5e3ebf0b04764,861,2026-09-04T13:18:32+00:00
dc54a4bf27594663,862,2026-09-04T13:18:32+00:00
dcdaff98673e409a,863,2026-09-04T13:18:32+00:00
dcef8ad42ca043be,864,2026-09-04T13:18:32+00:00
dd40792ee07947b0,865,2026-09-04T13:18:32+00:00
ddbc5e14feaf4019,866,2026-09-04T13:18:32+00:00
ddbdb72490c940c4,867,2026-09-04T13:18:32+00:00
ddd114466d6b4ed2,868,2026-09-04T13:18:32+00:00
ddf7cd2227be4c09,869,2026-09-04T13:18:32+00:00
de726747f3d6442c,870,2026-09-04T13:18:32+00:00
dedc1b5c4713458a,871,2026-09-04T13:18:32+00:00
df7acadaf7284f84,872,2026-09-04T13:18:32+00:00
dfac010c1969420d,873,2026-09-04T13:18:32+00:00
e052310da66b412a,874,2026-09-04T13:18:32+00:00
e090df7f08b44cd6,875,2026-09-04T13:18:32+00:00
e095456dfed040ba,876,2026-09-04T13:18:32+00:00
e09b72f3643c4446,877,2026-09-04T13:18:32+00:00
e09fd006d3ed442f,878,2026-09-04T13:18:32+00:00
e0a35519a6554a8d,879,2026-09-04T13:18:32+00:00
e0c55eb4cccb49f8,880,2026-09-04T13:18:32+00:00
e1898e5f864a495d,881,2026-09-04T13:18:32+00:00
e1d54b4a3c45403d,882,2026-09-04T13:18:32+00:00
e2452b8eecc64397,883,2026-09-04T13:18:32+00:00
e2aab14e6efa4399,884,2026-09-04T13:18:32+00:00
e2bf2e7b6f5540ae,885,2026-09-04T13:18:32+00:00
e32e76e53b7e4f44,886,2026-09-04T13:18:32+00:00
e355e660f37a4b89,887,2026-09-04T13:18:32+00:00
e370e708c0fb4abf,888,2026-09-04T13:18:32+00:00
e38dbbf404ae4847,889,2026-09-04T13:18:32+00:00
e3b940cb5e3c4f3e,890,2026-09-04T13:18:32+00:00
e3f3904e07a84226,891,2026-09-04T13:18:32+00:00
e441d24105e44115,892,2026-09-04T13:18:32+00:00
e4b1a12c739d4907,893,2026-09-04T13:18:32+00:00
e4b27cdda6284b76,894,2026-09-04T13:18:32+00:00
e4ed89b389bf49ff,895,2026-09-04T13:18:32+00:00
e5334f0b636746ad,896,2026-09-04T13:18:32+00:00
e5864d8df41f4c07,897,2026-09-04T13:18:32+00:00
e5c4e6073e29495b,898,2026-09-04T13:18:32+00:00
e5d3314b67974c61,899,2026-09-04T13:18:32+00:00
e5d50ea1b9be436e,900,2026-09-04T13:18:32+00:00
e5efa7527b384571,901,2026-09-04T13:18:32+00:00
e5f33c398a144b4d,902,2026-09-04T13:18:32+00:00
e624eed8044a4c16,903,2026-09-04T13:18:32+00:00
e629037905f64bc2,904,2026-09-04T13:18:32+00:00
e74b04e7acf84bcf,905,2026-09-04T13:18:32+00:00
e75189c825414232,906,2026-09-04T13:18:32+00:00
e7647e09c8c54852,907,2026-09-04T13:18:32+00:00
e772483edee743f2,908,2026-09-04T13:18:32+00:00
e784968b54c24e55,909,2026-09-04T13:18:32+00:00
e825f108f56f4750,910,2026-09-04T13:18:32+00:00
e844d45e3a21494d,911,2026-09-04T13:18:32+00:00
e848c37fcc6b470b,912,2026-09-04T13:18:32+00:00
e8bae54de8d14c0e,913,2026-09-04T13:18:32+00:00
e8df4c63350849aa,914,2026-09-04T13:18:32+00:00
e93ae68e698f45c8,915,2026-09-04T13:18:32+00:00
ea45baddaec04ce8,916,2026-09-04T13:18:32+00:00
ea607749673f41a4,917,2026-09-04T13:18:32+00:00
eb6b776245a7461f,918,2026-09-04T13:18:32+00:00
eb6bf188706c47ed,919,2026-09-04T13:18:32+00:00
ebbd9a9b85ec4fcc,920,2026-09-04T13:18:32+00:00
ebeb06fccb1343ec,921,2026-09-04T13:18:32+00:00
ec2c3ab1a5ce437b,922,2026-09-04T13:18:32+00:00
ec37c0f7780e4d8d,923,2026-09-04T13:18:32+00:00
ec3cc80c791b4b05,924,2026-09-04T13:18:32+00:00
ec7ded876c1f4fa2,925,2026-09-04T13:18:32+00:00
ecacb528d8d048eb,926,2026-09-04T13:18:32+00:00
ecba5a0d74834d24,927,2026-09-04T13:18:32+00:00
ed3d2665bd564e7b,928,2026-09-04T13:18:32+00:00
ed47383dfbcd42ba,929,2026-09-04T13:18:32+00:00
ed55fc3de9f442e8,930,2026-09-04T13:18:32+00:00
ed5a134e56d74a19,931,2026-09-04T13:18:32+00:00
ed8b55803f044b03,932,2026-09-04T13:18:32+00:00
ee02c301298e4c91,933,2026-09-04T13:18:32+00:00
ee0b6622542f4de0,934,2026-09-04T13:18:32+00:00
ee7b665f257d4cdc,935,2026-09-04T13:18:32+00:00
efb9ea9baf9a4baa,936,2026-09-04T13:18:32+00:00
efc434ad20734fbd,937,2026-09-04T13:18:32+00:00
f007653a92f4489b,938,2026-09-04T13:18:32+00:00
f036078a8e8d45de,939,2026-09-04T13:18:32+00:00
f06054afe3d145b7,940,2026-09-04T13:18:32+00:00
f0e51050d62b4350,941,2026-09-04T13:18:32+00:00
f118421cfe59423c,942,2026-09-04T13:18:32+00:00
f1697f4535aa4744,943,2026-09-04T13:18:32+00:00
f2010500836a44ce,944,2026-09-04T13:18:32+00:00
f279e7b789d04187,945,2026-09-04T13:18:32+00:00
f2dbc3366bbb4a3b,946,2026-09-04T13:18:32+00:00
f2ee8194cc2c4299,947,2026-09-04T13:18:32+00:00
f3c36706a7dd4b9e,948,2026-09-04T13:18:32+00:00
f3e3c33e069143c1,949,2026-09-04T13:18:32+00:00
f41908195366472f,950,2026-09-04T13:18:32+00:00
f4426107f58f48fb,951,2026-09-04T13:18:32+00:00
f44b93cd2d25413b,952,2026-09-04T13:18:32+00:00
f486717e30334237,953,2026-09-04T13:18:32+00:00
f4a0857cf71a40f7,954,2026-09-04T13:18:32+00:00
f505fc8386cc416c,955,2026-09-04T13:18:32+00:00
f542c9a282a645c0,956,2026-09-04T13:18:32+00:00
f5f8a3798b904d68,957,2026-09-04T13:18:32+00:00
f66eff7abc0c47ea,958,2026-09-04T13:18:32+00:00
f7717dfda4cc4b07,959,2026-09-04T13:18:32+00:00
f7b11f0761ed48a8,960,2026-09-04T13:18:32+00:00
f7cd6d5a21a447c7,961,2026-09-04T13:18:32+00:00
f8548a6a9ecf4eb9,962,2026-09-04T13:18:32+00:00
f8682e462aa64b65,963,2026-09-04T13:18:32+00:00
f8d872cf547a47bc,964,2026-09-04T13:18:32+00:00
f8e3bfba492241e6,965,2026-09-04T13:18:32+00:00
f8f1121ca9af4f98,966,2026-09-04T13:18:32+00:00
f91de4652bd14f9e,967,2026-09-04T13:18:32+00:00
f92123b0b88c4534,968,2026-09-04T13:18:32+00:00
f936458796934a5a,969,2026-09-04T13:18:32+00:00
f945d8fb597f48e3,970,2026-09-04T13:18:32+00:00
f995fffd9d734f0b,971,2026-09-04T13:18:32+00:00
f9ab4cd535794d45,972,2026-09-04T13:18:32+00:00
f9be8b69e27d4be0,973,2026-09-04T13:18:32+00:00
f9ec02988c2548d9,974,2026-09-04T13:18:32+00:00
fa1a5c5045e64deb,975,2026-09-04T13:18:32+00:00
fa23563952a94560,976,2026-09-04T13:18:32+00:00
fa33b2f5a5aa46ee,977,2026-09-04T13:18:32+00:00
fa3b24043fc24b50,978,2026-09-04T13:18:32+00:00
fa6b5205839e4337,979,2026-09-04T13:18:32+00:00
faacfa58697047f4,980,2026-09-04T13:18:32+00:00
fb62ed322c3d466b,981,2026-09-04T13:18:32+00:00
fbd70e93a40a463f,982,2026-09-04T13:18:32+00:00
fbe1e53f99f84675,983,2026-09-04T13:18:32+00:00
fbfded3cbd5f4d47,984,2026-09-04T13:18:32+00:00
fc06387908314122,985,2026-09-04T13:18:32+00:00
fcc39ed394334c9f,986,2026-09-04T13:18:32+00:00
fcd28a9933054ca8,987,2026-09-04T13:18:32+00:00
fce3f34e441a4713,988,2026-09-04T13:18:32+00:00
fcf7a4e877c6447c,989,2026-09-04T13:18:32+00:00
fd2cdd0ca4154141,990,2026-09-04T13:18:32+00:00
fdd1eb153e294519,991,2026-09-04T13:18:32+00:00
fdeff68322b146d9,992,2026-09-04T13:18:32+00:00
fe2426a129704bd7,993,2026-09-04T13:18:32+00:00
fe7a98b749534457,994,2026-09-04T13:18:32+00:00
fe8a8a9834ad471e,995,2026-09-04T13:18:32+00:00
fe99183a7c114bd6,996,2026-09-04T13:18:32+00:00
ff8d78de4c064f44,997,2026-09-04T13:18:32+00:00
ff9213562669451e,998,2026-09-04T13:18:32+00:00
ff943ea746cd43e2,999,2026-09-04T13:18:32+00:00
ffdeee36557740d4,1000,2026-09-04T13:18:32+00:00
0f4f0b8d29224c29,1001,2026-09-04T13:18:32+00:00
a5b21212ceb54d24,1002,2026-09-04T13:18:32+00:00
ca54188ba8b048a5,1003,2026-09-04T13:18:32+00:00
26881000ac194e9a,1004,2026-09-04T13:18:32+00:00
eb5a1f785e114886,1005,2026-09-04T13:18:32+00:00
4e83b101a7e94687,1006,2026-09-04T13:18:32+00:00
3ce3bc37200f4920,1007,2026-09-04T13:18:32+00:00
93825dffff6b4439,1008,2026-09-04T13:18:32+00:00
ee335c0dbe4c4d92,1009,2026-09-04T13:18:32+00:00
c2cdcb8db2a442cf,1010,2026-09-04T13:18:32+00:00
546d76659a5b4a55,1011,2026-09-04T13:18:32+00:00
c30629db9f3a4f65,1012,2026-09-04T13:18:32+00:00
efea57b238cf4fd5,1013,2026-09-04T13:18:32+00:00
4e19a19b257f4eef,1014,2026-09-04T13:18:32+00:00
73315e3e05784065,1015,2026-09-04T13:18:32+00:00
2674d1b2b1d749c3,1016,2026-09-04T13:18:32+00:00
d809c73df1254b60,1017,2026-09-04T13:18:32+00:00
9792ba7d04324137,1018,2026-09-04T13:18:32+00:00
7f564220a3b9499b,1019,2026-09-04T13:18:32+00:00
fc61d58f0f694592,1020,2026-09-04T13:18:32+00:00
3ff2b2d7a6fe42e8,1021,2026-09-04T13:18:32+00:00
32471b5048aa4191,1022,2026-09-04T13:18:32+00:00
81a70b5d5de449e0,1023,2026-09-04T13:18:32+00:00
17b592a7a4d34021,1024,2026-09-04T13:18:32+00:00
ca5d8080dde14b44,1025,2026-09-04T13:18:32+00:00
8b86de0d996a4469,1026,2026-09-04T13:18:32+00:00
39455e49e3924a7f,1027,2026-09-04T13:18:32+00:00
379dc79daeba4fdc,1028,2026-09-04T13:18:32+00:00
dfce29fc513e4cec,1029,2026-09-04T13:18:32+00:00
b196ffb11dd746d0,1030,2026-09-04T13:18:32+00:00
bfc9d3a355a74c09,1031,2026-09-04T13:18:32+00:00
645a25616f5a4cce,1032,2026-09-04T13:18:32+00:00
fe02d1bef63c4423,1033,2026-09-04T13:18:32+00:00
af89d16c0c984c97,1034,2026-09-04T13:18:32+00:00
36ff86c76313472c,1035,2026-09-04T13:18:32+00:00
d6dc2070f1c74f02,1036,2026-09-04T13:18:32+00:00
1de19dc69eba41c8,1037,2026-09-04T13:18:32+00:00
0032db4361e349a0,1038,2026-09-04T13:18:32+00:00
94fd57c8c54241a9,1039,2026-09-04T13:18:32+00:00
48603bcaf4af47d7,1040,2026-09-04T13:18:32+00:00
1c9cb3c9ad604cd0,1041,2026-09-04T13:18:32+00:00
ba14dfc2a38a44de,1042,2026-09-04T13:18:32+00:00
2ecd772dfe6d492a,1043,2026-09-04T13:18:32+00:00
83ab5ed1251a45fc,1044,2026-09-04T13:18:32+00:00
99fdb6699ffb44f8,1045,2026-09-04T13:18:32+00:00
453b69ea45e74e97,1046,2026-09-04T13:18:32+00:00
c69fff0f48da44e4,1047,2026-09-04T13:18:32+00:00
de396e5ee6e44cf2,1048,2026-09-04T13:18:32+00:00
3e9da2c1181948fa,1049,2026-09-04T13:18:32+00:00
7be78cdc7a9142f8,1050,2026-09-04T13:18:32+00:00
91fc1f7c78754ab2,1051,2026-09-04T13:18:32+00:00
9ebadd4f226849c9,1052,2026-09-04T13:18:32+00:00
dabb7739b2784329,1053,2026-09-04T13:18:32+00:00
85b4aa38948c4c0f,1054,2026-09-04T13:18:32+00:00
7802020041d14f2c,1055,2026-09-04T13:18:32+00:00
2efed1bc5892406c,1056,2026-09-04T13:18:32+00:00
5c9f57dc2a7f416f,1057,2026-09-04T13:18:32+00:00
3490dbfe8bce4671,1058,2026-09-04T13:18:32+00:00
1284778e522f4788,1059,2026-09-04T13:18:32+00:00
5ba62f6f03774060,1060,2026-09-04T13:18:32+00:00
6fd89f6e95a74ea2,1061,2026-09-04T13:18:32+00:00
83b6f1a12ccf40e2,1062,2026-09-04T13:18:32+00:00
8c76be6166994419,1063,2026-09-04T13:18:32+00:00
5e835b450b944929,1064,2026-09-04T13:18:32+00:00
cf5676ea82874261,1065,2026-09-04T13:18:32+00:00
296db438fb034015,1066,2026-09-04T13:18:32+00:00
ad50f079e99e4774,1067,2026-09-05T09:45:21+00:00
1a53c85448e446b8,1068,2026-09-05T09:45:21+00:00
0f0b270caa614262,1069,2026-09-05T09:45:21+00:00
8bbc3279a0094a34,1070,2026-09-05T09:45:21+00:00
006614c7efb64c40,1071,2026-09-05T09:45:21+00:00
f003a73d8f284063,1072,2026-09-05T09:45:21+00:00
e61c14d111d84478,1073,2026-09-05T09:45:21+00:00
81fc2fd8a3ea4bb8,1074,2026-09-05T09:45:21+00:00
83f114a39a8c457d,1075,2026-09-05T09:45:21+00:00
af974457731a4ed5,1076,2026-09-05T09:45:21+00:00
4a3899f7449a4a8e,1077,2026-09-05T09:45:21+00:00
0347add87a70421e,1078,2026-09-05T09:45:21+00:00
6bcf0d193bd54cfd,1079,2026-09-05T09:45:21+00:00
3b9a9eb204474c10,1080,2026-09-05T09:45:21+00:00
2e0709e3bfce4301,1081,2026-09-05T09:45:21+00:00
4e4f92752d9645ef,1082,2026-09-05T09:45:21+00:00
fb045efe94484eb1,1083,2026-09-05T09:45:21+00:00
8ca8c2cbf2294f34,1084,2026-09-05T09:45:21+00:00
81e03b03567d4d60,1085,2026-09-05T09:45:21+00:00
844a8604fef843ac,1086,2026-09-05T09:45:21+00:00
0f0998fce8f24f32,1087,2026-09-05T09:45:21+00:00
1bc53f9de200410d,1088,2026-09-05T09:45:21+00:00
ad684d57f8364945,1089,2026-09-05T09:45:21+00:00
3b1044886c0c42bd,1090,2026-09-05T09:45:21+00:00
851bd7dc7b2645a9,1091,2026-09-05T09:45:21+00:00
ba4b8f242a1b46c5,1092,2026-09-05T09:45:21+00:00
9a822a00dc8a465f,1093,2026-09-05T09:45:21+00:00
1b610ad20a5642be,1094,2026-09-05T09:45:21+00:00
024654ae78f644b9,1095,2026-09-05T09:45:21+00:00
d7548fe0a59b40ea,1096,2026-09-05T09:45:21+00:00
27d71549f2f34e82,1097,2026-09-05T09:45:21+00:00
d2ef3f96aa4a4b4e,1098,2026-09-05T09:45:21+00:00
c53e697b0a354003,1099,2026-09-05T09:45:21+00:00
7da3132164014888,1100,2026-09-05T09:45:21+00:00
c7adb348e1254e1b,1101,2026-09-05T09:45:21+00:00
33cbced3474b4eac,1102,2026-09-05T09:45:21+00:00
5988ecd3d7ae4d10,1103,2026-09-05T09:45:21+00:00
45401c85efde4b34,1104,2026-09-05T09:45:21+00:00
94de2bdaff994146,1105,2026-09-05T09:45:21+00:00
62dbbd1dea214898,1106,2026-09-05T09:45:21+00:00
dd207c5d0ca44d00,1107,2026-09-05T09:45:21+00:00
908b178bd131404d,1108,2026-09-05T09:45:21+00:00
5122fcfbbfe24374,1109,2026-09-05T09:45:21+00:00
d8789a8ea2d04533,1110,2026-09-05T09:45:21+00:00
4d6b0dbb40504386,1111,2026-09-05T09:45:21+00:00
04b0144f39884c0e,1112,2026-09-05T09:45:21+00:00
a2dfb6030b714004,1113,2026-09-05T09:45:21+00:00
7762d0727fa04f3d,1114,2026-09-05T09:45:21+00:00
95109f8cd2824715,1115,2026-09-05T09:45:21+00:00
6beed3039fcd4f8e,1116,2026-09-05T09:45:21+00:00
5adb1da5430246c0,1117,2026-09-05T09:45:21+00:00
cf5198177d7547a6,1118,2026-09-05T09:45:21+00:00
5f2a8716822a4079,1119,2026-09-05T09:45:21+00:00
bc9ff2c9c9674095,1120,2026-09-05T09:45:21+00:00
9dfdd09f5b704c29,1121,2026-09-05T09:45:21+00:00
6856974ec7344c9d,1122,2026-09-05T09:45:21+00:00
d459133cb2104515,1123,2026-09-05T09:45:21+00:00
e46169fee73a4c2a,1124,2026-09-05T09:45:21+00:00
fda5cca13836406c,1125,2026-09-05T09:45:21+00:00
305a29dba500417e,1126,2026-09-05T09:45:21+00:00
fc7792bca7b64ab3,1127,2026-09-05T09:45:21+00:00
bb6dacb916ab4cef,1128,2026-09-05T09:45:21+00:00
9e34b3527472450f,1129,2026-09-05T09:45:21+00:00
ac00328df2734507,1130,2026-09-05T09:45:21+00:00
ab36f8b959d74b68,1131,2026-09-05T09:45:21+00:00
63a2db9de3244c57,1132,2026-09-05T09:45:21+00:00
f2c846033dbb4016,1133,2026-09-05T09:45:21+00:00
c52eda73155f4171,1134,2026-09-05T09:45:21+00:00
9697de7016b14327,1135,2026-09-05T09:45:21+00:00
7bfb233f73a5417e,1136,2026-09-05T09:45:21+00:00
5d0d7216f8ed4c1e,1137,2026-09-05T09:45:21+00:00
30fd54e378d64dae,1138,2026-09-05T09:45:21+00:00
0cabac1a7dcb4366,1139,2026-09-05T09:45:21+00:00
d41f1da7fa0b4680,1140,2026-09-05T09:45:21+00:00
7e3000d9d11a4d31,1141,2026-09-05T09:45:21+00:00
a31da3e9138d4970,1142,2026-09-05T09:45:21+00:00
57b1e47e2db345be,1143,2026-09-05T09:45:21+00:00
d15948c9c6544933,1144,2026-09-05T09:45:21+00:00
de4c5a9bfeca4333,1145,2026-09-05T09:45:21+00:00
855b7fa53fed46fb,1146,2026-09-05T09:45:21+00:00
a276f20d24154a4a,1147,2026-09-05T09:45:21+00:00
5c65513c5b9147ef,1148,2026-09-05T09:45:21+00:00
4ebe1f83afaf4186,1149,2026-09-05T09:45:21+00:00
571fb84fc8ad454b,1150,2026-09-05T09:45:21+00:00
cb31b3e09acf42e7,1151,2026-09-05T09:45:21+00:00
b58f516ecd7c4ee3,1152,2026-09-05T09:45:21+00:00
a22919f820154b8a,1153,2026-09-05T09:45:21+00:00
fc4b21f0770f4090,1154,2026-09-05T09:45:21+00:00
5b90e29e6d094c5b,1155,2026-09-05T09:45:21+00:00
01d725ba0b014137,1156,2026-09-05T09:45:21+00:00
c954e0b38c144d1f,1157,2026-09-05T09:45:21+00:00
ba9b4c435aa642ee,1158,2026-09-05T09:45:21+00:00
a821eaf460804f01,1159,2026-09-05T09:45:21+00:00
5b9422559fc64d3f,1160,2026-09-05T09:45:21+00:00
9532a1ce9ddd4289,1161,2026-09-05T09:45:21+00:00
31cc6ec766b64710,1162,2026-09-05T09:45:21+00:00
e97c9bd5f69e490a,1163,2026-09-05T09:45:21+00:00
585483121808429d,1164,2026-09-05T09:45:21+00:00
65f101263d1f4828,1165,2026-09-05T09:45:21+00:00
f001321275a847e1,1166,2026-09-05T09:45:21+00:00
11bd0d40427144b0,1167,2026-09-05T09:45:21+00:00
6f33b360e85745db,1168,2026-09-05T09:45:21+00:00
728f27641658468d,1169,2026-09-05T09:45:21+00:00
05ec901d68484fba,1170,2026-09-05T09:45:21+00:00
67fffbe68e474907,1171,2026-09-05T09:45:21+00:00
e45417f3c3ba4d2c,1172,2026-09-05T09:45:21+00:00
7d193a363ac44432,1173,2026-09-05T09:45:21+00:00
85d1ba163cc84ce4,1174,2026-09-05T09:45:21+00:00
edad858428f14aba,1175,2026-09-05T09:45:21+00:00
85c9b936477040f9,1176,2026-09-05T09:45:21+00:00
77fdb02e9c5f44b0,1177,2026-09-05T09:45:21+00:00
4eec8e7021be4ea1,1178,2026-09-05T09:45:21+00:00
b43de3ba7b5d48a1,1179,2026-09-05T09:45:21+00:00
b030f4c1cb27436d,1180,2026-09-05T09:45:21+00:00
7811976c5ba24b47,1181,2026-09-05T09:45:21+00:00
489a0328a0c042cb,1182,2026-09-05T09:45:21+00:00
d4da22ea00874b56,1183,2026-09-05T09:45:21+00:00
101c404a5b6a4eb2,1184,2026-09-05T09:45:21+00:00
0d8c881f5fbe403e,1185,2026-09-05T09:45:21+00:00
96d23156458c4a9c,1186,2026-09-05T09:45:21+00:00
c5f30c95dfef4031,1187,2026-09-05T09:45:21+00:00
63e7a98631e741d3,1188,2026-09-05T09:45:21+00:00
795e4472cc844494,1189,2026-09-05T09:45:21+00:00
286925a64329425a,1190,2026-09-05T09:45:21+00:00
1fc1c0314769478c,1191,2026-09-05T09:45:21+00:00
1d852df8a3a34217,1192,2026-09-05T09:45:21+00:00
389c12629c614853,1193,2026-09-05T09:45:21+00:00
adb61bb81a114313,1194,2026-09-05T09:45:21+00:00
a00c6899f7b84b83,1195,2026-09-05T09:45:21+00:00
86ea5b659ed94bd5,1196,2026-09-05T09:45:21+00:00
79036f6e892f4131,1197,2026-09-05T09:45:21+00:00
cde5b10b16e542b9,1198,2026-09-05T09:45:21+00:00
1c8ceab185324ca5,1199,2026-09-05T09:45:21+00:00
3517c287fb144153,1200,2026-09-05T09:45:21+00:00
af610e85bd2048f3,1201,2026-09-05T09:45:21+00:00
7ffe5a07fe2441dd,1202,2026-09-05T09:45:21+00:00
d0c96e9f4b5c41d2,1203,2026-09-05T09:45:21+00:00
c9f4e49c64ba4f3e,1204,2026-09-05T09:45:21+00:00
a067bb53a76a452d,1205,2026-09-05T09:45:21+00:00
448310f7c7a54bf5,1206,2026-09-05T09:45:21+00:00
7559adf1e0dc4804,1207,2026-09-05T09:45:21+00:00
4a65f5133f3647c6,1208,2026-09-05T09:45:21+00:00
1dd1034aa1524e26,1209,2026-09-05T09:45:21+00:00
2f1cfb35fd874b70,1210,2026-09-05T09:45:21+00:00
4ef0182571064c36,1211,2026-09-05T09:45:21+00:00
ca7898222e5441a7,1212,2026-09-05T09:45:21+00:00
5abc8bac1b4e4063,1213,2026-09-05T09:45:21+00:00
5b29fcbd97c54746,1214,2026-09-05T09:45:21+00:00
e9fc1436349b4e01,1215,2026-09-05T09:45:21+00:00
21e25a1ef4db40d8,1216,2026-09-05T09:45:21+00:00
d878c289f83f4e28,1217,2026-09-05T09:45:21+00:00
3b828112d83b428d,1218,2026-09-05T09:45:21+00:00
eb878ff9c91b416a,1219,2026-09-05T09:45:21+00:00
076f818aeb5e482b,1220,2026-09-05T09:45:21+00:00
83ac9e9956284c74,1221,2026-09-05T09:45:21+00:00
93569bb033714d3f,1222,2026-09-05T09:45:21+00:00
f23d73fcbe2242f2,1223,2026-09-05T09:45:21+00:00
2f19c47b85bc46cc,1224,2026-09-05T09:45:21+00:00
e58fadd3365a4bf9,1225,2026-09-05T09:45:21+00:00
f368505007094b92,1226,2026-09-05T09:45:21+00:00
c9f3fb1805dc4200,1227,2026-09-05T09:45:21+00:00
773c3abb6a354441,1228,2026-09-05T09:45:21+00:00
8096cc7b4b8b456c,1229,2026-09-05T09:45:21+00:00
c054f518f3074d0c,1230,2026-09-05T09:45:21+00:00
605865b83fc2490c,1231,2026-09-05T09:45:21+00:00
dad2329f828c4ab9,1232,2026-09-05T09:45:21+00:00
9f28bf402168424b,1233,2026-09-05T09:45:21+00:00
3a1c770a5dab4620,1234,2026-09-05T09:45:21+00:00
62217a77d8df4e58,1235,2026-09-05T09:45:21+00:00
84126019a00144e8,1236,2026-09-05T09:45:21+00:00
9232ead3c3ee4cb3,1237,2026-09-05T09:45:21+00:00
0dba3a7b6c6541c0,1238,2026-09-05T09:45:21+00:00
f7035ad51d8a4a3e,1239,2026-09-05T09:45:21+00:00
80d26b9555494b53,1240,2026-09-05T09:45:21+00:00
74a3f423916247dd,1241,2026-09-05T09:45:21+00:00
2e954a2dc5314a36,1242,2026-09-05T09:45:21+00:00
a29567d1113d441b,1243,2026-09-05T09:45:21+00:00
9a5304d77b9246af,1244,2026-09-05T09:45:21+00:00
b1e9270035f54765,1245,2026-09-05T09:45:21+00:00
686a4d80ab214623,1246,2026-09-05T09:45:21+00:00
37ea0d662b9f4d06,1247,2026-09-05T09:45:21+00:00
7235698377cc42f5,1248,2026-09-05T09:45:21+00:00
8ec0e48924964a2f,1249,2026-09-05T09:45:21+00:00
a6a755477c444b8a,1250,2026-09-05T09:45:21+00:00
db151dea676f43dd,1251,2026-09-05T09:45:21+00:00
a982022545bb4c4e,1252,2026-09-05T09:45:21+00:00
010f90636b0e45a9,1253,2026-09-05T09:45:21+00:00
d83b5b7028d94128,1254,2026-09-05T09:45:21+00:00
42b2ca2f1ca64ae5,1255,2026-09-05T09:45:21+00:00
a1e8866e529345dc,1256,2026-09-05T09:45:21+00:00
a1b55a006578406d,1257,2026-09-05T09:45:21+00:00
e16a2741edc942cf,1258,2026-09-05T09:45:21+00:00
50c7f5106bdd4b05,1259,2026-09-05T09:45:21+00:00
d1b40ccef5214b03,1260,2026-09-05T09:45:21+00:00
a321dd95cf564ea7,1261,2026-09-05T09:45:21+00:00
52ee15ff478045dd,1262,2026-09-05T09:45:21+00:00
eaa6be736a49480d,1263,2026-09-05T09:45:21+00:00
45e8f3ab7b0545f9,1264,2026-09-05T09:45:21+00:00
5e0568111f534ee8,1265,2026-09-05T09:45:21+00:00
1e77b2ca1f124073,1266,2026-09-05T09:45:21+00:00
aa4424ffdca94843,1267,2026-09-05T09:45:21+00:00
8aa0108c8cc74be4,1268,2026-09-05T09:45:21+00:00
d8c22d55feda4cc8,1269,2026-09-05T09:45:21+00:00
cf7a8769d1e54aea,1270,2026-09-05T09:45:21+00:00
b8e578c2d71646a9,1271,2026-09-05T09:45:21+00:00
de87b81494e846f2,1272,2026-09-05T09:45:21+00:00
a5017f664a904e25,1273,2026-09-05T09:45:21+00:00
cd73136b92c7410b,1274,2026-09-05T09:45:21+00:00
217267a69389499f,1275,2026-09-05T09:45:21+00:00
fa06fb47f9254625,1276,2026-09-05T09:45:21+00:00
266b3bfdfa8c4451,1277,2026-09-05T09:45:21+00:00
5aa8d64c31314183,1278,2026-09-05T09:45:21+00:00
b16ee5097acb4df6,1279,2026-09-05T09:45:21+00:00
6a3e0ba6b8c64cc3,1280,2026-09-05T09:45:21+00:00
ebaa98a65bba4a33,1281,2026-09-05T09:45:21+00:00
69a7dd5335ae4bb3,1282,2026-09-05T09:45:21+00:00
1f367ebec8ca4a1c,1283,2026-09-05T09:45:21+00:00
c917268d148042e2,1284,2026-09-05T09:45:21+00:00
2fbcff775abc4997,1285,2026-09-05T09:45:21+00:00
104c1721940f46c0,1286,2026-09-05T09:45:21+00:00
0a002e8c7495474a,1287,2026-09-05T09:45:21+00:00
163edc0be2a94710,1288,2026-09-05T09:45:21+00:00
7da509800f004dbc,1289,2026-09-05T09:45:21+00:00
3249864fa0b54d58,1290,2026-09-05T09:45:21+00:00
4a72aca4fb57496c,1291,2026-09-05T09:45:21+00:00
ad5c3ebc084f40bf,1292,2026-09-05T09:45:21+00:00
646d2334746b44c5,1293,2026-09-05T09:45:21+00:00
e2e48966313a41e9,1294,2026-09-05T09:45:21+00:00
4a864b912117492c,1295,2026-09-05T09:45:21+00:00
ced59cd0115a4245,1296,2026-09-05T09:45:21+00:00
346595e765da4413,1297,2026-09-05T09:45:21+00:00
0ffd96c3ec6b47a1,1298,2026-09-05T09:45:21+00:00
5edb262cb6c147d2,1299,2026-09-05T09:45:21+00:00
53851c37c23d44c2,1300,2026-09-05T09:45:21+00:00
10229445d6c04cfe,1301,2026-09-05T09:45:21+00:00
306962d324d04e4b,1302,2026-09-05T09:45:21+00:00
f5dad38e1fc1473e,1303,2026-09-05T09:45:21+00:00
caa963a7209d4afe,1304,2026-09-05T09:45:21+00:00
fe5259f73978425a,1305,2026-09-05T09:45:21+00:00
257ca492a7bb46e1,1306,2026-09-05T09:45:21+00:00
7252214e0f3f4de2,1307,2026-09-05T09:45:21+00:00
2f13e767123f41f4,1308,2026-09-05T09:45:21+00:00
a08db76d22454583,1309,2026-09-05T09:45:21+00:00
adb509f6415a44f2,1310,2026-09-05T09:45:21+00:00
04d5704e39f547e2,1311,2026-09-05T09:45:21+00:00
1aecf64d22454aa3,1312,2026-09-05T09:45:21+00:00
89f6167d7f464fe3,1313,2026-09-05T09:45:21+00:00
626ab6e66d944d56,1314,2026-09-05T09:45:21+00:00
f5d7192eb1474b5e,1315,2026-09-05T09:45:21+00:00
463c364040ee4900,1316,2026-09-05T09:45:21+00:00
31ae630fd35a4965,1317,2026-09-05T09:45:21+00:00
814a4b2ec5af4c66,1318,2026-09-05T09:45:21+00:00
e46b0eeca5b44b51,1319,2026-09-05T09:45:21+00:00
1756aea79aa344bb,1320,2026-09-05T09:45:21+00:00
8732c2fb799b4306,1321,2026-09-05T09:45:21+00:00
0acd4c1071f443b4,1322,2026-09-05T09:45:21+00:00
8776ae1d52554e82,1323,2026-09-05T09:45:21+00:00
3cc6f0efd3624a46,1324,2026-09-05T09:45:21+00:00
297a6320f3344ea4,1325,2026-09-05T09:45:21+00:00
cbc60d16e5514b00,1326,2026-09-05T09:45:21+00:00
fd351dcc116649aa,1327,2026-09-05T09:45:21+00:00
5d85bd60aca64bf0,1328,2026-09-05T09:45:21+00:00
288e15973d2d4533,1329,2026-09-05T09:45:21+00:00
7766c199cb754c19,1330,2026-09-05T09:45:21+00:00
944611f99774499d,1331,2026-09-05T09:45:21+00:00
15924be3ab024184,1332,2026-09-05T09:45:21+00:00
397c5bf20c134e1e,1333,2026-09-05T09:45:21+00:00
c9c487ca256840a5,1334,2026-09-05T09:45:21+00:00
a4a3d7846b3d4bea,1335,2026-09-05T09:45:21+00:00
52d9d3e205974025,1336,2026-09-05T09:45:21+00:00
7953f4ba98854934,1337,2026-09-05T09:45:21+00:00
45069ef8aded482a,1338,2026-09-05T09:45:21+00:00
04d9101dd9c74aa2,1339,2026-09-05T09:45:21+00:00
36f8b151eb364e9f,1340,2026-09-05T09:45:21+00:00
e4c1bd0804fe4287,1341,2026-09-05T09:45:21+00:00
122c91fc3d8c4bd9,1342,2026-09-05T09:45:21+00:00
b2fbf05c9aaf4a2f,1343,2026-09-05T09:45:21+00:00
805f2f5170f245ac,1344,2026-09-05T09:45:21+00:00
eba5f74a858b4bc0,1345,2026-09-05T09:45:21+00:00
06c0530c40a34862,1346,2026-09-05T09:45:21+00:00
138be9ec0e994b08,1347,2026-09-05T09:45:21+00:00
890fcdfa6b32462e,1348,2026-09-05T09:45:21+00:00
f15df128fb814e43,1349,2026-09-05T09:45:21+00:00
14e36b57ca7c4ad7,1350,2026-09-05T09:45:21+00:00
362934b7751945e2,1351,2026-09-05T09:45:21+00:00
a011c6eb72b8448e,1352,2026-09-05T09:45:21+00:00
d22bfa9a740742e1,1353,2026-09-05T09:45:21+00:00
f348133edaa14bde,1354,2026-09-05T09:45:21+00:00
9d3eb9d589b34855,1355,2026-09-05T09:45:21+00:00
5a7c6a004ead4b0b,1356,2026-09-05T09:45:21+00:00
ab2f4f35468f4e91,1357,2026-09-05T09:45:21+00:00
2f0ddc743e0d41da,1358,2026-09-05T09:45:21+00:00
8d8cd31d5df041ab,1359,2026-09-05T09:45:21+00:00
09015d5de8eb4252,1360,2026-09-05T09:45:21+00:00
5ec7417bcc2b40b3,1361,2026-09-05T09:45:21+00:00
5ec605722e3c442f,1362,2026-09-05T09:45:21+00:00
8f36a72144374490,1363,2026-09-05T09:45:21+00:00
d56e87c3e5ef45ba,1364,2026-09-05T09:45:21+00:00
3675eb4d9f984233,1365,2026-09-05T09:45:21+00:00
0ab210480d794c98,1366,2026-09-05T09:45:21+00:00
778e7485bfad48b5,1367,2026-09-05T09:45:21+00:00
68abc242f0284017,1368,2026-09-05T09:45:21+00:00
96300529800e4942,1369,2026-09-05T09:45:21+00:00
9987e3c7c757499d,1370,2026-09-05T09:45:21+00:00
47c9f973e70c4a1f,1371,2026-09-05T09:45:21+00:00
3bc5327c908f4c89,1372,2026-09-05T09:45:21+00:00
fe89b27f37eb476f,1373,2026-09-05T09:45:21+00:00
7367a07ea45d47db,1374,2026-09-05T09:45:21+00:00
be8910974ffb4f1d,1375,2026-09-05T09:45:21+00:00
2c3d0db474f1422a,1376,2026-09-05T09:45:21+00:00
99e21d13e66c44b2,1377,2026-09-05T09:45:21+00:00
6ad4b4faab7c4aca,1378,2026-09-05T09:45:21+00:00
06b9378bf869467f,1379,2026-09-05T09:45:21+00:00
26aa6da3da974071,1380,2026-09-05T09:45:21+00:00
8827ad84124643bc,1381,2026-09-05T09:45:21+00:00
4798b8b7b8e34f7a,1382,2026-09-05T09:45:21+00:00
74d9d0227d5b4f7c,1383,2026-09-05T09:45:21+00:00
bc9a9820f61843c0,1384,2026-09-05T09:45:21+00:00
9a42f54d2a084ea3,1385,2026-09-05T09:45:21+00:00
6aeeccd0d2bf4664,1386,2026-09-05T09:45:21+00:00
5e62949bb36d4b8a,1387,2026-09-05T09:45:21+00:00
b09e99a079e14e3d,1388,2026-09-05T09:45:21+00:00
38c8b30bd157474f,1389,2026-09-05T09:45:21+00:00
f529f72a5d7c4ad7,1390,2026-09-05T09:45:21+00:00
bb8a28fe36334cf2,1391,2026-09-05T09:45:21+00:00
f9e1d2298d184cf7,1392,2026-09-05T09:45:21+00:00
a3a9ab27b79f4389,1393,2026-09-05T09:45:21+00:00
cc40038f85e84792,1394,2026-09-05T09:45:21+00:00
04fb2e5c2cac46d0,1395,2026-09-05T09:45:21+00:00
706ef3fbb2bf4132,1396,2026-09-05T09:45:21+00:00
a9aa42dd7acd4a83,1397,2026-09-05T09:45:21+00:00
b13ef2d7870540e7,1398,2026-09-05T09:45:21+00:00
76c48b14ea444784,1399,2026-09-05T09:45:21+00:00
be0352f6980442cc,1400,2026-09-05T09:45:21+00:00
5def67c960794ad6,1401,2026-09-05T09:45:21+00:00
69ec0fc468f74142,1402,2026-09-05T09:45:21+00:00
2de91d978c0945ec,1403,2026-09-05T09:45:21+00:00
6f840a116ee24f85,1404,2026-09-05T09:45:21+00:00
22f5930f996d4fb1,1405,2026-09-05T09:45:21+00:00
410e38960d6c4367,1406,2026-09-05T09:45:21+00:00
267cdcc996a84eed,1407,2026-09-05T09:45:21+00:00
ed9e76df73bb41c2,1408,2026-09-05T09:45:21+00:00
7807054cebd248fb,1409,2026-09-05T09:45:21+00:00
92d472282bd44920,1410,2026-09-05T09:45:21+00:00
c03dc2572a2a42ee,1411,2026-09-05T09:45:21+00:00
2fa9460e01ed4976,1412,2026-09-05T09:45:21+00:00
0727a128d0d746d8,1413,2026-09-05T09:45:21+00:00
3ac0af390e194adb,1414,2026-09-05T09:45:21+00:00
132be0159b764bb9,1415,2026-09-05T09:45:21+00:00
158934857e564f23,1416,2026-09-05T09:45:21+00:00
8ff73129917443e9,1417,2026-09-05T09:45:21+00:00
af01b3612dcb4ee4,1418,2026-09-05T09:45:21+00:00
22ee22b308334c5b,1419,2026-09-05T09:45:21+00:00
2b229b1f9e4240ae,1420,2026-09-05T09:45:21+00:00
a5465e5f80094829,1421,2026-09-05T09:45:21+00:00
a2b5d4c96d264fc1,1422,2026-09-05T09:45:21+00:00
22e8dbb4295842bb,1423,2026-09-05T09:45:21+00:00
480c1e9e0b3c4aab,1424,2026-09-05T09:45:21+00:00
6a44e93d49ba4817,1425,2026-09-05T09:45:21+00:00
f06f49c1e0aa412b,1426,2026-09-05T09:45:21+00:00
e9c2ccbe0506452e,1427,2026-09-05T09:45:21+00:00
f80a82c0552c44a0,1428,2026-09-05T09:45:21+00:00
147df0a302cf4778,1429,2026-09-05T09:45:21+00:00
cfb914fd6474493b,1430,2026-09-05T09:45:21+00:00
cf79580e10c940ea,1431,2026-09-05T09:45:21+00:00
ef01c5c9aa3b426a,1432,2026-09-05T09:45:21+00:00
70f06c1ab9fb4562,1433,2026-09-05T09:45:21+00:00
2763114c798e4063,1434,2026-09-05T09:45:21+00:00
eedb25a915ad48fa,1435,2026-09-05T09:45:21+00:00
d0c549d0fbf6479a,1436,2026-09-05T09:45:21+00:00
45d9370b535941f3,1437,2026-09-05T09:45:21+00:00
26fc7bc638a14dd8,1438,2026-09-05T09:45:21+00:00
bc65f027c7d7448b,1439,2026-09-05T09:45:21+00:00
5d9051bf48784c63,1440,2026-09-05T09:45:21+00:00
1f0bebb24ecb408c,1441,2026-09-05T09:45:21+00:00
51974ca534be4f75,1442,2026-09-05T09:45:21+00:00
0dd5c5fc37634970,1443,2026-09-05T09:45:21+00:00
9a4b06877a0a4236,1444,2026-09-05T09:45:21+00:00
98acf59b1f9f4448,1445,2026-09-05T09:45:21+00:00
1e1c5ea3418b4491,1446,2026-09-05T09:45:21+00:00
07641cd35de54c3f,1447,2026-09-05T09:45:21+00:00
dbe1cd39026f4a30,1448,2026-09-05T09:45:21+00:00
086db84203224a66,1449,2026-09-05T09:45:21+00:00
b522548d024a48da,1450,2026-09-05T09:45:21+00:00
dcf7cd79a404416e,1451,2026-09-05T09:45:21+00:00
c0aefc36720c4d16,1452,2026-09-05T09:45:21+00:00
037f9d3042ce4792,1453,2026-09-05T09:45:21+00:00
944b69ec033e4fe3,1454,2026-09-05T09:45:21+00:00
ee0a8a960d254e62,1455,2026-09-05T09:45:21+00:00
3b5c7e9fd7de4aee,1456,2026-09-05T09:45:21+00:00
d24d29a6b44d47fa,1457,2026-09-05T09:45:21+00:00
27793ec247934200,1458,2026-09-05T09:45:21+00:00
88e5600aaedf4f40,1459,2026-09-05T09:45:21+00:00
a690060772a94778,1460,2026-09-05T09:45:21+00:00
9032981ab39e499a,1461,2026-09-05T09:45:21+00:00
c15e1f4865fd433a,1462,2026-09-05T09:45:21+00:00
577f5e140a1649ff,1463,2026-09-05T09:45:21+00:00
e59c698d9fda4a43,1464,2026-09-05T09:45:21+00:00
f76e7249e98d49fd,1465,2026-09-05T09:45:21+00:00
f325f076da0e42d8,1466,2026-09-05T09:45:21+00:00
24528071dc3948ad,1467,2026-09-05T09:45:21+00:00
e6c7d846f8bf4752,1468,2026-09-05T09:45:21+00:00
a383e21eebe84af8,1469,2026-09-05T09:45:21+00:00
3023c58cf10d4780,1470,2026-09-05T09:45:21+00:00
6ac483187dc94b96,1471,2026-09-05T09:45:21+00:00
0097e0a84fa3413e,1472,2026-09-05T09:45:21+00:00
2ee91f7ea2e940e1,1473,2026-09-05T09:45:21+00:00
f793ca7668e04b57,1474,2026-09-05T09:45:21+00:00
2864663943a84a2a,1475,2026-09-05T09:45:21+00:00
819e1d0f57234bef,1476,2026-09-05T09:45:21+00:00
ac3fd6e51ebd43f5,1477,2026-09-05T09:45:21+00:00
8e38afd58d08417a,1478,2026-09-05T09:45:21+00:00
51938bd0a4c449d2,1479,2026-09-05T09:45:21+00:00
5452bfdd66bf466f,1480,2026-09-05T09:45:21+00:00
0286de74c9ba49c4,1481,2026-09-05T09:45:21+00:00
281d5210ed554a66,1482,2026-09-05T09:45:21+00:00
f268f8a34833462f,1483,2026-09-05T09:45:21+00:00
1968879c2c534a8a,1484,2026-09-05T09:45:21+00:00
40d4f67f02d44c2c,1485,2026-09-05T09:45:21+00:00
0263f7a1c11f4e64,1486,2026-09-05T09:45:21+00:00
60dff71be5c943a8,1487,2026-09-05T09:45:21+00:00
853f22df1456480a,1488,2026-09-05T09:45:21+00:00
a85647b2df7747e4,1489,2026-09-05T09:45:21+00:00
0919e5e279ae43ca,1490,2026-09-05T09:45:21+00:00
eabc49a3e9494333,1491,2026-09-05T09:45:21+00:00
1cf80eb275754be5,1492,2026-09-05T09:45:21+00:00
2f6f6c3eabeb4873,1493,2026-09-05T09:45:21+00:00
7386546d08a946cc,1494,2026-09-05T09:45:21+00:00
6b11116733444842,1495,2026-09-05T09:45:21+00:00
1cea1df6f98343e8,1496,2026-09-05T09:45:21+00:00
3566335a313b4151,1497,2026-09-05T09:45:21+00:00
2f912f04acf94126,1498,2026-09-05T09:45:21+00:00
fe2bcae458e64a54,1499,2026-09-05T09:45:21+00:00
3ba3750304444f98,1500,2026-09-05T09:45:21+00:00
c9d296d31d8d4965,1501,2026-09-05T09:45:21+00:00
329da4777a964fc0,1502,2026-09-05T09:45:21+00:00
6d81efe151dd4558,1503,2026-09-05T09:45:21+00:00
ac39ba2e83174480,1504,2026-09-05T09:45:21+00:00
cc9d1d83845b42da,1505,2026-09-05T09:45:21+00:00
5b2104f401284460,1506,2026-09-05T09:45:21+00:00
61efa7370f9c4380,1507,2026-09-05T09:45:21+00:00
a9f99400da124949,1508,2026-09-05T09:45:21+00:00
6e8c3219a2d44f08,1509,2026-09-05T09:45:21+00:00
9e6ff078d84840f0,1510,2026-09-05T09:45:21+00:00
2ab61ce41c1f4bbb,1511,2026-09-05T09:45:21+00:00
bc89a2615c8942e6,1512,2026-09-05T09:45:21+00:00
9108105dbd5946ad,1513,2026-09-05T09:45:21+00:00
36e7d781e0b74ff7,1514,2026-09-05T09:45:21+00:00
13a6d7a2721a4d4f,1515,2026-09-05T09:45:21+00:00
261c386d5dca4b6c,1516,2026-09-05T09:45:21+00:00
54212e111e214d63,1517,2026-09-05T09:45:21+00:00
1b21978d13c04fc8,1518,2026-09-05T09:45:21+00:00
6d2c397b7e084663,1519,2026-09-05T09:45:21+00:00
cc875ca95ffa4635,1520,2026-09-05T09:45:21+00:00
0dc7cea474ab4c2b,1521,2026-09-05T09:45:21+00:00
53600683e0084bf1,1522,2026-09-05T09:45:21+00:00
ad84ce603c574dbf,1523,2026-09-05T09:45:21+00:00
8b5456252d25416a,1524,2026-09-05T09:45:21+00:00
65af95f23a844ccf,1525,2026-09-05T09:45:21+00:00
74f82d12a7934528,1526,2026-09-05T09:45:21+00:00
3f5abbfc01194387,1527,2026-09-05T09:45:21+00:00
d748b308c64940a3,1528,2026-09-05T09:45:21+00:00
83c023acade74a02,1529,2026-09-05T09:45:21+00:00
31bf30199a5d4db0,1530,2026-09-05T09:45:21+00:00
d19f3e28616f4dc7,1531,2026-09-05T09:45:21+00:00
1e893e3bac40457c,1532,2026-09-05T09:45:21+00:00
8e0b1355347f4407,1533,2026-09-05T09:45:21+00:00
1c5d3cf653f54ebf,1534,2026-09-05T09:45:21+00:00
62861c55450f4d1c,1535,2026-09-05T09:45:21+00:00
ebdf2eda56754e48,1536,2026-09-05T09:45:21+00:00
c5babb7fb3104fb3,1537,2026-09-05T09:45:21+00:00
2179f0b861564fe2,1538,2026-09-05T09:45:21+00:00
a9f0ca562fda4a73,1539,2026-09-05T09:45:21+00:00
4a678144d8034a22,1540,2026-09-05T09:45:21+00:00
cd886bb14db64350,1541,2026-09-05T09:45:21+00:00
d7e44e66438042b2,1542,2026-09-05T09:45:21+00:00
d184ea039fe2444b,1543,2026-09-05T09:45:21+00:00
318fde07c8814be4,1544,2026-09-05T09:45:21+00:00
214e26818ca746ea,1545,2026-09-05T09:45:21+00:00
785315a8116641a1,1546,2026-09-05T09:45:21+00:00
d2b91bce1b9644f8,1547,2026-09-05T09:45:21+00:00
ca1a52cc14c44cce,1548,2026-09-05T09:45:21+00:00
5926468dd5e842dd,1549,2026-09-05T09:45:21+00:00
20a553027dc141c2,1550,2026-09-05T09:45:21+00:00
17690464e025459e,1551,2026-09-05T09:45:21+00:00
544b97a693e74a61,1552,2026-09-05T09:45:21+00:00
1b38f71591e44c86,1553,2026-09-05T09:45:21+00:00
0d615aded3ac4388,1554,2026-09-05T09:45:21+00:00
bc23d2f949e442b3,1555,2026-09-05T09:45:21+00:00
183475718b174b40,1556,2026-09-05T09:45:21+00:00
e9074247471a4751,1557,2026-09-05T09:45:21+00:00
bce179aff50f4a6f,1558,2026-09-05T09:45:21+00:00
18dbcef8080f4369,1559,2026-09-05T09:45:21+00:00
3f10408accf24346,1560,2026-09-05T09:45:21+00:00
2c93e6aacbfc4e91,1561,2026-09-05T09:45:21+00:00
ab6bf79685ac4f9d,1562,2026-09-05T09:45:21+00:00
43de5ccaa06246eb,1563,2026-09-05T09:45:21+00:00
fc860ec2d5da45a3,1564,2026-09-05T09:45:21+00:00
5d583f7be7c549b8,1565,2026-09-05T09:45:21+00:00
f64320075d5245f9,1566,2026-09-05T09:45:21+00:00
61c2a8be84634132,1567,2026-09-05T09:45:21+00:00
67a25ee1454f491d,1568,2026-09-05T09:45:21+00:00
ef5a85b88c014056,1569,2026-09-05T09:45:21+00:00
7fd58dbb39ab4b12,1570,2026-09-05T09:45:21+00:00
cf4aa222577c4855,1571,2026-09-05T09:45:21+00:00
d8b17cf19231422d,1572,2026-09-05T09:45:21+00:00
52739233c61644e4,1573,2026-09-05T09:45:21+00:00
8e87cb738e614b50,1574,2026-09-05T09:45:21+00:00
83774e68331f48f4,1575,2026-09-05T09:45:21+00:00
10edbbd1f92344ec,1576,2026-09-05T09:45:21+00:00
d902c214aff64b2f,1577,2026-09-05T09:45:21+00:00
a2e38589251c4945,1578,2026-09-05T09:45:21+00:00
20db3bf85fd84d05,1579,2026-09-05T09:45:21+00:00
a991bf779cb14afe,1580,2026-09-05T09:45:21+00:00
2e47594df3fd48ea,1581,2026-09-05T09:45:21+00:00
6fe07b51f1594822,1582,2026-09-05T09:45:21+00:00
e43af612c73a4d32,1583,2026-09-05T09:45:21+00:00
20abbc0ac3644cd8,1584,2026-09-05T09:45:21+00:00
570b0ffe97d041ab,1585,2026-09-05T09:45:21+00:00
f813d46117214672,1586,2026-09-05T09:45:21+00:00
10013fc3beb949de,1587,2026-09-05T09:45:21+00:00
b616732f25d94e61,1588,2026-09-05T09:45:21+00:00
911bcd45c0f04b3f,1589,2026-09-05T09:45:21+00:00
1ad8710f3b104958,1590,2026-09-05T09:45:21+00:00
bd0bb29213e94577,1591,2026-09-05T09:45:21+00:00
5a2aeaa30e1a4bc7,1592,2026-09-05T09:45:21+00:00
a5e4e89a56064111,1593,2026-09-05T09:45:21+00:00
a3c1a60100c04b92,1594,2026-09-05T09:45:21+00:00
a0226bcbe36a4b78,1595,2026-09-05T09:45:21+00:00
621678aaac034d9d,1596,2026-09-05T09:45:21+00:00
32e1f7614ba540de,1597,2026-09-05T09:45:21+00:00
2c56da78da1a44b8,1598,2026-09-05T09:45:21+00:00
8b690c4f860d4c34,1599,2026-09-05T09:45:21+00:00
81d7c9c7b9c24c24,1600,2026-09-05T09:45:21+00:00
24a68a2332ef459b,1601,2026-09-05T09:45:21+00:00
5c82812306d74014,1602,2026-09-05T09:45:21+00:00
5bd683288cd44d27,1603,2026-09-05T09:45:21+00:00
a4d105bb0d514954,1604,2026-09-05T09:45:21+00:00
3794dde7e633454b,1605,2026-09-05T09:45:21+00:00
21a8d33583a64190,1606,2026-09-05T09:45:21+00:00
9e9b563fbe0948ef,1607,2026-09-05T09:45:21+00:00
9c089af12df04ede,1608,2026-09-05T09:45:21+00:00
f722c95576234531,1609,2026-09-05T09:45:21+00:00
bdf69a82d3264f65,1610,2026-09-05T09:45:21+00:00
f5feed7f80564e5a,1611,2026-09-05T09:45:21+00:00
0a4d5dbecd094cf8,1612,2026-09-05T09:45:21+00:00
f65db0d43f8342c2,1613,2026-09-05T09:45:21+00:00
4e0729f4c8774ba4,1614,2026-09-05T09:45:21+00:00
5a0671f19be94de2,1615,2026-09-05T09:45:21+00:00
da31a19c1aa644e5,1616,2026-09-05T09:45:21+00:00
7733ac64e4734f60,1617,2026-09-05T09:45:21+00:00
04e311ed9a62451b,1618,2026-09-05T09:45:21+00:00
cc6794aff4f84567,1619,2026-09-05T09:45:21+00:00
28cb516436b843f3,1620,2026-09-05T09:45:21+00:00
74db2a8830da4aef,1621,2026-09-05T09:45:21+00:00
153e318ff0324de9,1622,2026-09-05T09:45:21+00:00
9e5c60667b9d411c,1623,2026-09-05T09:45:21+00:00
52898707921a4167,1624,2026-09-05T09:45:21+00:00
14017acc27a54a10,1625,2026-09-05T09:45:21+00:00
200b73bf87a14d14,1626,2026-09-05T09:45:21+00:00
58a64e71c33944f2,1627,2026-09-05T09:45:21+00:00
da8ce9714c484cb5,1628,2026-09-05T09:45:21+00:00
fd985d62ed884515,1629,2026-09-05T09:45:21+00:00
970d0d60e4134f13,1630,2026-09-05T09:45:21+00:00
60d06575dd634360,1631,2026-09-05T09:45:21+00:00
7e902f419cd64530,1632,2026-09-05T09:45:21+00:00
b0c37097ff0b47f2,1633,2026-09-05T09:45:21+00:00
aed9ec66371f42b1,1634,2026-09-05T09:45:21+00:00
5d094497c8394f82,1635,2026-09-05T09:45:21+00:00
b80fd3f290dc4d53,1636,2026-09-05T09:45:21+00:00
4fa2fda7de3445b1,1637,2026-09-05T09:45:21+00:00
d83fc2efe00d4fa5,1638,2026-09-05T09:45:21+00:00
9cab4b09f95a4c75,1639,2026-09-05T09:45:21+00:00
8ae0893b0a374a16,1640,2026-09-05T09:45:21+00:00
1c45fbc5d4c84acd,1641,2026-09-05T09:45:21+00:00
4967804a83a54b34,1642,2026-09-05T09:45:21+00:00
db2942976d574b93,1643,2026-09-05T09:45:21+00:00
7c2fa25ddc274b1f,1644,2026-09-05T09:45:21+00:00
ff6fa5ccbbb6439b,1645,2026-09-05T09:45:21+00:00
b2f0cf7cf2e94bf2,1646,2026-09-05T09:45:21+00:00
5f97086bb8ce4666,1647,2026-09-05T09:45:21+00:00
a529b8ab546448d1,1648,2026-09-05T09:45:21+00:00
d10bdc649ddb4ae5,1649,2026-09-05T09:45:21+00:00
9e377ead510b4278,1650,2026-09-05T09:45:21+00:00
21607a73998f4a4c,1651,2026-09-05T09:45:21+00:00
e5059027d12244ec,1652,2026-09-05T09:45:21+00:00
653a865e5f874838,1653,2026-09-05T09:45:21+00:00
a89e3da6895f4e5c,1654,2026-09-05T09:45:21+00:00
4e7a2ac848ce408b,1655,2026-09-05T09:45:21+00:00
1d87bded36494d02,1656,2026-09-05T09:45:21+00:00
4559afd8b5094fd5,1657,2026-09-05T09:45:21+00:00
3494d96526204b7b,1658,2026-09-05T09:45:21+00:00
cddd0f132c6d4e63,1659,2026-09-05T09:45:21+00:00
9f13e6300879458f,1660,2026-09-05T09:45:21+00:00
1cc19e2db42143e2,1661,2026-09-05T09:45:21+00:00
b6bdff79a026428e,1662,2026-09-05T09:45:21+00:00
1e9661bb04334407,1663,2026-09-05T09:45:21+00:00
a315d296f7014cc2,1664,2026-09-05T09:45:21+00:00
6bc9a500255e4a0e,1665,2026-09-05T09:45:21+00:00
51145e103bc24a21,1666,2026-09-05T09:45:21+00:00
a6f3707b6b2a41b6,1667,2026-09-05T09:45:21+00:00
87c43136203448bf,1668,2026-09-05T09:45:21+00:00
30be91a31b3643a7,1669,2026-09-05T09:45:21+00:00
62ca8c8a40404e9f,1670,2026-09-05T09:45:21+00:00
77a3227cb3704d9d,1671,2026-09-05T09:45:21+00:00
bd0c97669b0c4bb3,1672,2026-09-05T09:45:21+00:00
097acb32eac14e19,1673,2026-09-05T09:45:21+00:00
67bb001a584941f7,1674,2026-09-05T09:45:21+00:00
07c1563e735644dc,1675,2026-09-05T09:45:21+00:00
0a7420e4c1814c9e,1676,2026-09-05T09:45:21+00:00
5eb70e220bfb451a,1677,2026-09-05T09:45:21+00:00
f185192b7c52499a,1678,2026-09-05T09:45:21+00:00
608cbb2437a24de6,1679,2026-09-05T09:45:21+00:00
ee6150f063724f28,1680,2026-09-05T09:45:21+00:00
5bfcbf817f7043b8,1681,2026-09-05T09:45:21+00:00
1de185d15bc44dad,1682,2026-09-05T09:45:21+00:00
24c0d288884e44ab,1683,2026-09-05T09:45:21+00:00
dc26462a4d3c42dc,1684,2026-09-05T09:45:21+00:00
f11ca04b224f428b,1685,2026-09-05T09:45:21+00:00
d79021077e3943ac,1686,2026-09-05T09:45:21+00:00
cd180fd5a45f49b2,1687,2026-09-05T09:45:21+00:00
04101d38520a459f,1688,2026-09-05T09:45:21+00:00
6fd9de211d2c4559,1689,2026-09-05T09:45:21+00:00
915cf54a698845c0,1690,2026-09-05T09:45:21+00:00
375ea385e6a9433c,1691,2026-09-05T09:45:21+00:00
813d123ab7f74ee6,1692,2026-09-05T09:45:21+00:00
82b576b7cd374323,1693,2026-09-05T09:45:21+00:00
0b40e2cc44bb47f3,1694,2026-09-05T09:45:21+00:00
182963e3f84441e7,1695,2026-09-05T09:45:21+00:00
b672314976fb44aa,1696,2026-09-05T09:45:21+00:00
00f5cc4fe34e4b16,1697,2026-09-05T09:45:21+00:00
bbc23f4998104256,1698,2026-09-05T09:45:21+00:00
a906e5bdb61442dc,1699,2026-09-05T09:45:21+00:00
ecebe813fe8748dc,1700,2026-09-05T09:45:21+00:00
d2fecb80d19d4b9e,1701,2026-09-05T09:45:21+00:00
df5cbbc18f1e446a,1702,2026-09-05T09:45:21+00:00
ed3436cd38c4484d,1703,2026-09-05T09:45:21+00:00
9f90a9758fe84834,1704,2026-09-05T09:45:21+00:00
4bd2130528c84a77,1705,2026-09-05T09:45:21+00:00
d6f0b41988fa4f10,1706,2026-09-05T09:45:21+00:00
3349f6676a164666,1707,2026-09-05T09:45:21+00:00
f0142ca8ae2142f4,1708,2026-09-05T09:45:21+00:00
6a5972f8d7814670,1709,2026-09-05T09:45:21+00:00
4bdf9d6dfc4e4b9b,1710,2026-09-05T09:45:21+00:00
5d959e30f7c94bea,1711,2026-09-05T09:45:21+00:00
b6de560565de4e42,1712,2026-09-05T09:45:21+00:00
cfc3bae726b941f1,1713,2026-09-05T09:45:21+00:00
4070bc4914c44f01,1714,2026-09-05T09:45:21+00:00
265977f99caf45cc,1715,2026-09-05T09:45:21+00:00
02f1bb5433c845a6,1716,2026-09-05T09:45:21+00:00
8f918274513a4efd,1717,2026-09-05T09:45:21+00:00
617bac948ec64634,1718,2026-09-05T09:45:21+00:00
9869bc9af30c4047,1719,2026-09-05T09:45:21+00:00
be616a5a778f461a,1720,2026-09-05T09:45:21+00:00
32746df7c0404227,1721,2026-09-05T09:45:21+00:00
49f79cf04cbd42c4,1722,2026-09-05T09:45:21+00:00
5f879c04a5104135,1723,2026-09-05T09:45:21+00:00
8e03340cb40b48ae,1724,2026-09-05T09:45:21+00:00
a5f2759658a74b16,1725,2026-09-05T09:45:21+00:00
a2370d1a7f484b3e,1726,2026-09-05T09:45:21+00:00
b529296fe52d4704,1727,2026-09-05T09:45:21+00:00
6beeef625a664535,1728,2026-09-05T09:45:21+00:00
df068df4670b4d02,1729,2026-09-05T09:45:21+00:00
b98cb4ff668f4378,1730,2026-09-05T09:45:21+00:00
3b8ada15a6b14b21,1731,2026-09-05T09:45:21+00:00
40b1b9619f3c455c,1732,2026-09-05T09:45:21+00:00
85bb73d398f64d03,1733,2026-09-05T09:45:21+00:00
cdfd835737b645fb,1734,2026-09-05T09:45:21+00:00
414c18e087df4a71,1735,2026-09-05T09:45:21+00:00
2e23ca109495438f,1736,2026-09-05T09:45:21+00:00
71ec833ac02d4ab6,1737,2026-09-05T09:45:21+00:00
0020217d33d2428e,1738,2026-09-05T09:45:21+00:00
de25782fe66348e1,1739,2026-09-05T09:45:21+00:00
a01886f3348a4bad,1740,2026-09-05T09:45:21+00:00
d354559cfde648f9,1741,2026-09-05T09:45:21+00:00
cc6139895e4b456c,1742,2026-09-05T09:45:21+00:00
66628ec033a64ce3,1743,2026-09-05T09:45:21+00:00
9e0a4a5e49064b40,1744,2026-09-05T09:45:21+00:00
853b500b3e814b64,1745,2026-09-05T09:45:21+00:00
1e68664e3b9a4c65,1746,2026-09-05T09:45:21+00:00
81523c8cc4df48b9,1747,2026-09-05T09:45:21+00:00
d60c4d6ab50947d5,1748,2026-09-05T09:45:21+00:00
99bba1cf57794e8e,1749,2026-09-05T09:45:21+00:00
2e608017b4d14b62,1750,2026-09-05T09:45:21+00:00
e7aebda05b9e47ca,1751,2026-09-05T09:45:21+00:00
e9c49e0e21474c67,1752,2026-09-05T09:45:21+00:00
487d24ec8fe84a70,1753,2026-09-05T09:45:21+00:00
66bab528784547a7,1754,2026-09-05T09:45:21+00:00
180ec99d38864742,1755,2026-09-05T09:45:21+00:00
7d35278ad8f0458d,1756,2026-09-05T09:45:21+00:00
08d15174b4b24d9c,1757,2026-09-05T09:45:21+00:00
d77cd84c5e094148,1758,2026-09-05T09:45:21+00:00
e6022093a36e4b8f,1759,2026-09-05T09:45:21+00:00
d681e537ee6c467e,1760,2026-09-05T09:45:21+00:00
7cd344a747e54b18,1761,2026-09-05T09:45:21+00:00
fabdd66ef6a44ccf,1762,2026-09-05T09:45:21+00:00
58b327e4979b4268,1763,2026-09-05T09:45:21+00:00
15b32000f8ed478a,1764,2026-09-05T09:45:21+00:00
ba92f682ae0a40a3,1765,2026-09-05T09:45:21+00:00
d7e30f41929a4703,1766,2026-09-05T09:45:21+00:00
ceb4500a66c94485,1767,2026-09-05T09:45:21+00:00
4723d98fabea4e77,1768,2026-09-05T09:45:21+00:00
89d8edf06a524fa7,1769,2026-09-05T09:45:21+00:00
32c8fb487aa341b3,1770,2026-09-05T09:45:21+00:00
33b8559a33b243ff,1771,2026-09-05T09:45:21+00:00
607084c965e44e93,1772,2026-09-05T09:45:21+00:00
c3b4dc06f2ea46b3,1773,2026-09-05T09:45:21+00:00
48a5ac36ac5f4d15,1774,2026-09-05T09:45:21+00:00
b0efd6dbf1604907,1775,2026-09-05T09:45:21+00:00
34f20afb5c4344fc,1776,2026-09-05T09:45:21+00:00
3fddf88373cc4780,1777,2026-09-05T09:45:21+00:00
23b504c8d83e4379,1778,2026-09-05T09:45:21+00:00
b137a75605af493e,1779,2026-09-05T09:45:21+00:00
f516852b2d47488f,1780,2026-09-05T09:45:21+00:00
cda901367bb94b77,1781,2026-09-05T09:45:21+00:00
8b0395f1746e40a0,1782,2026-09-05T09:45:21+00:00
c0df9276aae84fa6,1783,2026-09-05T09:45:21+00:00
30110cf436e54978,1784,2026-09-05T09:45:21+00:00
b95b0ca5c1164c4c,1785,2026-09-05T09:45:21+00:00
4a366e2d2e844119,1786,2026-09-05T09:45:21+00:00
268019dfcb0f458f,1787,2026-09-05T09:45:21+00:00
35ef0280b9f84993,1788,2026-09-05T09:45:21+00:00
99d2b854f7964be4,1789,2026-09-05T09:45:21+00:00
c828e5f7ed004b5b,1790,2026-09-05T09:45:21+00:00
82dd07baaa474e15,1791,2026-09-05T09:45:21+00:00
07f1b94e29a548b8,1792,2026-09-05T09:45:21+00:00
fa5a38fa7e00407a,1793,2026-09-05T09:45:21+00:00
188a29f543e64cc0,1794,2026-09-05T09:45:21+00:00
faf32122752a41db,1795,2026-09-05T09:45:21+00:00
0b54cae7f89a4ae3,1796,2026-09-05T09:45:21+00:00
0eef5cc0c1434fb2,1797,2026-09-05T09:45:21+00:00
bb0adb8876364d19,1798,2026-09-05T09:45:21+00:00
6c55b8d6cd4f4fbd,1799,2026-09-05T09:45:21+00:00
6a63e4c18b604883,1800,2026-09-05T09:45:21+00:00
1882c141e256409e,1801,2026-09-05T09:45:21+00:00
b83b7cd5489544e9,1802,2026-09-05T09:45:21+00:00
eee2198c3e7c499c,1803,2026-09-05T09:45:21+00:00
f410cfc2f14b49de,1804,2026-09-05T09:45:21+00:00
9c6058211b8c4894,1805,2026-09-05T09:45:21+00:00
d6001b314b204406,1806,2026-09-05T09:45:21+00:00
23a58d95786e413e,1807,2026-09-05T09:45:21+00:00
385462e424a64668,1808,2026-09-05T09:45:21+00:00
47121ab1adeb4c5c,1809,2026-09-05T09:45:21+00:00
d7256db4ff2541f0,1810,2026-09-05T09:45:21+00:00
3d8c4d4a3bc64065,1811,2026-09-05T09:45:21+00:00
bbeeb628593c4618,1812,2026-09-05T09:45:21+00:00
d124783a427d4be7,1813,2026-09-05T09:45:21+00:00
d46e11b7fbe94282,1814,2026-09-05T09:45:21+00:00
844f3dbc1c834c15,1815,2026-09-05T09:45:21+00:00
938fdd88ba504a97,1816,2026-09-05T09:45:21+00:00
1fe67cfd886b4162,1817,2026-09-05T09:45:21+00:00
833d57b9b7fa44f1,1818,2026-09-05T09:45:21+00:00
3e5e33d17046400a,1819,2026-09-05T09:45:21+00:00
e524f11d79f44e87,1820,2026-09-05T09:45:21+00:00
637cb5175b9e4f18,1821,2026-09-05T09:45:21+00:00
0ed4d3a7239f48bc,1822,2026-09-05T09:45:21+00:00
d9aabee2a59c493a,1823,2026-09-05T09:45:21+00:00
308353cd3f5041f2,1824,2026-09-05T09:45:21+00:00
3a726f527d0f4f71,1825,2026-09-05T09:45:21+00:00
36fff07d2b034d19,1826,2026-09-05T09:45:21+00:00
4548d2ace2fd4bd8,1827,2026-09-05T09:45:21+00:00
a997c184578a478e,1828,2026-09-05T09:45:21+00:00
4e8a036edd7a4009,1829,2026-09-05T09:45:21+00:00
d529eece4b5540e2,1830,2026-09-05T09:45:21+00:00
8a778acd84584e29,1831,2026-09-05T09:45:21+00:00
7d1f4be2fe524348,1832,2026-09-05T09:45:21+00:00
9a66e38753fa41cc,1833,2026-09-05T09:45:21+00:00
9448f58b45964cce,1834,2026-09-05T09:45:21+00:00
b9be2e96f8334441,1835,2026-09-05T09:45:21+00:00
2c539654a763404c,1836,2026-09-05T09:45:21+00:00
c7abba6b08584e23,1837,2026-09-05T09:45:21+00:00
edf236973d7b4c08,1838,2026-09-05T09:45:21+00:00
c78818c687194baf,1839,2026-09-05T09:45:21+00:00
16cdc471890b4f0f,1840,2026-09-05T09:45:21+00:00
ae75c5a611af4709,1841,2026-09-05T09:45:21+00:00
4ddb81c8055b4874,1842,2026-09-05T09:45:21+00:00
7d9eebd6476f4419,1843,2026-09-05T09:45:21+00:00
38e66dc68e184cb6,1844,2026-09-05T09:45:21+00:00
4da0fc8056024778,1845,2026-09-05T09:45:21+00:00
c8adf828f61b450c,1846,2026-09-05T09:45:21+00:00
25b592f4cfe041e8,1847,2026-09-05T09:45:21+00:00
12afb1bf92564979,1848,2026-09-05T09:45:21+00:00
bb3a1071f99d4c52,1849,2026-09-05T09:45:21+00:00
16376df7531c42ed,1850,2026-09-05T09:45:21+00:00
6ef5d5175e2c4fb4,1851,2026-09-05T09:45:21+00:00
52263bd7911544f9,1852,2026-09-05T09:45:21+00:00
aefae174ddf34e20,1853,2026-09-05T09:45:21+00:00
9cd2ed0affd94bb6,1854,2026-09-05T09:45:21+00:00
7a3de0ab499645a2,1855,2026-09-05T09:45:21+00:00
25bb6cff2f1b4c40,1856,2026-09-05T09:45:21+00:00
9de6922d8b484d4b,1857,2026-09-05T09:45:21+00:00
9120ec3156864bf8,1858,2026-09-05T09:45:21+00:00
63dd159ee16f487a,1859,2026-09-05T09:45:21+00:00
91a0fbaa836b40d4,1860,2026-09-05T09:45:21+00:00
89896c2bf67e46d9,1861,2026-09-05T09:45:21+00:00
d54bf49f49174801,1862,2026-09-05T09:45:21+00:00
0dfedcc09be649f2,1863,2026-09-05T09:45:21+00:00
c5f3819a3cf24c56,1864,2026-09-05T09:45:21+00:00
90a4daafe41849e2,1865,2026-09-05T09:45:21+00:00
04565539c0f74434,1866,2026-09-05T09:45:21+00:00
0c5e01c3881c4533,1867,2026-09-05T09:45:21+00:00
ae3246debb384458,1868,2026-09-05T09:45:21+00:00
a00069ff397d48b6,1869,2026-09-05T09:45:21+00:00
4ab3f206f2f84ec4,1870,2026-09-05T09:45:21+00:00
59adf4a10b7c4e66,1871,2026-09-05T09:45:21+00:00
35214e9826e6428c,1872,2026-09-05T09:45:21+00:00
fe1f086319374ab7,1873,2026-09-05T09:45:21+00:00
d7503b8311f141f0,1874,2026-09-05T09:45:21+00:00
aa945e230ee44c21,1875,2026-09-05T09:45:21+00:00
b4016ab45b0342d1,1876,2026-09-05T09:45:21+00:00
23b0c23c13c1478c,1877,2026-09-05T09:45:21+00:00
376cef7c9d114fc6,1878,2026-09-05T09:45:21+00:00
dd81f88bf27949dd,1879,2026-09-05T09:45:21+00:00
49c3211d3a2b44b2,1880,2026-09-05T09:45:21+00:00
9454f144a3e6428f,1881,2026-09-05T09:45:21+00:00
20564c6cdb0144d4,1882,2026-09-05T09:45:21+00:00
c6322a06ea5b45c1,1883,2026-09-05T09:45:21+00:00
656b85e057754cc8,1884,2026-09-05T09:45:21+00:00
8b074049da964d3c,1885,2026-09-05T09:45:21+00:00
4420abbd0e1142fe,1886,2026-09-05T09:45:21+00:00
6c897f2b7ced475b,1887,2026-09-05T09:45:21+00:00
8a2e78bfcdea4c29,1888,2026-09-05T09:45:21+00:00
a16867e8a9ed4eee,1889,2026-09-05T09:45:21+00:00
fb27123bf50d46f3,1890,2026-09-05T09:45:21+00:00
042aed958daf4755,1891,2026-09-05T09:45:21+00:00
16f8082f70f94b59,1892,2026-09-05T09:45:21+00:00
2bb85a95acf64c2f,1893,2026-09-05T09:45:21+00:00
4065e4303aec47d8,1894,2026-09-05T09:45:21+00:00
e4260285a39a49f9,1895,2026-09-05T09:45:21+00:00
400b03ec20ef4fa1,1896,2026-09-05T09:45:21+00:00
4c13e32b35914272,1897,2026-09-05T09:45:21+00:00
4df96036ca594880,1898,2026-09-05T09:45:21+00:00
ffe060e087ad40e0,1899,2026-09-05T09:45:21+00:00
a46a073c91b542bb,1900,2026-09-05T09:45:21+00:00
4545c9729da0431e,1901,2026-09-05T09:45:21+00:00
75496b1eb5b24c62,1902,2026-09-05T09:45:21+00:00
591823cb3cb74a2d,1903,2026-09-05T09:45:21+00:00
690ef5d4f93841b0,1904,2026-09-05T09:45:21+00:00
2cd61bd77b0a4d10,1905,2026-09-05T09:45:21+00:00
6a6ece1063ba4ebb,1906,2026-09-05T09:45:21+00:00
60c8d2ec1f744495,1907,2026-09-05T09:45:21+00:00
63593fdf1d8d4942,1908,2026-09-05T09:45:21+00:00
60824f5d7f4e4afd,1909,2026-09-05T09:45:21+00:00
4f44b171e3fd4416,1910,2026-09-05T09:45:21+00:00
192af6e214ea4a78,1911,2026-09-05T09:45:21+00:00
ac9b0dd6a76c4681,1912,2026-09-05T09:45:21+00:00
7cf0bf75ecc4409d,1913,2026-09-05T09:45:21+00:00
775e31b095e3484e,1914,2026-09-05T09:45:21+00:00
51f4f9ddd3d448e3,1915,2026-09-05T09:45:21+00:00
d4ad0bbc51104102,1916,2026-09-05T09:45:21+00:00
968820bdc99a4e04,1917,2026-09-05T09:45:21+00:00
869e5ec2901b45f7,1918,2026-09-05T09:45:21+00:00
aed9860d4afc4434,1919,2026-09-05T09:45:21+00:00
8370cf32c2c142a5,1920,2026-09-05T09:45:21+00:00
178f9f42e6074e11,1921,2026-09-05T09:45:21+00:00
924c335cec424edb,1922,2026-09-05T09:45:21+00:00
9697ae58b6984924,1923,2026-09-05T09:45:21+00:00
c315db1ac3414429,1924,2026-09-05T09:45:21+00:00
de56098fc09c4e4c,1925,2026-09-05T09:45:21+00:00
b4246dff9d6c449a,1926,2026-09-05T09:45:21+00:00
48d16dc71e284744,1927,2026-09-05T09:45:21+00:00
21cad7d8541e47dc,1928,2026-09-05T09:45:21+00:00
0dac7f7aac2943da,1929,2026-09-05T09:45:21+00:00
d2a5862c1fc84fa1,1930,2026-09-05T09:45:21+00:00
8ee3395711904029,1931,2026-09-05T09:45:21+00:00
ddb548774b8640fd,1932,2026-09-05T09:45:21+00:00
5ac6f1a5daf74a32,1933,2026-09-05T09:45:21+00:00
d101649a0dc84f52,1934,2026-09-05T09:45:21+00:00
fd03831ba1f14890,1935,2026-09-05T09:45:21+00:00
153cd0e97da84129,1936,2026-09-05T09:45:21+00:00
44f4fc2885b141c9,1937,2026-09-05T09:45:21+00:00
f1e10c50692c4c6b,1938,2026-09-05T09:45:21+00:00
b78aef8d01004505,1939,2026-09-05T09:45:21+00:00
d23a7c5334ac46db,1940,2026-09-05T09:45:21+00:00
0f24b3af25854026,1941,2026-09-05T09:45:21+00:00
b1120ba74b344e1b,1942,2026-09-05T09:45:21+00:00
c2b95d60f81642dd,1943,2026-09-05T09:45:21+00:00
734ad108eb5448b3,1944,2026-09-05T09:45:21+00:00
c5daf7b6193e4496,1945,2026-09-05T09:45:21+00:00
5a89ece91efc472d,1946,2026-09-05T09:45:21+00:00
642287ec896c49f5,1947,2026-09-05T09:45:21+00:00
4cdafec463c54ba4,1948,2026-09-05T09:45:21+00:00
06bff59b0f974a84,1949,2026-09-05T09:45:21+00:00
f12e1c66a30c4a8d,1950,2026-09-05T09:45:21+00:00
5fab8823675d41eb,1951,2026-09-05T09:45:21+00:00
12ff5d8b1536459a,1952,2026-09-05T09:45:21+00:00
7e85535e853b4a21,1953,2026-09-05T09:45:21+00:00
7cc924042e6b4aa8,1954,2026-09-05T09:45:21+00:00
3b378e5b83b148c4,1955,2026-09-05T09:45:21+00:00
3c3963ae011f423f,1956,2026-09-05T09:45:21+00:00
ce0e399b35314d16,1957,2026-09-05T09:45:21+00:00
ec516adf3abd450a,1958,2026-09-05T09:45:21+00:00
55414f21c5ae4a2c,1959,2026-09-05T09:45:21+00:00
bd206c86ffb24dfc,1960,2026-09-05T09:45:21+00:00
2d6b6766b52f4c5b,1961,2026-09-05T09:45:21+00:00
51ae862832894460,1962,2026-09-05T09:45:21+00:00
308107fb6c0b4dd8,1963,2026-09-05T09:45:21+00:00
d9b0ba747df14b93,1964,2026-09-05T09:45:21+00:00
82f2238afd164782,1965,2026-09-05T09:45:21+00:00
1ccf892ff386497c,1966,2026-09-05T09:45:21+00:00
90182fd4ca62417c,1967,2026-09-05T09:45:21+00:00
c0eefc0cae134032,1968,2026-09-05T09:45:21+00:00
17a01ce7b2b9472a,1969,2026-09-05T09:45:21+00:00
fa2bdc4f8d7b4fdb,1970,2026-09-05T09:45:21+00:00
f3999203bb764cc7,1971,2026-09-05T09:45:21+00:00
df738e6d0834443a,1972,2026-09-05T09:45:21+00:00
f889729141b44811,1973,2026-09-05T09:45:21+00:00
eb1572e976514c1d,1974,2026-09-05T09:45:21+00:00
8a5e1a1eddaa4b0c,1975,2026-09-05T09:45:21+00:00
dff08f3bc8554b74,1976,2026-09-05T09:45:21+00:00
fe42f2957de045cc,1977,2026-09-05T09:45:21+00:00
8feb3adb74ba41bf,1978,2026-09-05T09:45:21+00:00
46b7a074479642b2,1979,2026-09-05T09:45:21+00:00
bb3ec77084cd43b7,1980,2026-09-05T09:45:21+00:00
d1cdf420692443c0,1981,2026-09-05T09:45:21+00:00
24e4e1d4eace4250,1982,2026-09-05T09:45:21+00:00
a1a7b3825de943d4,1983,2026-09-05T09:45:21+00:00
30a733e2c27944c3,1984,2026-09-05T09:45:21+00:00
7644da45b371496d,1985,2026-09-05T09:45:21+00:00
3badbf5027cf4e9a,1986,2026-09-05T09:45:21+00:00
cab0e95f71214ccd,1987,2026-09-05T09:45:21+00:00
070904f421594a92,1988,2026-09-05T09:45:21+00:00
2df7ae5c1dba40ee,1989,2026-09-05T09:45:21+00:00
8fd270c1901448ac,1990,2026-09-05T09:45:21+00:00
f0c9a77c5acf426a,1991,2026-09-05T09:45:21+00:00
fccd1d47e9534810,1992,2026-09-05T09:45:21+00:00
a4b16bcd3b4f4801,1993,2026-09-05T09:45:21+00:00
a346d5bbc289440c,1994,2026-09-05T09:45:21+00:00
e8010b012f714b67,1995,2026-09-05T09:45:21+00:00
545071990d4f435e,1996,2026-09-05T09:45:21+00:00
d9d07b7f25f64fc6,1997,2026-09-05T09:45:21+00:00
8142d4b24ed84861,1998,2026-09-05T09:45:21+00:00
15acc4d61b8742ab,1999,2026-09-05T09:45:21+00:00
15295cc26b214696,2000,2026-09-05T09:45:21+00:00
a5dd722ea4514114,2001,2026-09-05T09:45:21+00:00
90e6adb3788745cc,2002,2026-09-05T09:45:21+00:00
62c750af5aed42bb,2003,2026-09-05T09:45:21+00:00
3d83cbe1b78c4f8f,2004,2026-09-05T09:45:21+00:00
d334068d161246e3,2005,2026-09-05T09:45:21+00:00
c36ce8c444514e08,2006,2026-09-05T09:45:21+00:00
879235b3cc664e56,2007,2026-09-05T09:45:21+00:00
43a5ab905c424932,2008,2026-09-05T09:45:21+00:00
dd1d716ee6474b83,2009,2026-09-05T09:45:21+00:00
58b09009eeee40a0,2010,2026-09-05T09:45:21+00:00
360e983c3bbd4a44,2011,2026-09-05T09:45:21+00:00
8208271985f14d66,2012,2026-09-05T09:45:21+00:00
59c0c6cccae54501,2013,2026-09-05T09:45:21+00:00
dc4004eb0f2e4711,2014,2026-09-05T09:45:21+00:00
53e3682ddc344417,2015,2026-09-05T09:45:21+00:00
e58d3c2056b440b5,2016,2026-09-05T09:45:21+00:00
a952ccb34dba4f91,2017,2026-09-05T09:45:21+00:00
71f780aafb3d444b,2018,2026-09-05T09:45:21+00:00
c775ff17636f4dc7,2019,2026-09-05T09:45:21+00:00
4f997ed87f454eda,2020,2026-09-05T09:45:21+00:00
849064bbfbd44467,2021,2026-09-05T09:45:21+00:00
cea7cc8af77e47d0,2022,2026-09-05T09:45:21+00:00
4d57f90869064c32,2023,2026-09-05T09:45:21+00:00
b5bdb5a085744aec,2024,2026-09-05T09:45:21+00:00
5209952bb4c746bb,2025,2026-09-05T09:45:21+00:00
8e3dc71c93e9425e,2026,2026-09-05T09:45:21+00:00
f79713ce82be4039,2027,2026-09-05T09:45:21+00:00
08680ee90888441d,2028,2026-09-05T09:45:21+00:00
b2f02f5d1f264a8c,2029,2026-09-05T09:45:21+00:00
dd7eb6a607ff486c,2030,2026-09-05T09:45:21+00:00
15678b4776f04515,2031,2026-09-05T09:45:21+00:00
c4fe150ce2264de7,2032,2026-09-05T09:45:21+00:00
2b4e89d55a9f414f,2033,2026-09-05T09:45:21+00:00
469c3891bc6442d3,2034,2026-09-05T09:45:21+00:00
cca64f652e2a4cf2,2035,2026-09-05T09:45:21+00:00
e791a785133245cc,2036,2026-09-05T09:45:21+00:00
c768bac893854482,2037,2026-09-05T09:45:21+00:00
2b8376b72c27467c,2038,2026-09-05T09:45:21+00:00
d7492d7b815840fa,2039,2026-09-05T09:45:21+00:00
76025e0da3514b10,2040,2026-09-05T09:45:21+00:00
9b67df4dc3c542e6,2041,2026-09-05T09:45:21+00:00
48f71abdcd4547f1,2042,2026-09-05T09:45:21+00:00
06d645793d1a48f1,2043,2026-09-05T09:45:21+00:00
cfb9570db2ab48a0,2044,2026-09-05T09:45:21+00:00
37ae0d087a54440f,2045,2026-09-05T09:45:21+00:00
dfdfd2e47dcc43dc,2046,2026-09-05T09:45:21+00:00
2105af8c1eeb45ae,2047,2026-09-05T09:45:21+00:00
c1711783676b41bb,2048,2026-09-05T09:45:21+00:00
ac2c1f79ee644c4b,2049,2026-09-05T09:45:21+00:00
95f6e821601d4b51,2050,2026-09-05T09:45:21+00:00
043e283ef4cf402f,2051,2026-09-05T09:45:21+00:00
4a15080f34c346ea,2052,2026-09-05T09:45:21+00:00
a31abc8645514466,2053,2026-09-05T09:45:21+00:00
41950ccb3c6940c7,2054,2026-09-05T09:45:21+00:00
6e0f3de477464ddd,2055,2026-09-05T09:45:21+00:00
79750ca2586e4f88,2056,2026-09-05T09:45:21+00:00
61f0219070354782,2057,2026-09-05T09:45:21+00:00
9890e4962fe64cb5,2058,2026-09-05T09:45:21+00:00
2efa556c574c468d,2059,2026-09-05T09:45:21+00:00
dae665070f2d4168,2060,2026-09-05T09:45:21+00:00
f69928289c8d4c56,2061,2026-09-05T09:45:21+00:00
da323825f1664b08,2062,2026-09-05T09:45:21+00:00
136291fbfb47413d,2063,2026-09-05T09:45:21+00:00
4d06917b46104b4b,2064,2026-09-05T09:45:21+00:00
758a0f901d2f4259,2065,2026-09-05T09:45:21+00:00
4dc4c4f595814ba4,2066,2026-09-05T09:45:21+00:00
7633d49ead32412b,2067,2026-09-05T09:45:21+00:00
101eb83173cd4404,2068,2026-09-05T09:45:21+00:00
af7815e5d53f4f1c,2069,2026-09-05T09:45:21+00:00
3ff304ae061548bd,2070,2026-09-05T09:45:21+00:00
3edbf488b73840f3,2071,2026-09-05T09:45:21+00:00
976406bee7954487,2072,2026-09-05T09:45:21+00:00
815bf0eb3aa64600,2073,2026-09-05T09:45:21+00:00
3689d2e9fa2547a2,2074,2026-09-05T09:45:21+00:00
2a22a07e2d8647d8,2075,2026-09-05T09:45:21+00:00
92991d41a9ff4fa8,2076,2026-09-05T09:45:21+00:00
fc58f7f16c4a4a0d,2077,2026-09-05T09:45:21+00:00
ec16a66da0c84cab,2078,2026-09-05T09:45:21+00:00
76c64377aee349ca,2079,2026-09-05T09:45:21+00:00
200d091e4ab14347,2080,2026-09-05T09:45:21+00:00
b4dae53d85434f58,2081,2026-09-05T09:45:21+00:00
328c126a34244fcc,2082,2026-09-05T09:45:21+00:00
fe1fdf9f86634864,2083,2026-09-05T09:45:21+00:00
855abdda04d7479a,2084,2026-09-05T09:45:21+00:00
387cc1a9bcb14784,2085,2026-09-05T09:45:21+00:00
23a2b98d06934d68,2086,2026-09-05T09:45:21+00:00
d10c8bb9a43e445a,2087,2026-09-05T09:45:21+00:00
e530c71f4e4a43ea,2088,2026-09-05T09:45:21+00:00
4b1cd9f64c304572,2089,2026-09-05T09:45:21+00:00
eba6d345626a44fc,2090,2026-09-05T09:45:21+00:00
0a3ae978fccd4282,2091,2026-09-05T09:45:21+00:00
60d895dc70584a07,2092,2026-09-05T09:45:21+00:00
831e4c8f0138407f,2093,2026-09-05T09:45:21+00:00
69341a1c49f14dab,2094,2026-09-05T09:45:21+00:00
258287ef5c644c40,2095,2026-09-05T09:45:21+00:00
c4c625fdc9ac44f6,2096,2026-09-05T09:45:21+00:00
9364125d3a3642ea,2097,2026-09-05T09:45:21+00:00
1210d055b8f64698,2098,2026-09-05T09:45:21+00:00
cea21ee71c4b462b,2099,2026-09-05T09:45:21+00:00
15fd2d7d32ba4dbd,2100,2026-09-05T09:45:21+00:00
3c6f189c23154cc7,2101,2026-09-05T09:45:21+00:00
64a19ec4caca4602,2102,2026-09-05T09:45:21+00:00
50ec426e81254e06,2103,2026-09-05T09:45:21+00:00
afd3577e2b5846bd,2104,2026-09-05T09:45:21+00:00
0596a69e3e164a1c,2105,2026-09-05T09:45:21+00:00
6b319611a4fb49e2,2106,2026-09-05T09:45:21+00:00
1dd539bcd3a94b96,2107,2026-09-05T09:45:21+00:00
50c02373ee1c4dda,2108,2026-09-05T09:45:21+00:00
93caef5379b04649,2109,2026-09-05T09:45:21+00:00
1b33427283a745a3,2110,2026-09-05T09:45:21+00:00
7757ae62338f4d2e,2111,2026-09-05T09:45:21+00:00
7fdb2c8721a249f2,2112,2026-09-05T09:45:21+00:00
0d99c767623e4a1f,2113,2026-09-05T09:45:21+00:00
d1a4984fd1a04780,2114,2026-09-05T09:45:21+00:00
885ba0daf6534239,2115,2026-09-05T09:45:21+00:00
924291747e424fde,2116,2026-09-05T09:45:21+00:00
43668fa21500426c,2117,2026-09-05T09:45:21+00:00
68e5d0d11c754cd1,2118,2026-09-05T09:45:21+00:00
588d4b6cee944b09,2119,2026-09-05T09:45:21+00:00
1464379a93ce4e43,2120,2026-09-05T09:45:21+00:00
8fcdc5e3f69d441e,2121,2026-09-05T09:45:21+00:00
e1bb2f51bb7b444d,2122,2026-09-05T09:45:21+00:00
cd4905cff2f64ead,2123,2026-09-05T09:45:21+00:00
3b3f6ec994214f97,2124,2026-09-05T09:45:21+00:00
183a6e8465b240fc,2125,2026-09-05T09:45:21+00:00
bde375a9b307438c,2126,2026-09-05T09:45:21+00:00
97fbe5b7881b42eb,2127,2026-09-05T09:45:21+00:00
35772cdfe77643ea,2128,2026-09-05T09:45:21+00:00
0ee4c9339fcc4677,2129,2026-09-05T09:45:21+00:00
9fdcc05499754f83,2130,2026-09-05T09:45:21+00:00
affc7d3371334648,2131,2026-09-05T09:45:21+00:00
400a2d286b584423,2132,2026-09-05T09:45:21+00:00
e1f52cf408f64bd6,2133,2026-09-05T09:45:21+00:00
60b8911f21094f65,2134,2026-09-05T09:45:21+00:00
bffb0d19ca244c0e,2135,2026-09-05T09:45:21+00:00
0ccf9d4cac3546fe,2136,2026-09-05T09:45:21+00:00
12182cd94bd1466c,2137,2026-09-05T09:45:21+00:00
ba292202c5b94297,2138,2026-09-05T09:45:21+00:00
279f0b7eb8e542bf,2139,2026-09-05T09:45:21+00:00
3d95345bc57d432b,2140,2026-09-05T09:45:21+00:00
7fa9e693a72e4d69,2141,2026-09-05T09:45:21+00:00
aa6737ec5de049df,2142,2026-09-05T09:45:21+00:00
fdacb3fd38144986,2143,2026-09-05T09:45:21+00:00
1411f5c18b304936,2144,2026-09-05T09:45:21+00:00
78dcfc6be2c242d8,2145,2026-09-05T09:45:21+00:00
d2d5d9559b564a79,2146,2026-09-05T09:45:21+00:00
8744ccb008374cdd,2147,2026-09-05T09:45:21+00:00
61f6b0a60ebf4f37,2148,2026-09-05T09:45:21+00:00
b47d51fc96e84534,2149,2026-09-05T09:45:21+00:00
0e96ed59f957494f,2150,2026-09-05T09:45:21+00:00
b1aeb9ed31224295,2151,2026-09-05T09:45:21+00:00
49a2fa330ed14226,2152,2026-09-05T09:45:21+00:00
d5186a8a04634bfa,2153,2026-09-05T09:45:21+00:00
4fa64f73cafb4a93,2154,2026-09-05T09:45:21+00:00
105f11469d7a40df,2155,2026-09-05T09:45:21+00:00
c2a492f9dc354ab1,2156,2026-09-05T09:45:21+00:00
a4dbd502c13546e3,2157,2026-09-05T09:45:21+00:00
ca99411d8e5447aa,2158,2026-09-05T09:45:21+00:00
692cff66f9174dd4,2159,2026-09-05T09:45:21+00:00
6e4acd2cdaea415b,2160,2026-09-05T09:45:21+00:00
6d141a3d88ea4285,2161,2026-09-05T09:45:21+00:00
19c47a038ee64b35,2162,2026-09-05T09:45:21+00:00
4717539694ca43a9,2163,2026-09-05T09:45:21+00:00
310a4e92a16a486a,2164,2026-09-05T09:45:21+00:00
cb5edde257634fcc,2165,2026-09-05T09:45:21+00:00
456c1f381fa94ac1,2166,2026-09-05T09:45:21+00:00
f42ba14e17474bb3,2167,2026-09-05T09:45:21+00:00
c9d5bc43e3404ea5,2168,2026-09-05T09:45:21+00:00
e8562d14cb7c43b2,2169,2026-09-05T09:45:21+00:00
387d66218e4f421d,2170,2026-09-05T09:45:21+00:00
dd72e82e8f164765,2171,2026-09-05T09:45:21+00:00
327a27f79f4f41bd,2172,2026-09-05T09:45:21+00:00
466e12b5c3d14cdb,2173,2026-09-05T09:45:21+00:00
1b7744c5b6aa4398,2174,2026-09-05T09:45:21+00:00
f77c7116f39645b5,2175,2026-09-05T09:45:21+00:00
25a0745a01164b08,2176,2026-09-05T09:45:21+00:00
91022cb436a94c1e,2177,2026-09-05T09:45:21+00:00
b148c61344c54380,2178,2026-09-05T09:45:21+00:00
182957fd9c834078,2179,2026-09-05T09:45:21+00:00
14a3344a47f24dbb,2180,2026-09-05T09:45:21+00:00
bff96a6a73f64444,2181,2026-09-05T09:45:21+00:00
c0b4ac0e9aae4da1,2182,2026-09-05T09:45:21+00:00
aaa05cf6cf49405a,2183,2026-09-05T09:45:21+00:00
db347a9157484bf0,2184,2026-09-05T09:45:21+00:00
869b214f4d49441b,2185,2026-09-05T09:45:21+00:00
3cb1f183456047f4,2186,2026-09-05T09:45:21+00:00
70c78d4c28c64c8c,2187,2026-09-05T09:45:21+00:00
3d94ac663da543bb,2188,2026-09-05T09:45:21+00:00
41f8b8c5e2b14f26,2189,2026-09-05T09:45:21+00:00
a7b76a5942564864,2190,2026-09-05T09:45:21+00:00
a980936c66364edb,2191,2026-09-05T09:45:21+00:00
43aa5ab9a3d74f58,2192,2026-09-05T09:45:21+00:00
d25b5974fdf14f32,2193,2026-09-05T09:45:21+00:00
6c1c6b860e5146f6,2194,2026-09-05T09:45:21+00:00
d3b4fe022b0a4c3b,2195,2026-09-05T09:45:21+00:00
da9cc76d04594e09,2196,2026-09-05T09:45:21+00:00
e859b2d5b82e4dea,2197,2026-09-05T09:45:21+00:00
3ba7c4fdf5c048cc,2198,2026-09-05T09:45:21+00:00
2935d83da41d4780,2199,2026-09-05T09:45:21+00:00
5031196764a44b23,2200,2026-09-05T09:45:21+00:00
c8d0eff2b80e4d3e,2201,2026-09-05T09:45:21+00:00
215a5d264b27473c,2202,2026-09-05T09:45:21+00:00
f5d5a321aed8454b,2203,2026-09-05T09:45:21+00:00
347f0f87f8454452,2204,2026-09-05T09:45:21+00:00
5850fe943e384ac4,2205,2026-09-05T09:45:21+00:00
36b3d2fcbd484106,2206,2026-09-05T09:45:21+00:00
399162b8b6254e31,2207,2026-09-05T09:45:21+00:00
16b40930c73f4331,2208,2026-09-05T09:45:21+00:00
07e8bcbdc61844b2,2209,2026-09-05T09:45:21+00:00
3cc25560e7a84a91,2210,2026-09-05T09:45:21+00:00
853201aef77c46db,2211,2026-09-05T09:45:21+00:00
827d5b3921b142cb,2212,2026-09-05T09:45:21+00:00
4a1f09d2a921483a,2213,2026-09-05T09:45:21+00:00
53d2715bb2fc4b42,2214,2026-09-05T09:45:21+00:00
657c81ec8a1c4a27,2215,2026-09-05T09:45:21+00:00
7954a08a0c324fb9,2216,2026-09-05T09:45:21+00:00
ccf89b5db4314cfb,2217,2026-09-05T09:45:21+00:00
f140e74c17d048f7,2218,2026-09-05T09:45:21+00:00
6b28f81bdce84dfd,2219,2026-09-05T09:45:21+00:00
5e550834e4564eae,2220,2026-09-05T09:45:21+00:00
5489bad214d046c7,2221,2026-09-05T09:45:21+00:00
cb21c4f347a84d99,2222,2026-09-05T09:45:21+00:00
cb78c2ea78e64f5b,2223,2026-09-05T09:45:21+00:00
f29ca19f37d34500,2224,2026-09-05T09:45:21+00:00
afccc4c3cf5545b1,2225,2026-09-05T09:45:21+00:00
62f22330c3cc49fc,2226,2026-09-05T09:45:21+00:00
8b107e03c6004842,2227,2026-09-05T09:45:21+00:00
e2d0605b8acf4f11,2228,2026-09-05T09:45:21+00:00
c8e37e70bad048a3,2229,2026-09-05T09:45:21+00:00
5ed8a6a1c1bb4b00,2230,2026-09-05T09:45:21+00:00
816231efa5cf4bd9,2231,2026-09-05T09:45:21+00:00
080aeee4fe67473d,2232,2026-09-05T09:45:21+00:00
45023cd442eb4e56,2233,2026-09-05T09:45:21+00:00
f99275348c27457a,2234,2026-09-05T09:45:21+00:00
2bdbe47cb2984c22,2235,2026-09-05T09:45:21+00:00
eff7dcb0f2064d6b,2236,2026-09-05T09:45:21+00:00
45f64a50d1344448,2237,2026-09-05T09:45:21+00:00
4794cd8892fd4613,2238,2026-09-05T09:45:21+00:00
207a7ab0a3354f53,2239,2026-09-05T09:45:21+00:00
20df8ef5f3a545a4,2240,2026-09-05T09:45:21+00:00
03096ed3379d4bd3,2241,2026-09-05T09:45:21+00:00
d28aaf0ea73b4958,2242,2026-09-05T09:45:21+00:00
85dfb5fa17714e47,2243,2026-09-05T09:45:21+00:00
9c41053ed58243fa,2244,2026-09-05T09:45:21+00:00
0dc8124f9ab04e8d,2245,2026-09-05T09:45:21+00:00
fa4dc245073341ea,2246,2026-09-05T09:45:21+00:00
22a21312c61a4536,2247,2026-09-05T09:45:21+00:00
643008f7bb574190,2248,2026-09-05T09:45:21+00:00
a51dc4b3954b4d7d,2249,2026-09-05T09:45:21+00:00
9e047e4561614f4f,2250,2026-09-05T09:45:21+00:00
f56f835933f64a8f,2251,2026-09-05T09:45:21+00:00
92e0987b25ec4dfb,2252,2026-09-05T09:45:21+00:00
771f05e508964259,2253,2026-09-05T09:45:21+00:00
0575ca1ca69b484d,2254,2026-09-05T09:45:21+00:00
c18bc34e9547457f,2255,2026-09-05T09:45:21+00:00
328a5c1938ac4887,2256,2026-09-05T09:45:21+00:00
6308a54161674113,2257,2026-09-05T09:45:21+00:00
eb46bd4011ad4232,2258,2026-09-05T09:45:21+00:00
05ec708ca5e745a4,2259,2026-09-05T09:45:21+00:00
f633304959984cd5,2260,2026-09-05T09:45:21+00:00
c0a31c3f697449be,2261,2026-09-05T09:45:21+00:00
78ec383dfa91405d,2262,2026-09-05T09:45:21+00:00
cb8b9fa918fd43a1,2263,2026-09-05T09:45:21+00:00
7d9f21273c4b4688,2264,2026-09-05T09:45:21+00:00
85136cf82db64bbd,2265,2026-09-05T09:45:21+00:00
f9059c9b6c764cfe,2266,2026-09-05T09:45:21+00:00
98fedea9ddd143a0,2267,2026-09-05T09:45:21+00:00
a025e5e541a44570,2268,2026-09-05T09:45:21+00:00
a0b506135671416e,2269,2026-09-05T09:45:21+00:00
39937a553e3a441f,2270,2026-09-05T09:45:21+00:00
ff871f3da79f43ab,2271,2026-09-05T09:45:21+00:00
a2ab2c0fd5044f5d,2272,2026-09-05T09:45:21+00:00
7d5631f921424bfb,2273,2026-09-05T09:45:21+00:00
ca5057ba89854851,2274,2026-09-05T09:45:21+00:00
62833d59e563480d,2275,2026-09-05T09:45:21+00:00
3323225348ff4506,2276,2026-09-05T09:45:21+00:00
bd71d60ec1fe4605,2277,2026-09-05T09:45:21+00:00
cd263193913c40a5,2278,2026-09-05T09:45:21+00:00
50696ebc3fe64140,2279,2026-09-05T09:45:21+00:00
44b34ce55e1a46d3,2280,2026-09-05T09:45:21+00:00
d78ffa89a9c3475e,2281,2026-09-05T09:45:21+00:00
95602d3ac6b04915,2282,2026-09-05T09:45:21+00:00
87c25539c0984de3,2283,2026-09-05T09:45:21+00:00
7f419b782af94d9e,2284,2026-09-05T09:45:21+00:00
95cc3e9bfd6d4281,2285,2026-09-05T09:45:21+00:00
d0c74f6e95ee42ca,2286,2026-09-05T09:45:21+00:00
e1b0b8b9f4ab4a11,2287,2026-09-05T09:45:21+00:00
6bc2c34b646d471d,2288,2026-09-05T09:45:21+00:00
c20c97be4842431b,2289,2026-09-05T09:45:21+00:00
270e5a257322432e,2290,2026-09-05T09:45:21+00:00
9e74b55b1d194b73,2291,2026-09-05T09:45:21+00:00
e4e7676404154c3b,2292,2026-09-05T09:45:21+00:00
7e6d632a31b34c03,2293,2026-09-05T09:45:21+00:00
8097a61c0d934307,2294,2026-09-05T09:45:21+00:00
961b5d74d92e4729,2295,2026-09-05T09:45:21+00:00
8261b1f8758040ba,2296,2026-09-05T09:45:21+00:00
2e6846cef1b243ec,2297,2026-09-05T09:45:21+00:00
6573ca8e2c23490f,2298,2026-09-05T09:45:21+00:00
8b324d96fa484f2f,2299,2026-09-05T09:45:21+00:00
6e315d802b4d4d14,2300,2026-09-05T09:45:21+00:00
557bc58ebd86438e,2301,2026-09-05T09:45:21+00:00
c5105d2173e24567,2302,2026-09-05T09:45:21+00:00
59cd9a7e3a4f4bb9,2303,2026-09-05T09:45:21+00:00
d8de291e0f2e4dae,2304,2026-09-05T09:45:21+00:00
4016d32189754cc2,2305,2026-09-05T09:45:21+00:00
9bff2e0f9f8b48c9,2306,2026-09-05T09:45:21+00:00
8dc20565c69841d9,2307,2026-09-05T09:45:21+00:00
250641df3cc34c90,2308,2026-09-05T09:45:21+00:00
dc75da29f22744dc,2309,2026-09-05T09:45:21+00:00
dadcf9d441f443a1,2310,2026-09-05T09:45:21+00:00
1a73a19862bc4726,2311,2026-09-05T09:45:21+00:00
0044f1770432473d,2312,2026-09-05T09:45:21+00:00
ae94fcadfb4d48c5,2313,2026-09-05T09:45:21+00:00
3158a227e2a94cd8,2314,2026-09-05T09:45:21+00:00
ea7da116e39444b2,2315,2026-09-05T09:45:21+00:00
f1a0ee099cf64be4,2316,2026-09-05T09:45:21+00:00
c911270c7be4401b,2317,2026-09-05T09:45:21+00:00
68f949ff738341c2,2318,2026-09-05T09:45:21+00:00
4d79edc1763a4904,2319,2026-09-05T09:45:21+00:00
2f241952c0cb48d3,2320,2026-09-05T09:45:21+00:00
fd5d12735dcc4ece,2321,2026-09-05T09:45:21+00:00
e588025f36da42be,2322,2026-09-05T09:45:21+00:00
1577dc6011b3434b,2323,2026-09-05T09:45:21+00:00
2d90812be83f4d37,2324,2026-09-05T09:45:21+00:00
a9fe4cba474f4759,2325,2026-09-05T09:45:21+00:00
3d1136e14a3f473f,2326,2026-09-05T09:45:21+00:00
3c185f7ef0a648e2,2327,2026-09-05T09:45:21+00:00
d38d83b23b224a75,2328,2026-09-05T09:45:21+00:00
11c260b5d73849f5,2329,2026-09-05T09:45:21+00:00
f759cf187c8544d8,2330,2026-09-05T09:45:21+00:00
c9080bff56944e54,2331,2026-09-05T09:45:21+00:00
42784430bed34480,2332,2026-09-05T09:45:21+00:00
45855481d5254560,2333,2026-09-05T09:45:21+00:00
ff5b2a4a01854409,2334,2026-09-05T09:45:21+00:00
d02d9b9823f04f27,2335,2026-09-05T09:45:21+00:00
686ad8e2202b49a6,2336,2026-09-05T09:45:21+00:00
874443ddcbb64869,2337,2026-09-05T09:45:21+00:00
a3b9593e727e4c5e,2338,2026-09-05T09:45:21+00:00
02d3e984b46a4fc9,2339,2026-09-05T09:45:21+00:00
77ddd24f6db74a0b,2340,2026-09-05T09:45:21+00:00
3f12b014c8fa4c20,2341,2026-09-05T09:45:21+00:00
5a38b1174e65430f,2342,2026-09-05T09:45:21+00:00
92aa804cfe44430c,2343,2026-09-05T09:45:21+00:00
029063f79b3d45a0,2344,2026-09-05T09:45:21+00:00
756415c324b74e50,2345,2026-09-05T09:45:21+00:00
2ad58682b0ab4f9c,2346,2026-09-05T09:45:21+00:00
565f9556ceea44f8,2347,2026-09-05T09:45:21+00:00
707464011816467e,2348,2026-09-05T09:45:21+00:00
021ff00e24194de9,2349,2026-09-05T09:45:21+00:00
cffce424bc6b48e4,2350,2026-09-05T09:45:21+00:00
162766fcf9094da0,2351,2026-09-05T09:45:21+00:00
5d9184cc067d4bf1,2352,2026-09-05T09:45:21+00:00
e24ccda4a0614453,2353,2026-09-05T09:45:21+00:00
ea2f831222fe4b62,2354,2026-09-05T09:45:21+00:00
3cc8760139724135,2355,2026-09-05T09:45:21+00:00
846e3d80e6c64e8d,2356,2026-09-05T09:45:21+00:00
744db24082fc4434,2357,2026-09-05T09:45:21+00:00
b52ff7d5d8c2449c,2358,2026-09-05T09:45:21+00:00
d0539070bc284e44,2359,2026-09-05T09:45:21+00:00
9b2d0a1c0b834e7d,2360,2026-09-05T09:45:21+00:00
c6a09c4c1aa44417,2361,2026-09-05T09:45:21+00:00
3f312a40ec6f4c8d,2362,2026-09-05T09:45:21+00:00
101c54e015264c25,2363,2026-09-05T09:45:21+00:00
4f34c40add294b72,2364,2026-09-05T09:45:21+00:00
1e16cac0ef0b4149,2365,2026-09-05T09:45:21+00:00
56b5fb76dd0b47a9,2366,2026-09-05T09:45:21+00:00
e20a6101ec4c4800,2367,2026-09-05T09:45:21+00:00
0be3de2a71164ef2,2368,2026-09-05T09:45:21+00:00
6870825019ee49a5,2369,2026-09-05T09:45:21+00:00
47b8303e60dc422f,2370,2026-09-05T09:45:21+00:00
213864c2aa5c46e8,2371,2026-09-05T09:45:21+00:00
ecd53f200830437e,2372,2026-09-05T09:45:21+00:00
ef74ce226cf74f05,2373,2026-09-05T09:45:21+00:00
444a1b5ae6ec42dc,2374,2026-09-05T09:45:21+00:00
598f84381e714e74,2375,2026-09-05T09:45:21+00:00
00ce99cb6f2e4880,2376,2026-09-05T09:45:21+00:00
9f0900e52eb64702,2377,2026-09-05T09:45:21+00:00
df72fbf7832b4987,2378,2026-09-05T09:45:21+00:00
ccc786233a2e40f0,2379,2026-09-05T09:45:21+00:00
8fbcbefa56c84a9a,2380,2026-09-05T09:45:21+00:00
6be52a9ce6044d22,2381,2026-09-05T09:45:21+00:00
652f06cbdfe24d25,2382,2026-09-05T09:45:21+00:00
b04a77c7ab5541c4,2383,2026-09-05T09:45:21+00:00
6d9bf74965784faf,2384,2026-09-05T09:45:21+00:00
6537be3d76614663,2385,2026-09-05T09:45:21+00:00
c81779e599804644,2386,2026-09-05T09:45:21+00:00
814094a41d5b4d2e,2387,2026-09-05T09:45:21+00:00
41c2fc4b1f7e41d5,2388,2026-09-05T09:45:21+00:00
567afb4acd774c47,2389,2026-09-05T09:45:21+00:00
7e2d2750679d40e6,2390,2026-09-05T09:45:21+00:00
416fc1c3031f4c0c,2391,2026-09-05T09:45:21+00:00
1380e02efb1f4709,2392,2026-09-05T09:45:21+00:00
a44df157f7fc470c,2393,2026-09-05T09:45:21+00:00
0f24a5e492e34b73,2394,2026-09-05T09:45:21+00:00
5f0c61d10c4142e0,2395,2026-09-05T09:45:21+00:00
15a514bbbb60421b,2396,2026-09-05T09:45:21+00:00
7054f4e4a90b49a5,2397,2026-09-05T09:45:21+00:00
bc8d7d83a1d74616,2398,2026-09-05T09:45:21+00:00
d387695eb70e49ef,2399,2026-09-05T09:45:21+00:00
c5932c879213403d,2400,2026-09-05T09:45:21+00:00
61b58b2a1cfc41ad,2401,2026-09-05T09:45:21+00:00
e2b7b61b9032408b,2402,2026-09-05T09:45:21+00:00
e596a58446654bf8,2403,2026-09-05T09:45:21+00:00
50aac9287bec4d55,2404,2026-09-05T09:45:21+00:00
b271c998ef0348f7,2405,2026-09-05T09:45:21+00:00
a0a9f74180fd4125,2406,2026-09-05T09:45:21+00:00
663d034c78b44989,2407,2026-09-05T09:45:21+00:00
975373895595466a,2408,2026-09-05T09:45:21+00:00
c3515a240bb345f5,2409,2026-09-05T09:45:21+00:00
0bb38ca9986a4525,2410,2026-09-05T09:45:21+00:00
6421f766d2184e2a,2411,2026-09-05T09:45:21+00:00
023747bc694542eb,2412,2026-09-05T09:45:21+00:00
28a4dfdf0a1741c5,2413,2026-09-05T09:45:21+00:00
2502a551aa8d4157,2414,2026-09-05T09:45:21+00:00
6cc4f2618e2c4a4f,2415,2026-09-05T09:45:21+00:00
daffec4bf95c42c3,2416,2026-09-05T09:45:21+00:00
5adb1d769c004a09,2417,2026-09-05T09:45:21+00:00
62fdf5fc955841fb,2418,2026-09-05T09:45:21+00:00
69e5a5d42f154f9b,2419,2026-09-05T09:45:21+00:00
65d2b9aea0174a5b,2420,2026-09-05T09:45:21+00:00
b1f17c1792a94d76,2421,2026-09-05T09:45:21+00:00
d84fd364d35f4273,2422,2026-09-05T09:45:21+00:00
f6ddb784de164187,2423,2026-09-05T09:45:21+00:00
476d2fcbd5a04a62,2424,2026-09-05T09:45:21+00:00
a1e36d571fcd4aa0,2425,2026-09-05T09:45:21+00:00
6ef445a54ee84357,2426,2026-09-05T09:45:21+00:00
10cdedc74e8b451d,2427,2026-09-05T09:45:21+00:00
75b1b3426c874e85,2428,2026-09-05T09:45:21+00:00
386c053c8e9449d0,2429,2026-09-05T09:45:21+00:00
53ec405648344003,2430,2026-09-05T09:45:21+00:00
92c4ce714d8b42b2,2431,2026-09-05T09:45:21+00:00
4785ca8545674c47,2432,2026-09-05T09:45:21+00:00
f91da7ba926c4f98,2433,2026-09-05T09:45:21+00:00
1d6ea601069b4182,2434,2026-09-05T09:45:21+00:00
5da4fc73dc784577,2435,2026-09-05T09:45:21+00:00
5f981b8cf82d40a3,2436,2026-09-05T09:45:21+00:00
9bd182c934604f28,2437,2026-09-05T09:45:21+00:00
32203b788f834baf,2438,2026-09-05T09:45:21+00:00
0698f341c49b45c5,2439,2026-09-05T09:45:21+00:00
3460bdc5dbf64aa7,2440,2026-09-05T09:45:21+00:00
8f2bc26d0edd4c76,2441,2026-09-05T09:45:21+00:00
ea0dfc4243a245d6,2442,2026-09-05T09:45:21+00:00
ea7fb34b2c0c45db,2443,2026-09-05T09:45:21+00:00
c38e4b0ccdd741c7,2444,2026-09-05T09:45:21+00:00
c56f2cb757a54ce0,2445,2026-09-05T09:45:21+00:00
aa28aad6f8e847d8,2446,2026-09-05T09:45:21+00:00
fbface4d218241d2,2447,2026-09-05T09:45:21+00:00
27d15d4cb7b846f6,2448,2026-09-05T09:45:21+00:00
aa2694858d654efb,2449,2026-09-05T09:45:21+00:00
04287570da044493,2450,2026-09-05T09:45:21+00:00
856e57ec495f4aae,2451,2026-09-05T09:45:21+00:00
5316e84922b342a9,2452,2026-09-05T09:45:21+00:00
11ba6473004a4a2f,2453,2026-09-05T09:45:21+00:00
1620cd7a3f4a401a,2454,2026-09-05T09:45:21+00:00
ad675ca05d7b4aa1,2455,2026-09-05T09:45:21+00:00
c31e49000b284282,2456,2026-09-05T09:45:21+00:00
5d30dd64c77646d6,2457,2026-09-05T09:45:21+00:00
bf7ee535793f4e19,2458,2026-09-05T09:45:21+00:00
02d16dfac51b4691,2459,2026-09-05T09:45:21+00:00
7f43f5f367b94c88,2460,2026-09-05T09:45:21+00:00
ba034a40f06e4081,2461,2026-09-05T09:45:21+00:00
55c18f85a585405f,2462,2026-09-05T09:45:21+00:00
6ad67ed7cdc34e13,2463,2026-09-05T09:45:21+00:00
b22d019074df4e20,2464,2026-09-05T09:45:21+00:00
6441cf673833471c,2465,2026-09-05T09:45:21+00:00
d7bb5c1fcbf04130,2466,2026-09-05T09:45:21+00:00
bff133c7a75a4214,2467,2026-09-05T09:45:21+00:00
483196d599384b31,2468,2026-09-05T09:45:21+00:00
de7617691e494143,2469,2026-09-05T09:45:21+00:00
a85ed681edb5400f,2470,2026-09-05T09:45:21+00:00
4c5231158a2443ec,2471,2026-09-05T09:45:21+00:00
24a5637f27974867,2472,2026-09-05T09:45:21+00:00
c41b52af507d4bd4,2473,2026-09-05T09:45:21+00:00
2681692b94d54920,2474,2026-09-05T09:45:21+00:00
4d6908dd5ccf4b6c,2475,2026-09-05T09:45:21+00:00
fbd58ddde86d46e7,2476,2026-09-05T09:45:21+00:00
605d509eb3b9431f,2477,2026-09-05T09:45:21+00:00
64ca6c710dd241b6,2478,2026-09-05T09:45:21+00:00
0160da0e37a14a0e,2479,2026-09-05T09:45:21+00:00
a3826f66c65b49be,2480,2026-09-05T09:45:21+00:00
072e23c1e5d74524,2481,2026-09-05T09:45:21+00:00
f92db9530d4448fe,2482,2026-09-05T09:45:21+00:00
69f4a128e4d54fbc,2483,2026-09-05T09:45:21+00:00
d8ecedbacbdb4b65,2484,2026-09-05T09:45:21+00:00
359e9e20d14f4080,2485,2026-09-05T09:45:21+00:00
02a075c654ab4bb5,2486,2026-09-05T09:45:21+00:00
153a644a695142bb,2487,2026-09-05T09:45:21+00:00
371d4250c8334af4,2488,2026-09-05T09:45:21+00:00
caa6e977b5fe4dfb,2489,2026-09-05T09:45:21+00:00
4d8f8e4aff1c4603,2490,2026-09-05T09:45:21+00:00
c0063c1c5ed24942,2491,2026-09-05T09:45:21+00:00
d995e8339ea54662,2492,2026-09-05T09:45:21+00:00
104b0f6d6e344b3c,2493,2026-09-05T09:45:21+00:00
fc5d068fc044424a,2494,2026-09-05T09:45:21+00:00
8169fdce5e174f63,2495,2026-09-05T09:45:21+00:00
c54ac679d71d47ea,2496,2026-09-05T09:45:21+00:00
cd9892ac860c4aff,2497,2026-09-05T09:45:21+00:00
a1fd87972f064aed,2498,2026-09-05T09:45:21+00:00
43d4fc47c9394110,2499,2026-09-05T09:45:21+00:00
6338f1ae34ba4614,2500,2026-09-05T09:45:21+00:00
da6f1140438848a4,2501,2026-09-05T09:45:21+00:00
40db92fe19354d96,2502,2026-09-05T09:45:21+00:00
1351d26087f24b95,2503,2026-09-05T09:45:21+00:00
4cc95f5e59414ae4,2504,2026-09-05T09:45:21+00:00
36dbbba3d4f04c73,2505,2026-09-05T09:45:21+00:00
6b2bc8c5e0284ac2,2506,2026-09-05T09:45:21+00:00
e1177e3110da49d1,2507,2026-09-05T09:45:21+00:00
f3802a4156184443,2508,2026-09-05T09:45:21+00:00
a743bf29338749e1,2509,2026-09-05T09:45:21+00:00
a2bb8f3644b94a0b,2510,2026-09-05T09:45:21+00:00
685c5ac9835c4768,2511,2026-09-05T09:45:21+00:00
6a485d15fb9c4c36,2512,2026-09-05T09:45:21+00:00
650fc85ba7c142ec,2513,2026-09-05T09:45:21+00:00
47372135ddda45f6,2514,2026-09-05T09:45:21+00:00
d0baa33e5339490d,2515,2026-09-05T09:45:21+00:00
0c5a92f399b2461c,2516,2026-09-05T09:45:21+00:00
d614e46961454245,2517,2026-09-05T09:45:21+00:00
c2227f6fea854007,2518,2026-09-05T09:45:21+00:00
e7871fd0945f4498,2519,2026-09-05T09:45:21+00:00
bc45c58313eb4a5e,2520,2026-09-05T09:45:21+00:00
679b0294a08f41a1,2521,2026-09-05T09:45:21+00:00
26603288073544b6,2522,2026-09-05T09:45:21+00:00
88f6483900234e38,2523,2026-09-05T09:45:21+00:00
6cc69781caeb4987,2524,2026-09-05T09:45:21+00:00
ec2cdaab6d5b4283,2525,2026-09-05T09:45:21+00:00
f371a9d2d6234332,2526,2026-09-05T09:45:21+00:00
cc0c9d3f655a4551,2527,2026-09-05T09:45:21+00:00
f3aa863085994f83,2528,2026-09-05T09:45:21+00:00
ebd6df99209b462a,2529,2026-09-05T09:45:21+00:00
91772d2db6f34721,2530,2026-09-05T09:45:21+00:00
4ae5f43a8dee4957,2531,2026-09-05T09:45:21+00:00
445c808dc96d455e,2532,2026-09-05T09:45:21+00:00
fe706d72e5f94b61,2533,2026-09-05T09:45:21+00:00
b635991e4437457a,2534,2026-09-05T09:45:21+00:00
278f719f3f1b4822,2535,2026-09-05T09:45:21+00:00
88881b8857274946,2536,2026-09-05T09:45:21+00:00
182d5a6f756b4f59,2537,2026-09-05T09:45:21+00:00
98a97361bb5f4489,2538,2026-09-05T09:45:21+00:00
4f58f9c645f0492a,2539,2026-09-05T09:45:21+00:00
e01a4a1c52314131,2540,2026-09-05T09:45:21+00:00
6e9ad14c6cee4294,2541,2026-09-05T09:45:21+00:00
221a160e78404b78,2542,2026-09-05T09:45:21+00:00
9caecda9e6e6441c,2543,2026-09-05T09:45:21+00:00
8ebe2f168fde4ea6,2544,2026-09-05T09:45:21+00:00
055f8dd3f384458a,2545,2026-09-05T09:45:21+00:00
f70f42a89d954ff0,2546,2026-09-05T09:45:21+00:00
75bf09d26b3b4b6d,2547,2026-09-05T09:45:21+00:00
50bf7ae4d9ce496a,2548,2026-09-05T09:45:21+00:00
7cef2a4c54d3480d,2549,2026-09-05T09:45:21+00:00
d938004558494188,2550,2026-09-05T09:45:21+00:00
80a8cc2c66f64436,2551,2026-09-05T09:45:21+00:00
b845edf201304291,2552,2026-09-05T09:45:21+00:00
377b21c56c484461,2553,2026-09-05T09:45:21+00:00
a0a4346f1acc49a0,2554,2026-09-05T09:45:21+00:00
6a754782fac34a3b,2555,2026-09-05T09:45:21+00:00
f4e30e6fc9b1479e,2556,2026-09-05T09:45:21+00:00
8b6829442e2a4847,2557,2026-09-05T09:45:21+00:00
f38baa2f5b6e45ff,2558,2026-09-05T09:45:21+00:00
189331a5f45a4b92,2559,2026-09-05T09:45:21+00:00
2b8109c8c3674b03,2560,2026-09-05T09:45:21+00:00
683f38bdd95d4927,2561,2026-09-05T09:45:21+00:00
a31c9a14732f42bf,2562,2026-09-05T09:45:21+00:00
b70031762ae94a14,2563,2026-09-05T09:45:21+00:00
93585d57f21d4313,2564,2026-09-05T09:45:21+00:00
2fe34ecf05a249db,2565,2026-09-05T09:45:21+00:00
23f167e3f6f640bc,2566,2026-09-05T09:45:21+00:00
df608cca05b84b3d,2567,2026-09-05T09:45:21+00:00
d6116ae65e744d8d,2568,2026-09-05T09:45:21+00:00
503086d3247247da,2569,2026-09-05T09:45:21+00:00
4e0ab370ee174ae1,2570,2026-09-05T09:45:21+00:00
bcb08d2515424269,2571,2026-09-05T09:45:21+00:00
738356fb91994785,2572,2026-09-05T09:45:21+00:00
6e10bd5487df48fb,2573,2026-09-05T09:45:21+00:00
e0c678a75a7a4fd0,2574,2026-09-05T09:45:21+00:00
f8f426d1d9374576,2575,2026-09-05T09:45:21+00:00
db2d7f6d848c4742,2576,2026-09-05T09:45:21+00:00
45f38b0ef3ee4a4b,2577,2026-09-05T09:45:21+00:00
c737e326eefd4d9b,2578,2026-09-05T09:45:21+00:00
346e26450a604419,2579,2026-09-05T09:45:21+00:00
0e5ad1a2565243d3,2580,2026-09-05T09:45:21+00:00
38d660e205574a5a,2581,2026-09-05T09:45:21+00:00
1e5559b31ecc467f,2582,2026-09-05T09:45:21+00:00
e6336517cb3a40e5,2583,2026-09-05T09:45:21+00:00
48783a92c8ec4c21,2584,2026-09-05T09:45:21+00:00
fd4d8abc820f4d0c,2585,2026-09-05T09:45:21+00:00
ac4939333f1a48ef,2586,2026-09-05T09:45:21+00:00
83968d52bdfe4c3f,2587,2026-09-05T09:45:21+00:00
1c9cb5efe4ea40de,2588,2026-09-05T09:45:21+00:00
b580b463b9bc4d43,2589,2026-09-05T09:45:21+00:00
f5cfb54c392446f5,2590,2026-09-05T09:45:21+00:00
1c1171f287fa48d6,2591,2026-09-05T09:45:21+00:00
7c0efe832c0f4bb8,2592,2026-09-05T09:45:21+00:00
f90f513e84d449be,2593,2026-09-05T09:45:21+00:00
affc3b72786548ec,2594,2026-09-05T09:45:21+00:00
a0dad5419a0a4a08,2595,2026-09-05T09:45:21+00:00
c64e757d7136442d,2596,2026-09-05T09:45:21+00:00
a815a5c6a009435e,2597,2026-09-05T09:45:21+00:00
f302780b16c04e21,2598,2026-09-05T09:45:21+00:00
120e2fb455404453,2599,2026-09-05T09:45:21+00:00
cbc08059c2c34841,2600,2026-09-05T09:45:21+00:00
cc1581753ce64921,2601,2026-09-05T09:45:21+00:00
bd0cc1e9752c4926,2602,2026-09-05T09:45:21+00:00
26773576ad7a4c9c,2603,2026-09-05T09:45:21+00:00
09b74071bf164aea,2604,2026-09-05T09:45:21+00:00
598990a395b24a3f,2605,2026-09-05T09:45:21+00:00
5db71ebecc0d40b9,2606,2026-09-05T09:45:21+00:00
d7e880d7e5e64882,2607,2026-09-05T09:45:21+00:00
a2669b97a27b4f97,2608,2026-09-05T09:45:21+00:00
c94d01e782294d83,2609,2026-09-05T09:45:21+00:00
8cbfb5706f1e4bd3,2610,2026-09-05T09:45:21+00:00
b6fd9899597d49da,2611,2026-09-05T09:45:21+00:00
70aa376169754058,2612,2026-09-05T09:45:21+00:00
7ed16e9d8bb34c67,2613,2026-09-05T09:45:21+00:00
412a36f429c547cf,2614,2026-09-05T09:45:21+00:00
d2c9e929c9ca44d6,2615,2026-09-05T09:45:21+00:00
a807b843a2924600,2616,2026-09-05T09:45:21+00:00
cfeab1eed1614f8f,2617,2026-09-05T09:45:21+00:00
743da86d13fd41f9,2618,2026-09-05T09:45:21+00:00
312172adb845422c,2619,2026-09-05T09:45:21+00:00
a69b68e3899e4b44,2620,2026-09-05T09:45:21+00:00
eea8ef9f1c294938,2621,2026-09-05T09:45:21+00:00
41f045a18b444a1f,2622,2026-09-05T09:45:21+00:00
6e7916d1f5794f08,2623,2026-09-05T09:45:21+00:00
8262b40d68ba4c9f,2624,2026-09-05T09:45:21+00:00
56fa42efa2f04636,2625,2026-09-05T09:45:21+00:00
9178cf5afb7043ea,2626,2026-09-05T09:45:21+00:00
6a0ec6ce5c454470,2627,2026-09-05T09:45:21+00:00
02378572ceda4994,2628,2026-09-05T09:45:21+00:00
560c68f983314ea6,2629,2026-09-05T09:45:21+00:00
3c93eca32c9045ba,2630,2026-09-05T09:45:21+00:00
22807f3f04bd4239,2631,2026-09-05T09:45:21+00:00
3b91706d48fe4170,2632,2026-09-05T09:45:21+00:00
8aa7dcf4a1e4488b,2633,2026-09-05T09:45:21+00:00
e6fb6763b4684a12,2634,2026-09-05T09:45:21+00:00
690a7e8c99e043eb,2635,2026-09-05T09:45:21+00:00
49fd0591748141a4,2636,2026-09-05T09:45:21+00:00
5c93ab0384f749c4,2637,2026-09-05T09:45:21+00:00
6ec7409dc4a74d0f,2638,2026-09-05T09:45:21+00:00
6519e771c8114e6d,2639,2026-09-05T09:45:21+00:00
218ce0b5d7434a8d,2640,2026-09-05T09:45:21+00:00
9c05b52ddb7c4f39,2641,2026-09-05T09:45:21+00:00
747ed0f5462d4460,2642,2026-09-05T09:45:21+00:00
e865b36af8eb4e13,2643,2026-09-05T09:45:21+00:00
21d7aeb5f23f4302,2644,2026-09-05T09:45:21+00:00
99b4e51be5de4b8a,2645,2026-09-05T09:45:21+00:00
9e618dd851d4447e,2646,2026-09-05T09:45:21+00:00
921be5eb36cc4b3d,2647,2026-09-05T09:45:21+00:00
efee242467a94085,2648,2026-09-05T09:45:21+00:00
457019f00f2549fc,2649,2026-09-05T09:45:21+00:00
455d8594cdcb427e,2650,2026-09-05T09:45:21+00:00
ebbb18665f704fd1,2651,2026-09-05T09:45:21+00:00
6c68e56f66804768,2652,2026-09-05T09:45:21+00:00
57de8e1a14bd4267,2653,2026-09-05T09:45:21+00:00
21bfe074d3c74c28,2654,2026-09-05T09:45:21+00:00
2d10f8c741f4457f,2655,2026-09-05T09:45:21+00:00
974577fbf6764c95,2656,2026-09-05T09:45:21+00:00
7be6ea56e1534d30,2657,2026-09-05T09:45:21+00:00
3131b000f27b4032,2658,2026-09-05T09:45:21+00:00
5b698d2aaa50492e,2659,2026-09-05T09:45:21+00:00
03fa41f1bb1b457a,2660,2026-09-05T09:45:21+00:00
ecf73f0c84fa4e38,2661,2026-09-05T09:45:21+00:00
846a98c05ab54030,2662,2026-09-05T09:45:21+00:00
31dcadd6efb44503,2663,2026-09-05T09:45:21+00:00
26353f9eac7d4e39,2664,2026-09-05T09:45:21+00:00
caeb9e47a21748f5,2665,2026-09-05T09:45:21+00:00
e3ac0927fb984290,2666,2026-09-05T09:45:21+00:00
97424bd22c9c40b6,2667,2026-09-05T09:45:21+00:00
e0aa073322864348,2668,2026-09-05T09:45:21+00:00
925cfa8d91414120,2669,2026-09-05T09:45:21+00:00
b6c137c358724ef5,2670,2026-09-05T09:45:21+00:00
412990fed4a348b2,2671,2026-09-05T09:45:21+00:00
66be854dee494dc2,2672,2026-09-05T09:45:21+00:00
9255781bb09347d8,2673,2026-09-05T09:45:21+00:00
abf17eb612744ce0,2674,2026-09-05T09:45:21+00:00
8f879317d05043a5,2675,2026-09-05T09:45:21+00:00
1f5364ead2b344f7,2676,2026-09-05T09:45:21+00:00
a98f95a3be79403c,2677,2026-09-05T09:45:21+00:00
b1efbdabb2f64ee8,2678,2026-09-05T09:45:21+00:00
7d8b938fe1b14d86,2679,2026-09-05T09:45:21+00:00
40ee59bfed594bdd,2680,2026-09-05T09:45:21+00:00
bf2e29ad4a704874,2681,2026-09-05T09:45:21+00:00
7f4775bec22e4aca,2682,2026-09-05T09:45:21+00:00
0fba4739a45846be,2683,2026-09-05T09:45:21+00:00
b1cfdc3e5aac45d5,2684,2026-09-05T09:45:21+00:00
04e1427a0bd94a23,2685,2026-09-05T09:45:21+00:00
ea978cb24a4546c8,2686,2026-09-05T09:45:21+00:00
9140fcb38a8d4f57,2687,2026-09-05T09:45:21+00:00
a6a242eb6aa747df,2688,2026-09-05T09:45:21+00:00
e3aa5e969ad44445,2689,2026-09-05T09:45:21+00:00
f7d4acf5551a49b2,2690,2026-09-05T09:45:21+00:00
aad3a61ad9d848b8,2691,2026-09-05T09:45:21+00:00
0e2675f08224466f,2692,2026-09-05T09:45:21+00:00
b1dadfa9ffe24080,2693,2026-09-05T09:45:21+00:00
1eee51f524e54f85,2694,2026-09-05T09:45:21+00:00
64974abf04844170,2695,2026-09-05T09:45:21+00:00
9c4ff5568fc84166,2696,2026-09-05T09:45:21+00:00
52395242cbe94912,2697,2026-09-05T09:45:21+00:00
eaff739798fc46a6,2698,2026-09-05T09:45:21+00:00
07d110eb0a3e4a0b,2699,2026-09-05T09:45:21+00:00
ceb0ac70f52a404a,2700,2026-09-05T09:45:21+00:00
1757fa8277ef449d,2701,2026-09-05T09:45:21+00:00
b66c57d99eac4e40,2702,2026-09-05T09:45:21+00:00
552ee2ba5d23452b,2703,2026-09-05T09:45:21+00:00
382f3d0b9cf849b3,2704,2026-09-05T09:45:21+00:00
24ade2a4e7864bfc,2705,2026-09-05T09:45:21+00:00
62511d8526e24849,2706,2026-09-05T09:45:21+00:00
ab89a5e00a7e46fd,2707,2026-09-05T09:45:21+00:00
d9892c8b27254ae7,2708,2026-09-05T09:45:21+00:00
7f8353480c704346,2709,2026-09-05T09:45:21+00:00
a8d348e3f76340e0,2710,2026-09-05T09:45:21+00:00
b332765f92784a53,2711,2026-09-05T09:45:21+00:00
64ed335da8674bf7,2712,2026-09-05T09:45:21+00:00
8881b003cc1441f4,2713,2026-09-05T09:45:21+00:00
a6d9cc4862714941,2714,2026-09-05T09:45:21+00:00
2fde340703bf4492,2715,2026-09-05T09:45:21+00:00
329595d51bd84326,2716,2026-09-05T09:45:21+00:00
8674d42f37424b9c,2717,2026-09-05T09:45:21+00:00
35d1128b87fe40b7,2718,2026-09-05T09:45:21+00:00
1d5fec2b6ace4a8c,2719,2026-09-05T09:45:21+00:00
10aa14bfca6b4356,2720,2026-09-05T09:45:21+00:00
da8763660b074ffe,2721,2026-09-05T09:45:21+00:00
f7a2e2b6b9514842,2722,2026-09-05T09:45:21+00:00
da572410c499454e,2723,2026-09-05T09:45:21+00:00
cebaf7710f9f4c0f,2724,2026-09-05T09:45:21+00:00
4b772a11b89741ac,2725,2026-09-05T09:45:21+00:00
e14f0b00021f488c,2726,2026-09-05T09:45:21+00:00
cc2d429ada0b42bb,2727,2026-09-05T09:45:21+00:00
3508d049868e4fef,2728,2026-09-05T09:45:21+00:00
b15c50de31d74da9,2729,2026-09-05T09:45:21+00:00
90b06b787d424aa9,2730,2026-09-05T09:45:21+00:00
e94a3a2f979841b8,2731,2026-09-05T09:45:21+00:00
8beddd505d324077,2732,2026-09-05T09:45:21+00:00
895643e75d3d4d2a,2733,2026-09-05T09:45:21+00:00
7580251075ea48db,2734,2026-09-05T09:45:21+00:00
6fbe62a2827446b8,2735,2026-09-05T09:45:21+00:00
ce839bd9bd104198,2736,2026-09-05T09:45:21+00:00
f8582013e10c42cc,2737,2026-09-05T09:45:21+00:00
3eec6282682b499c,2738,2026-09-05T09:45:21+00:00
5b34a022320c40d8,2739,2026-09-05T09:45:21+00:00
021bfe1b4d7341a1,2740,2026-09-05T09:45:21+00:00
233be752f14e48db,2741,2026-09-05T09:45:21+00:00
395ea6003fc94a4b,2742,2026-09-05T09:45:21+00:00
682077ef87a445f0,2743,2026-09-05T09:45:21+00:00
473f35b47d6548fc,2744,2026-09-05T09:45:21+00:00
6773d01638174ba6,2745,2026-09-05T09:45:21+00:00
8535e26543fc40aa,2746,2026-09-05T09:45:21+00:00
c2be9f0c3d584758,2747,2026-09-05T09:45:21+00:00
76027dac628e4dab,2748,2026-09-05T09:45:21+00:00
68b464856b924214,2749,2026-09-05T09:45:21+00:00
a193cf91bdf2472b,2750,2026-09-05T09:45:21+00:00
bbdaa3aef8a0410c,2751,2026-09-05T09:45:21+00:00
f8042b250cd04149,2752,2026-09-05T09:45:21+00:00
6a356bb4d3174a56,2753,2026-09-05T09:45:21+00:00
fd5ee8f3592a4160,2754,2026-09-05T09:45:21+00:00
85f39a2f59034f68,2755,2026-09-05T09:45:21+00:00
0f31402e8ce44889,2756,2026-09-05T09:45:21+00:00
4a67adc72a734ac0,2757,2026-09-05T09:45:21+00:00
d760b4a06f234abf,2758,2026-09-05T09:45:21+00:00
bf09aaab014941bd,2759,2026-09-05T09:45:21+00:00
3173957124004b51,2760,2026-09-05T09:45:21+00:00
8a01ccde69924e19,2761,2026-09-05T09:45:21+00:00
4e51a62ee4ce465d,2762,2026-09-05T09:45:21+00:00
c9c6b9cebc1044ea,2763,2026-09-05T09:45:21+00:00
ed28f46a49514890,2764,2026-09-05T09:45:21+00:00
21b5262b146840fc,2765,2026-09-05T09:45:21+00:00
ccd28a3115ca4557,2766,2026-09-05T09:45:21+00:00
374106ae1c804793,2767,2026-09-05T09:45:21+00:00
dbcb2e3e82be4e24,2768,2026-09-05T09:45:21+00:00
9db45f67a7ed4467,2769,2026-09-05T09:45:21+00:00
538ea7bf277e4852,2770,2026-09-05T09:45:21+00:00
520810e1605c403f,2771,2026-09-05T09:45:21+00:00
2b6bc0ec058a40a7,2772,2026-09-05T09:45:21+00:00
b3038651336b4c5a,2773,2026-09-05T09:45:21+00:00
f0f21061359741dc,2774,2026-09-05T09:45:21+00:00
71900bb0a8014b4d,2775,2026-09-05T09:45:21+00:00
3e12de006ef84c2b,2776,2026-09-05T09:45:21+00:00
6bb9c50dd88348c3,2777,2026-09-05T09:45:21+00:00
cc92062c2efd4360,2778,2026-09-05T09:45:21+00:00
4469e3018e4545fc,2779,2026-09-05T09:45:21+00:00
83a5b1f12de644c6,2780,2026-09-05T09:45:21+00:00
8a935fa0bd8b4288,2781,2026-09-05T09:45:21+00:00
756241b1f4ca4334,2782,2026-09-05T09:45:21+00:00
06e8604b043a41cf,2783,2026-09-05T09:45:21+00:00
391c6bd0e0f84f81,2784,2026-09-05T09:45:21+00:00
494f7f5f64f74a4e,2785,2026-09-05T09:45:21+00:00
7e3e262d27034218,2786,2026-09-05T09:45:21+00:00
4253a050cb7147fd,2787,2026-09-05T09:45:21+00:00
e9d50741ee78443f,2788,2026-09-05T09:45:21+00:00
37182224feaf4624,2789,2026-09-05T09:45:21+00:00
7b1802079c764d04,2790,2026-09-05T09:45:21+00:00
a7aea28c2977486c,2791,2026-09-05T09:45:21+00:00
f4b8db4d070c4f9d,2792,2026-09-05T09:45:21+00:00
20ce2abfa895451d,2793,2026-09-05T09:45:21+00:00
d440d7adf6994462,2794,2026-09-05T09:45:21+00:00
d1e455c085984901,2795,2026-09-05T09:45:21+00:00
d0e93cb47c8d4c4a,2796,2026-09-05T09:45:21+00:00
503f702e0de24dc2,2797,2026-09-05T09:45:21+00:00
fb466e46ad7c4d7e,2798,2026-09-05T09:45:21+00:00
cdc8716c9cae4a3e,2799,2026-09-05T09:45:21+00:00
84be54da0c9a45c0,2800,2026-09-05T09:45:21+00:00
25f7531783e54684,2801,2026-09-05T09:45:21+00:00
6ccaa4b54dd94d1c,2802,2026-09-05T09:45:21+00:00
bb578cee39fe431c,2803,2026-09-05T09:45:21+00:00
08cdcabe8b034558,2804,2026-09-05T09:45:21+00:00
17f088d87a934eb5,2805,2026-09-05T09:45:21+00:00
86f63f4c646c4c88,2806,2026-09-05T09:45:21+00:00
abdf286f12a14ea7,2807,2026-09-05T09:45:21+00:00
561da172e6f54364,2808,2026-09-05T09:45:21+00:00
e9eac5e1fcb74617,2809,2026-09-05T09:45:21+00:00
b8b155619c074514,2810,2026-09-05T09:45:21+00:00
4c90c16792d94111,2811,2026-09-05T09:45:21+00:00
69e250207a724433,2812,2026-09-05T09:45:21+00:00
ecf9cecb4581488a,2813,2026-09-05T09:45:21+00:00
1ab6e0717c664748,2814,2026-09-05T09:45:21+00:00
43b0f57acff343b8,2815,2026-09-05T09:45:21+00:00
c90c36eaea444df6,2816,2026-09-05T09:45:21+00:00
cff992f63cd24385,2817,2026-09-05T09:45:21+00:00
e6c42703e897438c,2818,2026-09-05T09:45:21+00:00
cb1f5ffe9c764e46,2819,2026-09-05T09:45:21+00:00
608e5726162b467d,2820,2026-09-05T09:45:21+00:00
c3dc0ec8cd184fe6,2821,2026-09-05T09:45:21+00:00
4c4f2ed9810f46fc,2822,2026-09-05T09:45:21+00:00
61af7390605449f5,2823,2026-09-05T09:45:21+00:00
58a36b2090da4c18,2824,2026-09-05T09:45:21+00:00
32ce56f63f9a4d50,2825,2026-09-05T09:45:21+00:00
6f4ec339943e45a3,2826,2026-09-05T09:45:21+00:00
656598ace8cc412e,2827,2026-09-05T09:45:21+00:00
a1f7e307842b41b5,2828,2026-09-05T09:45:21+00:00
688eb60138fc4ff5,2829,2026-09-05T09:45:21+00:00
2541ca5e804e4c95,2830,2026-09-05T09:45:21+00:00
27c178abab154547,2831,2026-09-05T09:45:21+00:00
7ca6752227fd4176,2832,2026-09-05T09:45:21+00:00
31a42d44f11f4237,2833,2026-09-05T09:45:21+00:00
f80fe0c301434931,2834,2026-09-05T09:45:21+00:00
75d8140089224267,2835,2026-09-05T09:45:21+00:00
3b3c6479a07b4ac1,2836,2026-09-05T09:45:21+00:00
c9d8ced1ee5f4aa3,2837,2026-09-05T09:45:21+00:00
b19b4d4dfce14666,2838,2026-09-05T09:45:21+00:00
d56aeb7919c94973,2839,2026-09-05T09:45:21+00:00
129a7ac7b5ee4ba8,2840,2026-09-05T09:45:21+00:00
99e887f96c474e59,2841,2026-09-05T09:45:21+00:00
4fcb3ac096c140b6,2842,2026-09-05T09:45:21+00:00
7ce415155e9248a9,2843,2026-09-05T09:45:21+00:00
45277a548c234cf4,2844,2026-09-05T09:45:21+00:00
ff081a44623442f5,2845,2026-09-05T09:45:21+00:00
e34ab002f51848a2,2846,2026-09-05T09:45:21+00:00
35d5b6355129413f,2847,2026-09-05T09:45:21+00:00
5e8b631f72e142ec,2848,2026-09-05T09:45:21+00:00
694c1877f5f24630,2849,2026-09-05T09:45:21+00:00
903a81fb19a24a2a,2850,2026-09-05T09:45:21+00:00
767e69231f084cb5,2851,2026-09-05T09:45:21+00:00
1e257e97a8e0456f,2852,2026-09-05T09:45:21+00:00
75d683f0e7814b4e,2853,2026-09-05T09:45:21+00:00
98389e20e743431e,2854,2026-09-05T09:45:21+00:00
22a1a0ba94d945e6,2855,2026-09-05T09:45:21+00:00
804ab6364b104099,2856,2026-09-05T09:45:21+00:00
587ebc57142542eb,2857,2026-09-05T09:45:21+00:00
0c16e543d7c244fa,2858,2026-09-05T09:45:21+00:00
de8862fa6b324ed4,2859,2026-09-05T09:45:21+00:00
7d527327a4244080,2860,2026-09-05T09:45:21+00:00
1fbb1f6d38bb4f29,2861,2026-09-05T09:45:21+00:00
22f2dc56980e4f2e,2862,2026-09-05T09:45:21+00:00
2359820f3570402e,2863,2026-09-05T09:45:21+00:00
70b7fbbae46545d1,2864,2026-09-05T09:45:21+00:00
17c79631bb814697,2865,2026-09-05T09:45:21+00:00
0558b9e4291d429d,2866,2026-09-05T09:45:21+00:00
e71936bb39504dcf,2867,2026-09-05T09:45:21+00:00
9abe1c8795d74805,2868,2026-09-05T09:45:21+00:00
6c1bb5f089a845e2,2869,2026-09-05T09:45:21+00:00
7d3a16b0d1294f8c,2870,2026-09-05T09:45:21+00:00
5c650be096124424,2871,2026-09-05T09:45:21+00:00
5e15ac7fb32b4f0d,2872,2026-09-05T09:45:21+00:00
46a9c852bfd64833,2873,2026-09-05T09:45:21+00:00
f66d5a1d6eda47fe,2874,2026-09-05T09:45:21+00:00
09c53a25bce748a4,2875,2026-09-05T09:45:21+00:00
cddeabd9a7014961,2876,2026-09-05T09:45:21+00:00
f054fa28adda4623,2877,2026-09-05T09:45:21+00:00
d0c85ce39bf84bd9,2878,2026-09-05T09:45:21+00:00
1f646f4554794011,2879,2026-09-05T09:45:21+00:00
cf6f0ddaf2b3476e,2880,2026-09-05T09:45:21+00:00
9413f870f2534bef,2881,2026-09-05T09:45:21+00:00
19f47d8339184cd8,2882,2026-09-05T09:45:21+00:00
d108ae6ff6554005,2883,2026-09-05T09:45:21+00:00
08d495d56829461e,2884,2026-09-05T09:45:21+00:00
f61d6f308a0842cb,2885,2026-09-05T09:45:21+00:00
bd1c021c5a1d4e95,2886,2026-09-05T09:45:21+00:00
f3e148c47ec44ea5,2887,2026-09-05T09:45:21+00:00
9ea91c0d3f794bdd,2888,2026-09-05T09:45:21+00:00
1efea4b75cf347d0,2889,2026-09-05T09:45:21+00:00
b05dc95708a74038,2890,2026-09-05T09:45:21+00:00
9fc5acadf3bd47a7,2891,2026-09-05T09:45:21+00:00
8e71bc5354ce4488,2892,2026-09-05T09:45:21+00:00
f80a337ede184c44,2893,2026-09-05T09:45:21+00:00
7a76cf5fbb4b46e4,2894,2026-09-05T09:45:21+00:00
5b73349167094478,2895,2026-09-05T09:45:21+00:00
49d0627b8d844d48,2896,2026-09-05T09:45:21+00:00
a7fc1666315247ce,2897,2026-09-05T09:45:21+00:00
870a16aa98334fbe,2898,2026-09-05T09:45:21+00:00
c38d22a30dc441a4,2899,2026-09-05T09:45:21+00:00
65eff1b2f6d2450e,2900,2026-09-05T09:45:21+00:00
276359b76ee546a6,2901,2026-09-05T09:45:21+00:00
7cda308d7b85482e,2902,2026-09-05T09:45:21+00:00
d73d19f0b5fd444a,2903,2026-09-05T09:45:21+00:00
cab95d5d33a648af,2904,2026-09-05T09:45:21+00:00
6b0348d16ee74937,2905,2026-09-05T09:45:21+00:00
275573f4b4364d23,2906,2026-09-05T09:45:21+00:00
b6e4e23fb806482b,2907,2026-09-05T09:45:21+00:00
418ce303cf224830,2908,2026-09-05T09:45:21+00:00
ddd79f29431b4394,2909,2026-09-05T09:45:21+00:00
2f046da8aa904b16,2910,2026-09-05T09:45:21+00:00
da6ae58727924940,2911,2026-09-05T09:45:21+00:00
176261ff2d844fe7,2912,2026-09-05T09:45:21+00:00
aa260d2362a74b19,2913,2026-09-05T09:45:21+00:00
f8e82e01199e4238,2914,2026-09-05T09:45:21+00:00
fd54f227da3943ff,2915,2026-09-05T09:45:21+00:00
5b5e518b71f4400c,2916,2026-09-05T09:45:21+00:00
101990d564074484,2917,2026-09-05T09:45:21+00:00
3547391b4a2c467e,2918,2026-09-05T09:45:21+00:00
d13c19f04c2b47c6,2919,2026-09-05T09:45:21+00:00
4888bc9e54674ba3,2920,2026-09-05T09:45:21+00:00
5d6d87c4ceeb46a2,2921,2026-09-05T09:45:21+00:00
7e353abcec6248b3,2922,2026-09-05T09:45:21+00:00
8fc389ee7fec43c7,2923,2026-09-05T09:45:21+00:00
26158b691df54b49,2924,2026-09-05T09:45:21+00:00
06752023f8f84001,2925,2026-09-05T09:45:21+00:00
357d3c5fdd644998,2926,2026-09-05T09:45:21+00:00
4132a889d83544b9,2927,2026-09-05T09:45:21+00:00
c94c05ded03a4ead,2928,2026-09-05T09:45:21+00:00
79651a9924034bc7,2929,2026-09-05T09:45:21+00:00
55e014f46299426b,2930,2026-09-05T09:45:21+00:00
b8d5fb22d4754631,2931,2026-09-05T09:45:21+00:00
cebe5faa853a409c,2932,2026-09-05T09:45:21+00:00
c1ebc689671146f4,2933,2026-09-05T09:45:21+00:00
b26118b6037d40b8,2934,2026-09-05T09:45:21+00:00
70da24647e2b4aa0,2935,2026-09-05T09:45:21+00:00
57ea60180b2f4261,2936,2026-09-05T09:45:21+00:00
cbce3483959a473d,2937,2026-09-05T09:45:21+00:00
fba8fccfbedd4fe3,2938,2026-09-05T09:45:21+00:00
2b659e90d7bc44f8,2939,2026-09-05T09:45:21+00:00
8a4d4c6d1bd5487c,2940,2026-09-05T09:45:21+00:00
fe5b2701f9f641c3,2941,2026-09-05T09:45:21+00:00
8fd49a75bf014880,2942,2026-09-05T09:45:21+00:00
b50e3a96d1bc431a,2943,2026-09-05T09:45:21+00:00
9b1abdd9f9094a17,2944,2026-09-05T09:45:21+00:00
7c2c56ddc7e840d8,2945,2026-09-05T09:45:21+00:00
7c9f8ada7e3d4ff0,2946,2026-09-05T09:45:21+00:00
6126596d5a3044d3,2947,2026-09-05T09:45:21+00:00
086bcfb1f19746c0,2948,2026-09-05T09:45:21+00:00
8690d41d048241f7,2949,2026-09-05T09:45:21+00:00
d372c4c2fc4640d9,2950,2026-09-05T09:45:21+00:00
e8093f8fcbdf4079,2951,2026-09-05T09:45:21+00:00
473c92ac65e54cd2,2952,2026-09-05T09:45:21+00:00
c3d7c87a06094b1b,2953,2026-09-05T09:45:21+00:00
c21b77913f3444b4,2954,2026-09-05T09:45:21+00:00
e9150bfabf8145d0,2955,2026-09-05T09:45:21+00:00
9f0127ade09c48e6,2956,2026-09-05T09:45:21+00:00
94927c77e76e4761,2957,2026-09-05T09:45:21+00:00
c163b325296840fb,2958,2026-09-05T09:45:21+00:00
6062c179da3f41d4,2959,2026-09-05T09:45:21+00:00
83b41931f7f94e20,2960,2026-09-05T09:45:21+00:00
d1f22fdbac214038,2961,2026-09-05T09:45:21+00:00
79c0f7ecb43a45ec,2962,2026-09-05T09:45:21+00:00
880429c27c71447b,2963,2026-09-05T09:45:21+00:00
40d3bf9e6001403a,2964,2026-09-05T09:45:21+00:00
a5c77b08a7d04819,2965,2026-09-05T09:45:21+00:00
9a05595ad1794cc6,2966,2026-09-05T09:45:21+00:00
3fb2fb4531a04a2a,2967,2026-09-05T09:45:21+00:00
4ac17ae11daf451b,2968,2026-09-05T09:45:21+00:00
46ecd0b6b4d14edd,2969,2026-09-05T09:45:21+00:00
f09db8bc6e6441e7,2970,2026-09-05T09:45:21+00:00
59d4e0a4b37643a3,2971,2026-09-05T09:45:21+00:00
6bdf296f05d84263,2972,2026-09-05T09:45:21+00:00
fb8b810b203d4852,2973,2026-09-05T09:45:21+00:00
ecd63b78bfbd44a2,2974,2026-09-05T09:45:21+00:00
209d5fa4d841436a,2975,2026-09-05T09:45:21+00:00
d3cd598985344342,2976,2026-09-05T09:45:21+00:00
333a5252aa6645fc,2977,2026-09-05T09:45:21+00:00
55e7b99ac58b4f4a,2978,2026-09-05T09:45:21+00:00
cf4bf2d946f14789,2979,2026-09-05T09:45:21+00:00
5d516d4b72ca4551,2980,2026-09-05T09:45:21+00:00
23a347dd304c426e,2981,2026-09-05T09:45:21+00:00
6619cc3ed0474799,2982,2026-09-05T09:45:21+00:00
26b5d76c01e445b3,2983,2026-09-05T09:45:21+00:00
bb739d092a51499b,2984,2026-09-05T09:45:21+00:00
d44b9433a47c4c36,2985,2026-09-05T09:45:21+00:00
d906ee17ea324472,2986,2026-09-05T09:45:21+00:00
b56a081b7f9a48df,2987,2026-09-05T09:45:21+00:00
ff766efa3096491d,2988,2026-09-05T09:45:21+00:00
0566c492d0fd471a,2989,2026-09-05T09:45:21+00:00
0edec79140a44c26,2990,2026-09-05T09:45:21+00:00
f9467e911b574111,2991,2026-09-05T09:45:21+00:00
50e3083f8ae0499b,2992,2026-09-05T09:45:21+00:00
1d9c0322eb894bf8,2993,2026-09-05T09:45:21+00:00
6e1082db01604d43,2994,2026-09-05T09:45:21+00:00
38d77ffcedce4996,2995,2026-09-05T09:45:21+00:00
495dee60bd564918,2996,2026-09-05T09:45:21+00:00
db61e66b9c6a40c2,2997,2026-09-05T09:45:21+00:00
34bff8f4d7ce400e,2998,2026-09-05T09:45:21+00:00
63271ab3ebf94efb,2999,2026-09-05T09:45:21+00:00
9a7a9c4902c24744,3000,2026-09-05T09:45:21+00:00
89a364c0f0c44c81,3001,2026-09-05T09:45:21+00:00
693bb54e2e194bbf,3002,2026-09-05T09:45:21+00:00
31f686bfb1b44ded,3003,2026-09-05T09:45:21+00:00
f4b620e778cb4072,3004,2026-09-05T09:45:21+00:00
fb4a8093e6bd478d,3005,2026-09-05T09:45:21+00:00
f8cd66ace4fd45c0,3006,2026-09-05T09:45:21+00:00
89390f89c4a94fcd,3007,2026-09-05T09:45:21+00:00
eaf64df6528541d8,3008,2026-09-05T09:45:21+00:00
0a7a162dda344089,3009,2026-09-05T09:45:21+00:00
ae5fb1551d9646b8,3010,2026-09-05T09:45:21+00:00
1b412f07b2cf4c0a,3011,2026-09-05T09:45:21+00:00
ce45e79a8c694011,3012,2026-09-05T09:45:21+00:00
44673d742b094bf7,3013,2026-09-05T09:45:21+00:00
6c1ed616119741a4,3014,2026-09-05T09:45:21+00:00
3a1db2778d094096,3015,2026-09-05T09:45:21+00:00
5a0b076c842c44a8,3016,2026-09-05T09:45:21+00:00
41fe1de858f4492e,3017,2026-09-05T09:45:21+00:00
7493a8728a9343ab,3018,2026-09-05T09:45:21+00:00
c72ce1de61a34bf0,3019,2026-09-05T09:45:21+00:00
b0f4427881d44c1e,3020,2026-09-05T09:45:21+00:00
21b2d610d9ef41df,3021,2026-09-05T09:45:21+00:00
5fde10d95daf4c76,3022,2026-09-05T09:45:21+00:00
844008d70f33479f,3023,2026-09-05T09:45:21+00:00
1ea27956e10d4c51,3024,2026-09-05T09:45:21+00:00
77c5fca544824125,3025,2026-09-05T09:45:21+00:00
b521b2d2b0754386,3026,2026-09-05T09:45:21+00:00
0524489c3af845c8,3027,2026-09-05T09:45:21+00:00
22a5be25d900477d,3028,2026-09-05T09:45:21+00:00
e4639a8768624cda,3029,2026-09-05T09:45:21+00:00
cb3f9cef19f947b1,3030,2026-09-05T09:45:21+00:00
f9ce480e60164b49,3031,2026-09-05T09:45:21+00:00
3a120c593d224e4a,3032,2026-09-05T09:45:21+00:00
f7299f32a4994f0a,3033,2026-09-05T09:45:21+00:00
99fc85d2e9344b42,3034,2026-09-05T09:45:21+00:00
5e605c065e664480,3035,2026-09-05T09:45:21+00:00
ffdb180fd94349df,3036,2026-09-05T09:45:21+00:00
92e5b2b697254fed,3037,2026-09-05T09:45:21+00:00
755d3ac9236845c8,3038,2026-09-05T09:45:21+00:00
1c021187a3ff4c0f,3039,2026-09-05T09:45:21+00:00
17c9b8a4edb04031,3040,2026-09-05T09:45:21+00:00
c387bfe0c82c4b71,3041,2026-09-05T09:45:21+00:00
8b0c1da2ff3440cf,3042,2026-09-05T09:45:21+00:00
c31a1573f1df41ea,3043,2026-09-05T09:45:21+00:00
805a9b49558c4afe,3044,2026-09-05T09:45:21+00:00
fcf1cf7904c340fa,3045,2026-09-05T09:45:21+00:00
3ed2352d67c446e0,3046,2026-09-05T09:45:21+00:00
e043ba90aaed4752,3047,2026-09-05T09:45:21+00:00
7cdabea492f047c6,3048,2026-09-05T09:45:21+00:00
02d98678178c4051,3049,2026-09-05T09:45:21+00:00
8c4ea700a6ca4efd,3050,2026-09-05T09:45:21+00:00
f1b8bcd86c7d426c,3051,2026-09-05T09:45:21+00:00
da99a3bfaa034bff,3052,2026-09-05T09:45:21+00:00
ca280e5e0b6244c0,3053,2026-09-05T09:45:21+00:00
01bca3c7218e4274,3054,2026-09-05T09:45:21+00:00
4d0be8b10aac4e11,3055,2026-09-05T09:45:21+00:00
fc1953da831b4c0c,3056,2026-09-05T09:45:21+00:00
ebba8d7b997746f7,3057,2026-09-05T09:45:21+00:00
9fdc764287aa401e,3058,2026-09-05T09:45:21+00:00
604201484822472c,3059,2026-09-05T09:45:21+00:00
40682e040564438a,3060,2026-09-05T09:45:21+00:00
dc1008119bf545d0,3061,2026-09-05T09:45:21+00:00
09301590afae4c26,3062,2026-09-05T09:45:21+00:00
7db307f247794200,3063,2026-09-05T09:45:21+00:00
81a78daa21494ada,3064,2026-09-05T09:45:21+00:00
2822de913a664b13,3065,2026-09-05T09:45:21+00:00
4108773a7804426a,3066,2026-09-05T09:45:21+00:00
79801cbb71474c2e,3067,2026-09-05T09:45:21+00:00
9cdd01ad7d884da8,3068,2026-09-05T09:45:21+00:00
4081961e0ecf4c0e,3069,2026-09-05T09:45:21+00:00
6ddc46b22cb945d9,3070,2026-09-05T09:45:21+00:00
992df033fe494ddf,3071,2026-09-05T09:45:21+00:00
ea3b92c0854549c9,3072,2026-09-05T09:45:21+00:00
a5af77394e144c01,3073,2026-09-05T09:45:21+00:00
cadf8266553b4d6a,3074,2026-09-05T09:45:21+00:00
c8f31d786de64658,3075,2026-09-05T09:45:21+00:00
88fd1557d8f44d81,3076,2026-09-05T09:45:21+00:00
48814eabd40645a7,3077,2026-09-05T09:45:21+00:00
877cdfe2d67a458d,3078,2026-09-05T09:45:21+00:00
1f4ee464516c4f76,3079,2026-09-05T09:45:21+00:00
50bb231b40214301,3080,2026-09-05T09:45:21+00:00
7b782f77468047a6,3081,2026-09-05T09:45:21+00:00
18a597512c9c48c3,3082,2026-09-05T09:45:21+00:00
11c2d7543d4f44bd,3083,2026-09-05T09:45:21+00:00
6f3f0ed80f914d17,3084,2026-09-05T09:45:21+00:00
51d7bf28cadc485c,3085,2026-09-05T09:45:21+00:00
bf2fde59af7d4ba4,3086,2026-09-05T09:45:21+00:00
459a7d4dbfb74eef,3087,2026-09-05T09:45:21+00:00
33a3bddc32c24691,3088,2026-09-05T09:45:21+00:00
b19b8c57ff784586,3089,2026-09-05T09:45:21+00:00
5245eb2b387049fa,3090,2026-09-05T09:45:21+00:00
0b19fcd43e8f4a84,3091,2026-09-05T09:45:21+00:00
3a9c8e11f17e43ec,3092,2026-09-05T09:45:21+00:00
eee6ac833c0f437e,3093,2026-09-05T09:45:21+00:00
5a520c2007d04ebe,3094,2026-09-05T09:45:21+00:00
b60cee9c29a04653,3095,2026-09-05T09:45:21+00:00
dd4be139876949f0,3096,2026-09-05T09:45:21+00:00
d8f67c7b12bd4f8d,3097,2026-09-05T09:45:21+00:00
e262b7e2a6cc464c,3098,2026-09-05T09:45:21+00:00
7fe2fa9a9ad34d69,3099,2026-09-05T09:45:21+00:00
6f0a75a9f24e4366,3100,2026-09-05T09:45:21+00:00
5f3d8a56d2a64e87,3101,2026-09-05T09:45:21+00:00
e77b47cf09c843d2,3102,2026-09-05T09:45:21+00:00
dc0db13318544fb2,3103,2026-09-05T09:45:21+00:00
5a9a78af90d94e35,3104,2026-09-05T09:45:21+00:00
f197a15adf734469,3105,2026-09-05T09:45:21+00:00
c3655a3b5b654c71,3106,2026-09-05T09:45:21+00:00
f3be4b43ea4d4c7b,3107,2026-09-05T09:45:21+00:00
41bf0dd6cf42404b,3108,2026-09-05T09:45:21+00:00
e78c8186280c42e5,3109,2026-09-05T09:45:21+00:00
e03cf7f762ed4677,3110,2026-09-05T09:45:21+00:00
47dbbf47b22643d7,3111,2026-09-05T09:45:21+00:00
d85f14f53c2b4ccd,3112,2026-09-05T09:45:21+00:00
bb77b9a01a2f452c,3113,2026-09-05T09:45:21+00:00
6b45ffcaf81b4c3f,3114,2026-09-05T09:45:21+00:00
999dba754ced4d1f,3115,2026-09-05T09:45:21+00:00
73835bf3b3354852,3116,2026-09-05T09:45:21+00:00
d8a4e771e4c64101,3117,2026-09-05T09:45:21+00:00
b0b56fa977d1418c,3118,2026-09-05T09:45:21+00:00
3af156f2c65c4d78,3119,2026-09-05T09:45:21+00:00
9315ddc06d534eed,3120,2026-09-05T09:45:21+00:00
6664363da2d749f0,3121,2026-09-05T09:45:21+00:00
14420fdeab0b4352,3122,2026-09-05T09:45:21+00:00
f55b7dbf8b114e1b,3123,2026-09-05T09:45:21+00:00
6c784a2b9a0345e4,3124,2026-09-05T09:45:21+00:00
787a3e1a061c425e,3125,2026-09-05T09:45:21+00:00
18772e4af8364fef,3126,2026-09-05T09:45:21+00:00
711da5fcf15d4763,3127,2026-09-05T09:45:21+00:00
62156cfa4a9f4e77,3128,2026-09-05T09:45:21+00:00
4b967a25a06048e0,3129,2026-09-05T09:45:21+00:00
8ea2603fcee34f52,3130,2026-09-05T09:45:21+00:00
467d6c8e8b0a41af,3131,2026-09-05T09:45:21+00:00
8b984c4fa0d24150,3132,2026-09-05T09:45:21+00:00
ffc50d69449b4e05,3133,2026-09-05T09:45:21+00:00
308af3df47334316,3134,2026-09-05T09:45:21+00:00
7eecf23268f94022,3135,2026-09-05T09:45:21+00:00
6841be569b1b4919,3136,2026-09-05T09:45:21+00:00
29c6c6e09b4647e7,3137,2026-09-05T09:45:21+00:00
93d8441ea1f24743,3138,2026-09-05T09:45:21+00:00
e78cf0a526bd4e22,3139,2026-09-05T09:45:21+00:00
24a1aa8b176d4d7d,3140,2026-09-05T09:45:21+00:00
900f1058aec24095,3141,2026-09-05T09:45:21+00:00
af4fb561dd354894,3142,2026-09-05T09:45:21+00:00
7cd5448b00374bbd,3143,2026-09-05T09:45:21+00:00
971063c8baad41e2,3144,2026-09-05T09:45:21+00:00
f03f590800f44550,3145,2026-09-05T09:45:21+00:00
88eb2b5dbe13405b,3146,2026-09-05T09:45:21+00:00
0ad89a8e03db496e,3147,2026-09-05T09:45:21+00:00
deec1523222341b7,3148,2026-09-05T09:45:21+00:00
3ea2f50ccb87459f,3149,2026-09-05T09:45:21+00:00
9c20af531f1e41de,3150,2026-09-05T09:45:21+00:00
62e977407d0841cb,3151,2026-09-05T09:45:21+00:00
fc4d962bcc1f4bee,3152,2026-09-05T09:45:21+00:00
610517e8bce945e3,3153,2026-09-05T09:45:21+00:00
e2e2637c75444c7e,3154,2026-09-05T09:45:21+00:00
240f61b98a49415f,3155,2026-09-05T09:45:21+00:00
8837188d9aee48e4,3156,2026-09-05T09:45:21+00:00
a3894e1ed4f04c91,3157,2026-09-05T09:45:21+00:00
59cc723125a44483,3158,2026-09-05T09:45:21+00:00
eb00bc12b9654e4e,3159,2026-09-05T09:45:21+00:00
bc22bd2461da4f0f,3160,2026-09-05T09:45:21+00:00
526e6c2214ca40ca,3161,2026-09-05T09:45:21+00:00
f5cddfb4b1d34711,3162,2026-09-05T09:45:21+00:00
5453cd582d474515,3163,2026-09-05T09:45:21+00:00
1b12b6dd7c0c4635,3164,2026-09-05T09:45:21+00:00
74ef733edfa34b60,3165,2026-09-05T09:45:21+00:00
97e4d496acc843a7,3166,2026-09-05T09:45:21+00:00
e821f661cf5d412c,3167,2026-09-05T09:45:21+00:00
022efb3e1a9e41aa,3168,2026-09-05T09:45:21+00:00
fb0f790cdcf5454d,3169,2026-09-05T09:45:21+00:00
ac699ef700204281,3170,2026-09-05T09:45:21+00:00
521f8c9f778a4f8f,3171,2026-09-05T09:45:21+00:00
6e8edc59396d4f17,3172,2026-09-05T09:45:21+00:00
ebc542137d104273,3173,2026-09-05T09:45:21+00:00
4675008387d447ba,3174,2026-09-05T09:45:21+00:00
6a84c368d77a45c2,3175,2026-09-05T09:45:21+00:00
fabbad6621294e7a,3176,2026-09-05T09:45:21+00:00
c766942292724dd6,3177,2026-09-05T09:45:21+00:00
ecd265cff5fe4c04,3178,2026-09-05T09:45:21+00:00
58cb671704854c8d,3179,2026-09-05T09:45:21+00:00
2dd64b42f44e4d54,3180,2026-09-05T09:45:21+00:00
96f94683bae44047,3181,2026-09-05T09:45:21+00:00
e16a632bd96c478f,3182,2026-09-05T09:45:21+00:00
f3e26a1e8faa4418,3183,2026-09-05T09:45:21+00:00
b8dfd6d32bb34023,3184,2026-09-05T09:45:21+00:00
b85a8ebed1b444b2,3185,2026-09-05T09:45:21+00:00
334b79fba1184f72,3186,2026-09-05T09:45:21+00:00
768bf587432a437d,3187,2026-09-05T09:45:21+00:00
6fe684c593b9467a,3188,2026-09-05T09:45:21+00:00
b8643d1762664532,3189,2026-09-05T09:45:21+00:00
eebfe017fd384a82,3190,2026-09-05T09:45:21+00:00
fb19192f54f44c02,3191,2026-09-05T09:45:21+00:00
df0dd8bda7094eff,3192,2026-09-05T09:45:21+00:00
1c66431c2fff4d3b,3193,2026-09-05T09:45:21+00:00
e649be8458be456d,3194,2026-09-05T09:45:21+00:00
5d51b12700a1485d,3195,2026-09-05T09:45:21+00:00
4136e8deb14742a6,3196,2026-09-05T09:45:21+00:00
29d8837589614416,3197,2026-09-05T09:45:21+00:00
3619f702b7a644bb,3198,2026-09-05T09:45:21+00:00
dfdb21746af14a7f,3199,2026-09-05T09:45:21+00:00
54b7a0675c0344ff,3200,2026-09-05T09:45:21+00:00
8645642130ae43fc,3201,2026-09-05T09:45:21+00:00
12a646fa663744b7,3202,2026-09-05T09:45:21+00:00
6d975406b3f045d3,3203,2026-09-05T09:45:21+00:00
c2238dad351c416f,3204,2026-09-05T09:45:21+00:00
d5248d1ccae642cc,3205,2026-09-05T09:45:21+00:00
870309141be1435a,3206,2026-09-05T09:45:21+00:00
7abf34c6ffcb44af,3207,2026-09-05T09:45:21+00:00
f8ca8f25e3e04070,3208,2026-09-05T09:45:21+00:00
5343e5299288444a,3209,2026-09-05T09:45:21+00:00
839365a60dfc4f06,3210,2026-09-05T09:45:21+00:00
e50de1f5d22a4954,3211,2026-09-05T09:45:21+00:00
dd618a7bc0e042d8,3212,2026-09-05T09:45:21+00:00
4a0974eae6a14260,3213,2026-09-05T09:45:21+00:00
18f1da457b9e4c3a,3214,2026-09-05T09:45:21+00:00
2a2bf6609e814cfb,3215,2026-09-05T09:45:21+00:00
ec6b42f9b065428f,3216,2026-09-05T09:45:21+00:00
eccb9fe301134ff6,3217,2026-09-05T09:45:21+00:00
c62959db65424cb3,3218,2026-09-05T09:45:21+00:00
8effd848d0014a16,3219,2026-09-05T09:45:21+00:00
af79cf56d19f4d87,3220,2026-09-05T09:45:21+00:00
c06201d5420c4f3b,3221,2026-09-05T09:45:21+00:00
d810e0075df84d07,3222,2026-09-05T09:45:21+00:00
f70cc039fd9549f7,3223,2026-09-05T09:45:21+00:00
a18dce533de24af8,3224,2026-09-05T09:45:21+00:00
10f0d2ecdc76452f,3225,2026-09-05T09:45:21+00:00
b19850c43def4362,3226,2026-09-05T09:45:21+00:00
3d96451030d04880,3227,2026-09-05T09:45:21+00:00
b887ed0b163c439c,3228,2026-09-05T09:45:21+00:00
12f664ccd8564ce7,3229,2026-09-05T09:45:21+00:00
58b057d46ab84273,3230,2026-09-05T09:45:21+00:00
491dcf6d477640ed,3231,2026-09-05T09:45:21+00:00
445e98a35d8b4bf6,3232,2026-09-05T09:45:21+00:00
ff7db2c18e364d62,3233,2026-09-05T09:45:21+00:00
51fa192e696b4501,3234,2026-09-05T09:45:21+00:00
02c6eee185cc4845,3235,2026-09-05T09:45:21+00:00
94115f67fa69499d,3236,2026-09-05T09:45:21+00:00
a9d9e37cd6a34446,3237,2026-09-05T09:45:21+00:00
47e61b2bb1d14a4e,3238,2026-09-05T09:45:21+00:00
a70502d0bea54c4b,3239,2026-09-05T09:45:21+00:00
733012d4dc2d457d,3240,2026-09-05T09:45:21+00:00
1b94c97133d94852,3241,2026-09-05T09:45:21+00:00
418a55306ef940dc,3242,2026-09-05T09:45:21+00:00
1212f4f5bf6d41e8,3243,2026-09-05T09:45:21+00:00
980d74367c2c4591,3244,2026-09-05T09:45:21+00:00
90d18c5018b14f3f,3245,2026-09-05T09:45:21+00:00
bb8feae705a84adc,3246,2026-09-05T09:45:21+00:00
a3ed66f408ee4554,3247,2026-09-05T09:45:21+00:00
f7360933b6df4aa1,3248,2026-09-05T09:45:21+00:00
ad46f7f8aa6e4e03,3249,2026-09-05T09:45:21+00:00
ae2946d28c554afa,3250,2026-09-05T09:45:21+00:00
acb02da65ad2415a,3251,2026-09-05T09:45:21+00:00
0cfb39777d10453c,3252,2026-09-05T09:45:21+00:00
6368b2a2dffb45de,3253,2026-09-05T09:45:21+00:00
b6f1ce5a306840d7,3254,2026-09-05T09:45:21+00:00
fe8c58fcf14a41b0,3255,2026-09-05T09:45:21+00:00
29fac929cb184193,3256,2026-09-05T09:45:21+00:00
666c75c8508b42af,3257,2026-09-05T09:45:21+00:00
07da4c69e03343af,3258,2026-09-05T09:45:21+00:00
12c2958cc9524216,3259,2026-09-05T09:45:21+00:00
ad23aadcfcfc44e1,3260,2026-09-05T09:45:21+00:00
19d87116f8534ff9,3261,2026-09-05T09:45:21+00:00
1133788393954dbf,3262,2026-09-05T09:45:21+00:00
b2933940a5614c86,3263,2026-09-05T09:45:21+00:00
94bb2987058f45a6,3264,2026-09-05T09:45:21+00:00
e269c79cb19f4039,3265,2026-09-05T09:45:21+00:00
ba36a6234262459e,3266,2026-09-05T09:45:21+00:00
4752f9de8f3e412e,3267,2026-09-05T09:45:21+00:00
1215fe22cf154667,3268,2026-09-05T09:45:21+00:00
9fa6b208ecc54b8c,3269,2026-09-05T09:45:21+00:00
378905c178e54f7c,3270,2026-09-05T09:45:21+00:00
0ca2d582ffea4d2a,3271,2026-09-05T09:45:21+00:00
0ce0bf5c778f4fc6,3272,2026-09-05T09:45:21+00:00
9900f14134ce47fe,3273,2026-09-05T09:45:21+00:00
d252166e86f2401b,3274,2026-09-05T09:45:21+00:00
6aa13f9ca7be451a,3275,2026-09-05T09:45:21+00:00
c04521a0143d4f2d,3276,2026-09-05T09:45:21+00:00
7a4b7c06fe854b22,3277,2026-09-05T09:45:21+00:00
82f29f70f7584049,3278,2026-09-05T09:45:21+00:00
65a86cd4c99142d4,3279,2026-09-05T09:45:21+00:00
6e1cfcfbba9f4606,3280,2026-09-05T09:45:21+00:00
d2d99afab53e4ca1,3281,2026-09-05T09:45:21+00:00
5d1f7439908246f3,3282,2026-09-05T09:45:21+00:00
1ae5b01760e4420f,3283,2026-09-05T09:45:21+00:00
75635a9f538f4430,3284,2026-09-05T09:45:21+00:00
4688e9f33b644c20,3285,2026-09-05T09:45:21+00:00
82db274b58ec4155,3286,2026-09-05T09:45:21+00:00
cbc09d2d46d84426,3287,2026-09-05T09:45:21+00:00
ffd41b9caba347ac,3288,2026-09-05T09:45:21+00:00
f0acdef1a85843b2,3289,2026-09-05T09:45:21+00:00
acc69d3253f04e87,3290,2026-09-05T09:45:21+00:00
e4de737d6f8f47e1,3291,2026-09-05T09:45:21+00:00
0970eb406a584000,3292,2026-09-05T09:45:21+00:00
ff51ab63cec641cf,3293,2026-09-05T09:45:21+00:00
7a66ff61beeb4ba9,3294,2026-09-05T09:45:21+00:00
24b0880d685c43f1,3295,2026-09-05T09:45:21+00:00
0b6a6055860a449b,3296,2026-09-05T09:45:21+00:00
c3de0efb0c7248a2,3297,2026-09-05T09:45:21+00:00
ec0820f3d9a84aea,3298,2026-09-05T09:45:21+00:00
b122c1e56721417a,3299,2026-09-05T09:45:21+00:00
637b8ab350944b13,3300,2026-09-05T09:45:21+00:00
3a35b2811e244b12,3301,2026-09-05T09:45:21+00:00
b741ec0013a44376,3302,2026-09-05T09:45:21+00:00
0608f469428e478c,3303,2026-09-05T09:45:21+00:00
7247794a4f5742fb,3304,2026-09-05T09:45:21+00:00
77400797292d4fe3,3305,2026-09-05T09:45:21+00:00
4f8fe41991c54f48,3306,2026-09-05T09:45:21+00:00
4902604aaf7d4eff,3307,2026-09-05T09:45:21+00:00
b179b1dd54164bbd,3308,2026-09-05T09:45:21+00:00
855a2c5c73444ce1,3309,2026-09-05T09:45:21+00:00
e3433117eea24422,3310,2026-09-05T09:45:21+00:00
951101afed0d4f38,3311,2026-09-05T09:45:21+00:00
f2d3698478734e8b,3312,2026-09-05T09:45:21+00:00
4527a0be321745c8,3313,2026-09-05T09:45:21+00:00
1cf8b150c0b14e2f,3314,2026-09-05T09:45:21+00:00
0be8a3322e2e4e24,3315,2026-09-05T09:45:21+00:00
e28e08848ff0438e,3316,2026-09-05T09:45:21+00:00
fea688308fd647bf,3317,2026-09-05T09:45:21+00:00
e349d4b4b6d14f8a,3318,2026-09-05T09:45:21+00:00
e7fa166b2624456d,3319,2026-09-05T09:45:21+00:00
7d04a1d7016a4cea,3320,2026-09-05T09:45:21+00:00
8d4094d002024fa2,3321,2026-09-05T09:45:21+00:00
499a77d0f5204562,3322,2026-09-05T09:45:21+00:00
d50603e502834377,3323,2026-09-05T09:45:21+00:00
49a466da5e9243c5,3324,2026-09-05T09:45:21+00:00
6fa8e9adecf446d0,3325,2026-09-05T09:45:21+00:00
5476eb7a8e2b47a5,3326,2026-09-05T09:45:21+00:00
e1aa7adc68be47f6,3327,2026-09-05T09:45:21+00:00
0499c41624a44e43,3328,2026-09-05T09:45:21+00:00
c3bf4bb1298241ae,3329,2026-09-05T09:45:21+00:00
bb3312bae76e43f8,3330,2026-09-05T09:45:21+00:00
25a41ce4345640fc,3331,2026-09-05T09:45:21+00:00
5f0c15591ac74c78,3332,2026-09-05T09:45:21+00:00
556fa4d9f78a46f5,3333,2026-09-05T09:45:21+00:00
caab98e4e2a74f2c,3334,2026-09-05T09:45:21+00:00
a603f75aa98a49b6,3335,2026-09-05T09:45:21+00:00
b1035c69a5864d11,3336,2026-09-05T09:45:21+00:00
99831be2ea42446d,3337,2026-09-05T09:45:21+00:00
ac1902006d2a4b6a,3338,2026-09-05T09:45:21+00:00
015e06e425c24dfb,3339,2026-09-05T09:45:21+00:00
803df8fd14a746e7,3340,2026-09-05T09:45:21+00:00
bde0ba3330a74d74,3341,2026-09-05T09:45:21+00:00
724490a0ed404f6d,3342,2026-09-05T09:45:21+00:00
702997ea2aa8431e,3343,2026-09-05T09:45:21+00:00
b644f4ac0d464dd8,3344,2026-09-05T09:45:21+00:00
7715830a17ea4b13,3345,2026-09-05T09:45:21+00:00
71741fed411e4baa,3346,2026-09-05T09:45:21+00:00
b005bb9d75434b11,3347,2026-09-05T09:45:21+00:00
523bb198e1ca436c,3348,2026-09-05T09:45:21+00:00
3235e824bfd04116,3349,2026-09-05T09:45:21+00:00
10afef88fde34515,3350,2026-09-05T09:45:21+00:00
0b6b5e656a464ae6,3351,2026-09-05T09:45:21+00:00
df622bb182ba4321,3352,2026-09-05T09:45:21+00:00
faa3a64a58624a78,3353,2026-09-05T09:45:21+00:00
fe1516f68b2b4155,3354,2026-09-05T09:45:21+00:00
669cfeb467f74a67,3355,2026-09-05T09:45:21+00:00
1399aeed5ef44ecb,3356,2026-09-05T09:45:21+00:00
d9d74d36d5af449b,3357,2026-09-05T09:45:21+00:00
1ae3eb2236d34294,3358,2026-09-05T09:45:21+00:00
9f8b13ae873b4988,3359,2026-09-05T09:45:21+00:00
20696d08ec974aa3,3360,2026-09-05T09:45:21+00:00
ce6cb5618d3c45d3,3361,2026-09-05T09:45:21+00:00
b292623d260640c7,3362,2026-09-05T09:45:21+00:00
bac4a29bfe7b4da7,3363,2026-09-05T09:45:21+00:00
148c8d1342cc404f,3364,2026-09-05T09:45:21+00:00
77064dbda4db4d06,3365,2026-09-05T09:45:21+00:00
7fe03b230de147d7,3366,2026-09-05T09:45:21+00:00
31c6fd6052f44181,3367,2026-09-05T09:45:21+00:00
4b0e5c2f7db848f9,3368,2026-09-05T09:45:21+00:00
63bfbbe5f292468c,3369,2026-09-05T09:45:21+00:00
c4a2621d2db64f17,3370,2026-09-05T09:45:21+00:00
0d47777aa2164f0e,3371,2026-09-05T09:45:21+00:00
fc02b2374b9a4f1d,3372,2026-09-05T09:45:21+00:00
75e126f4a42843a7,3373,2026-09-05T09:45:21+00:00
3e0fb02f11d44274,3374,2026-09-05T09:45:21+00:00
7291747144354bfe,3375,2026-09-05T09:45:21+00:00
6a1955eaf2044093,3376,2026-09-05T09:45:21+00:00
421c82f398604cfb,3377,2026-09-05T09:45:21+00:00
79a5f2ef83884afb,3378,2026-09-05T09:45:21+00:00
e1f68676ac2946fd,3379,2026-09-05T09:45:21+00:00
e4ecf4a0d74c4c01,3380,2026-09-05T09:45:21+00:00
af095166c1544784,3381,2026-09-05T09:45:21+00:00
32fab763927446b6,3382,2026-09-05T09:45:21+00:00
d04dd882106b447d,3383,2026-09-05T09:45:21+00:00
be754bfee42941ac,3384,2026-09-05T09:45:21+00:00
582fad3af88a49f2,3385,2026-09-05T09:45:21+00:00
c98cf46737ee4015,3386,2026-09-05T09:45:21+00:00
1dc1c795c6d44bc8,3387,2026-09-05T09:45:21+00:00
b3301c512c5b4a9f,3388,2026-09-05T09:45:21+00:00
6fa2970530464df9,3389,2026-09-05T09:45:21+00:00
8a43f42209184468,3390,2026-09-05T09:45:21+00:00
c17ae49a7c7d4309,3391,2026-09-05T09:45:21+00:00
fc783a34a97d4cc2,3392,2026-09-05T09:45:21+00:00
2362cf2d464a4a3f,3393,2026-09-05T09:45:21+00:00
77580be1bb9b4e4b,3394,2026-09-05T09:45:21+00:00
dbf1a8743d91426d,3395,2026-09-05T09:45:21+00:00
bafe044339e447d0,3396,2026-09-05T09:45:21+00:00
22041cb221124cd2,3397,2026-09-05T09:45:21+00:00
ae4333790421456f,3398,2026-09-05T09:45:21+00:00
003a6dd469874f5f,3399,2026-09-05T09:45:21+00:00
c58719c38e01482a,3400,2026-09-05T09:45:21+00:00
7494c057eaf4426b,3401,2026-09-05T09:45:21+00:00
e8b83b086f8440d5,3402,2026-09-05T09:45:21+00:00
ecfde58005834cc8,3403,2026-09-05T09:45:21+00:00
e16c01c9fc394c15,3404,2026-09-05T09:45:21+00:00
eaa386b54f28458b,3405,2026-09-05T09:45:21+00:00
13d0d9446e0f4219,3406,2026-09-05T09:45:21+00:00
457345377f3d4f50,3407,2026-09-05T09:45:21+00:00
7052423292f94922,3408,2026-09-05T09:45:21+00:00
03bdbf0af18e40b8,3409,2026-09-05T09:45:21+00:00
86232a972de844cf,3410,2026-09-05T09:45:21+00:00
68ff37b7adac44c7,3411,2026-09-05T09:45:21+00:00
a430df1015db4bb6,3412,2026-09-05T09:45:21+00:00
0b7346d65bb74754,3413,2026-09-05T09:45:21+00:00
2dce7001ed064556,3414,2026-09-05T09:45:21+00:00
8167c943e7814487,3415,2026-09-05T09:45:21+00:00
a15c1f300b244590,3416,2026-09-05T09:45:21+00:00
a165e790c5e243dc,3417,2026-09-05T09:45:21+00:00
f720e7c9cdcf461d,3418,2026-09-05T09:45:21+00:00
387604e265d14d67,3419,2026-09-05T09:45:21+00:00
7ed011a6dc6940b9,3420,2026-09-05T09:45:21+00:00
7af2c4c661164d79,3421,2026-09-05T09:45:21+00:00
095ecc375c33408e,3422,2026-09-05T09:45:21+00:00
4c514c0c6e6d4dec,3423,2026-09-05T09:45:21+00:00
6027ad2e0f56485d,3424,2026-09-05T09:45:21+00:00
5ae5f86c38d34cea,3425,2026-09-05T09:45:21+00:00
56eb97b436a4428d,3426,2026-09-05T09:45:21+00:00
d4c2c2f1cd8146da,3427,2026-09-05T09:45:21+00:00
3b0a875a6d8c4c2c,3428,2026-09-05T09:45:21+00:00
90a3e103a64145da,3429,2026-09-05T09:45:21+00:00
08ac8f837c5c47a1,3430,2026-09-05T09:45:21+00:00
b331b9be7e3941ac,3431,2026-09-05T09:45:21+00:00
fa031b20f6da4c3e,3432,2026-09-05T09:45:21+00:00
f3cfd8d5d0ee4425,3433,2026-09-05T09:45:21+00:00
3900c7fffe504acb,3434,2026-09-05T09:45:21+00:00
ce5d86de831b4fb1,3435,2026-09-05T09:45:21+00:00
f54d0809035d4acf,3436,2026-09-05T09:45:21+00:00
666d54aa0432497b,3437,2026-09-05T09:45:21+00:00
c6f39dd980664b5d,3438,2026-09-05T09:45:21+00:00
ea88bbb86d6347a3,3439,2026-09-05T09:45:21+00:00
191445e67a8b4219,3440,2026-09-05T09:45:21+00:00
8942b573b51d4210,3441,2026-09-05T09:45:21+00:00
07cfd34dd8b74e1a,3442,2026-09-05T09:45:21+00:00
9b124f80ad3f4163,3443,2026-09-05T09:45:21+00:00
f4881bc1d2534c02,3444,2026-09-05T09:45:21+00:00
8f4f880d43374c55,3445,2026-09-05T09:45:21+00:00
a97a8db9b27841a7,3446,2026-09-05T09:45:21+00:00
adf6d7d967944b20,3447,2026-09-05T09:45:21+00:00
210de989afe5443e,3448,2026-09-05T09:45:21+00:00
ec817cf7786a455e,3449,2026-09-05T09:45:21+00:00
56894e1c34ba4b9d,3450,2026-09-05T09:45:21+00:00
96da59691ece4014,3451,2026-09-05T09:45:21+00:00
5233a5e49c5549a2,3452,2026-09-05T09:45:21+00:00
2d42de5080db48ef,3453,2026-09-05T09:45:21+00:00
11c86c97cfed4139,3454,2026-09-05T09:45:21+00:00
1c4b9c9863d249b1,3455,2026-09-05T09:45:21+00:00
bac4759a03f04c76,3456,2026-09-05T09:45:21+00:00
3f3ddbdf009944d5,3457,2026-09-05T09:45:21+00:00
10573fab8c9740ec,3458,2026-09-05T09:45:21+00:00
b1a0291e36cd4d37,3459,2026-09-05T09:45:21+00:00
87c11fc50e8347d7,3460,2026-09-05T09:45:21+00:00
a2f98a9364ce4f3e,3461,2026-09-05T09:45:21+00:00
da09fcb7498f468c,3462,2026-09-05T09:45:21+00:00
330081245c4446bf,3463,2026-09-05T09:45:21+00:00
7553ea806fef4a41,3464,2026-09-05T09:45:21+00:00
e92d988e01f44de4,3465,2026-09-05T09:45:21+00:00
6d99d2f6282d480f,3466,2026-09-05T09:45:21+00:00
42f150c043734c3d,3467,2026-09-05T09:45:21+00:00
83806214a95f46d7,3468,2026-09-05T09:45:21+00:00
4c3e8a6091de4bae,3469,2026-09-05T09:45:21+00:00
e3ec4e1fda9a46df,3470,2026-09-05T09:45:21+00:00
187b26ad08654044,3471,2026-09-05T09:45:21+00:00
756b7bc5ff2b4e4b,3472,2026-09-05T09:45:21+00:00
772cf3cfb64e4719,3473,2026-09-05T09:45:21+00:00
89e88571c02e4d40,3474,2026-09-05T09:45:21+00:00
7deb5bf4b3af4fce,3475,2026-09-05T09:45:21+00:00
5cd0d99ac12c4cd1,3476,2026-09-05T09:45:21+00:00
9ecff7ca121f46f5,3477,2026-09-05T09:45:21+00:00
1bc019c767b2475d,3478,2026-09-05T09:45:21+00:00
90be2ffea9464372,3479,2026-09-05T09:45:21+00:00
1c607ca8e3e04977,3480,2026-09-05T09:45:21+00:00
e43323a1b5304645,3481,2026-09-05T09:45:21+00:00
771eeca34e5945ca,3482,2026-09-05T09:45:21+00:00
8d04ef20ca554ccc,3483,2026-09-05T09:45:21+00:00
ac37322a1fbf4404,3484,2026-09-05T09:45:21+00:00
0c0a4a80a901475f,3485,2026-09-05T09:45:21+00:00
85896c8c09994575,3486,2026-09-05T09:45:21+00:00
fa013d698b45404a,3487,2026-09-05T09:45:21+00:00
5dd343f38dbe4ccc,3488,2026-09-05T09:45:21+00:00
9613759a2af34705,3489,2026-09-05T09:45:21+00:00
1962149d995d4c15,3490,2026-09-05T09:45:21+00:00
27f8c98819744b59,3491,2026-09-05T09:45:21+00:00
215d8c672ae34906,3492,2026-09-05T09:45:21+00:00
f6c0bf19e07d410e,3493,2026-09-05T09:45:21+00:00
382b329f89ec4c90,3494,2026-09-05T09:45:21+00:00
5fb40ad428754d3d,3495,2026-09-05T09:45:21+00:00
7d9ddcd065954cac,3496,2026-09-05T09:45:21+00:00
20e868d15f5c494d,3497,2026-09-05T09:45:21+00:00
df3bfe02d8b84836,3498,2026-09-05T09:45:21+00:00
18c46564e2a0484b,3499,2026-09-05T09:45:21+00:00
745e4e0703a0477e,3500,2026-09-05T09:45:21+00:00
eeda704b08064717,3501,2026-09-05T09:45:21+00:00
b243ff2d10d34c8c,3502,2026-09-05T09:45:21+00:00
0e6a34b8af5c4236,3503,2026-09-05T09:45:21+00:00
54316541bd23406c,3504,2026-09-05T09:45:21+00:00
a3b8dc892c484939,3505,2026-09-05T09:45:21+00:00
924003b659e84875,3506,2026-09-05T09:45:21+00:00
373f0b0399f74b6c,3507,2026-09-05T09:45:21+00:00
8756ec311d04452b,3508,2026-09-05T09:45:21+00:00
fd4c9b466daa4617,3509,2026-09-05T09:45:21+00:00
57f12f1b5a0d4b8a,3510,2026-09-05T09:45:21+00:00
c1808e2d673f4a6a,3511,2026-09-05T09:45:21+00:00
fea891dace0843a2,3512,2026-09-05T09:45:21+00:00
0bed72aae3a54e86,3513,2026-09-05T09:45:21+00:00
5afff9d341d24050,3514,2026-09-05T09:45:21+00:00
96ad6bdbfd7e4430,3515,2026-09-05T09:45:21+00:00
a043275b2fe646fd,3516,2026-09-05T09:45:21+00:00
304595d7daec4302,3517,2026-09-05T09:45:21+00:00
d4f76a6a0ed04aef,3518,2026-09-05T09:45:21+00:00
64c1698c9ce841a1,3519,2026-09-05T09:45:21+00:00
c2e8bf17028046a3,3520,2026-09-05T09:45:21+00:00
9cb89afe0b674dd9,3521,2026-09-05T09:45:21+00:00
38c93c7d0ab14ee5,3522,2026-09-05T09:45:21+00:00
dec5c46f92184226,3523,2026-09-05T09:45:21+00:00
f6c485ca68e44122,3524,2026-09-05T09:45:21+00:00
620d6060b8b143e6,3525,2026-09-05T09:45:21+00:00
f9c0d15ea3c24ac9,3526,2026-09-05T09:45:21+00:00
a1f7deba63714caa,3527,2026-09-05T09:45:21+00:00
d48743f3624a49c2,3528,2026-09-05T09:45:21+00:00
3cd4668255d448a1,3529,2026-09-05T09:45:21+00:00
25977aceb2034b53,3530,2026-09-05T09:45:21+00:00
5cb47adebd9848d0,3531,2026-09-05T09:45:21+00:00
00b92ffddff84b31,3532,2026-09-05T09:45:21+00:00
910b2441b7a24784,3533,2026-09-05T09:45:21+00:00
b3d5e42bdbf14858,3534,2026-09-05T09:45:21+00:00
563a0bbfbc0f4f16,3535,2026-09-05T09:45:21+00:00
bd38f19fb5474621,3536,2026-09-05T09:45:21+00:00
5d7aa91a9f664612,3537,2026-09-05T09:45:21+00:00
16c9e642e9fd4ddd,3538,2026-09-05T09:45:21+00:00
d40b6fc7db4c45b7,3539,2026-09-05T09:45:21+00:00
6cd913d591564288,3540,2026-09-05T09:45:21+00:00
4cb95673bd4c419a,3541,2026-09-05T09:45:21+00:00
9c3a4acc675c4adb,3542,2026-09-05T09:45:21+00:00
35b9948d83064e8b,3543,2026-09-05T09:45:21+00:00
f98d8de649314abb,3544,2026-09-05T09:45:21+00:00
cd366a3e673c4816,3545,2026-09-05T09:45:21+00:00
ccf5c510fadc4408,3546,2026-09-05T09:45:21+00:00
7bcdc356c2884e75,3547,2026-09-05T09:45:21+00:00
561c903464c7442e,3548,2026-09-05T09:45:21+00:00
ee2be1e414524ad2,3549,2026-09-05T09:45:21+00:00
eecc724fb4a24960,3550,2026-09-05T09:45:21+00:00
ae09301df70f400d,3551,2026-09-05T09:45:21+00:00
a9af30616ae44612,3552,2026-09-05T09:45:21+00:00
1b44d6c908d74d84,3553,2026-09-05T09:45:21+00:00
ee806931f3844ff8,3554,2026-09-05T09:45:21+00:00
c35ef87414454a49,3555,2026-09-05T09:45:21+00:00
d76a46193e5d4b7b,3556,2026-09-05T09:45:21+00:00
20b8b6d878c24fae,3557,2026-09-05T09:45:21+00:00
daf9de1509cd453f,3558,2026-09-05T09:45:21+00:00
2be201889eac4a6d,3559,2026-09-05T09:45:21+00:00
7d5a3e2e945843dc,3560,2026-09-05T09:45:21+00:00
0cb4a81d71084287,3561,2026-09-05T09:45:21+00:00
1e45bf7a1d6848a7,3562,2026-09-05T09:45:21+00:00
451331304dbd4d46,3563,2026-09-05T09:45:21+00:00
3682268f099f4f8b,3564,2026-09-05T09:45:21+00:00
bdf3a6925f1c42a5,3565,2026-09-05T09:45:21+00:00
40124c224b844b16,3566,2026-09-05T09:45:21+00:00
4e820cf306d04b96,3567,2026-09-05T09:45:21+00:00
c62f8016d93b488e,3568,2026-09-05T09:45:21+00:00
647a5242abcb4dac,3569,2026-09-05T09:45:21+00:00
3f24251fc765440b,3570,2026-09-05T09:45:21+00:00
91a1d7d7df4245e4,3571,2026-09-05T09:45:21+00:00
9074bf4772824613,3572,2026-09-05T09:45:21+00:00
3ccf43c0c7214306,3573,2026-09-05T09:45:21+00:00
7d9675adeedf4f77,3574,2026-09-05T09:45:21+00:00
24d909cf14824f9c,3575,2026-09-05T09:45:21+00:00
5faf681631444633,3576,2026-09-05T09:45:21+00:00
de10a4ddcaa94037,3577,2026-09-05T09:45:21+00:00
357fee7da02e4222,3578,2026-09-05T09:45:21+00:00
d3a0a7e3e2404e97,3579,2026-09-05T09:45:21+00:00
cf556a64710d4e30,3580,2026-09-05T09:45:21+00:00
53762aa8e1a24bac,3581,2026-09-05T09:45:21+00:00
a70729d284854ca9,3582,2026-09-05T09:45:21+00:00
4b854e5f9a2e4cf4,3583,2026-09-05T09:45:21+00:00
2938f2dc5034471a,3584,2026-09-05T09:45:21+00:00
2362d0cdcfe8446e,3585,2026-09-05T09:45:21+00:00
991ecee994ea4eda,3586,2026-09-05T09:45:21+00:00
ebbb52106b284bf2,3587,2026-09-05T09:45:21+00:00
44cbff99e3bc465c,3588,2026-09-05T09:45:21+00:00
6ba57c5303524e97,3589,2026-09-05T09:45:21+00:00
040786500a7a4812,3590,2026-09-05T09:45:21+00:00
166121180e5141d1,3591,2026-09-05T09:45:21+00:00
aed05594af714ab3,3592,2026-09-05T09:45:21+00:00
3b44c6317b72474d,3593,2026-09-05T09:45:21+00:00
314ae06d2f7d401c,3594,2026-09-05T09:45:21+00:00
8760cb0bfd7047da,3595,2026-09-05T09:45:21+00:00
9fc0499f3b674479,3596,2026-09-05T09:45:21+00:00
bdceeb9b739e40af,3597,2026-09-05T09:45:21+00:00
a3d68e8826594f93,3598,2026-09-05T09:45:21+00:00
2e8adb60b700442d,3599,2026-09-05T09:45:21+00:00
0154255eca8a476c,3600,2026-09-05T09:45:21+00:00
754db2cbea3246e8,3601,2026-09-05T09:45:21+00:00
c9d28685bcff4bda,3602,2026-09-05T09:45:21+00:00
7e1c28c548104208,3603,2026-09-05T09:45:21+00:00
deae61bcb6c14560,3604,2026-09-05T09:45:21+00:00
3a8897cfe8f3470b,3605,2026-09-05T09:45:21+00:00
8115ddc5c9ed4172,3606,2026-09-05T09:45:21+00:00
e23ad51c31dd4f86,3607,2026-09-05T09:45:21+00:00
fe5a9ba76bde4901,3608,2026-09-05T09:45:21+00:00
646b9c966b2847eb,3609,2026-09-05T09:45:21+00:00
3a0238d9c2dd408a,3610,2026-09-05T09:45:21+00:00
08ff02902c81451f,3611,2026-09-05T09:45:21+00:00
0f5e1ecf307a41a7,3612,2026-09-05T09:45:21+00:00
830ab8bf474946fa,3613,2026-09-05T09:45:21+00:00
5dee34679a0b4e2a,3614,2026-09-05T09:45:21+00:00
6eacde878bf84141,3615,2026-09-05T09:45:21+00:00
a6d782db077e466d,3616,2026-09-05T09:45:21+00:00
8090db55f1a34eaa,3617,2026-09-05T09:45:21+00:00
8004220ba1084e6b,3618,2026-09-05T09:45:21+00:00
1625eb56be9c46e9,3619,2026-09-05T09:45:21+00:00
7ac87ff965e8406b,3620,2026-09-05T09:45:21+00:00
6b73594d13cd4e7c,3621,2026-09-05T09:45:21+00:00
634f501719ad42f9,3622,2026-09-05T09:45:21+00:00
94a02821e33f494a,3623,2026-09-05T09:45:21+00:00
6ae9b1396b0e456c,3624,2026-09-05T09:45:21+00:00
b96129a0c07344f7,3625,2026-09-05T09:45:21+00:00
beb10bd2966f44f1,3626,2026-09-05T09:45:21+00:00
1509337d56fc4f32,3627,2026-09-05T09:45:21+00:00
56fa4e8e556c425c,3628,2026-09-05T09:45:21+00:00
fee4c225e1fc49c4,3629,2026-09-05T09:45:21+00:00
5c6cfc7116cc48fd,3630,2026-09-05T09:45:21+00:00
ea1f697c4d044238,3631,2026-09-05T09:45:21+00:00
c498700e31934322,3632,2026-09-05T09:45:21+00:00
5174df5547df4ee9,3633,2026-09-05T09:45:21+00:00
d7928f38c0164634,3634,2026-09-05T09:45:21+00:00
c1424b906ce94071,3635,2026-09-05T09:45:21+00:00
c831a92f6ff1412f,3636,2026-09-05T09:45:21+00:00
21d622ae840646fb,3637,2026-09-05T09:45:21+00:00
7379a1987a8840f8,3638,2026-09-05T09:45:21+00:00
818deb17f95e4e0e,3639,2026-09-05T09:45:21+00:00
04f542fc860f451d,3640,2026-09-05T09:45:21+00:00
c512c9fb4ec94d48,3641,2026-09-05T09:45:21+00:00
77b82efd1d1846f6,3642,2026-09-05T09:45:21+00:00
623a2c1fa6284c06,3643,2026-09-05T09:45:21+00:00
8ee5f04a04574d80,3644,2026-09-05T09:45:21+00:00
51d6eb34e37c4c44,3645,2026-09-05T09:45:21+00:00
92cffbbe23fd4956,3646,2026-09-05T09:45:21+00:00
b7ed5708f8824621,3647,2026-09-05T09:45:21+00:00
36e6f65934394dbc,3648,2026-09-05T09:45:21+00:00
af96fa264fc04c54,3649,2026-09-05T09:45:21+00:00
fc405a3c2c1f4c8d,3650,2026-09-05T09:45:21+00:00
25538313d4eb4907,3651,2026-09-05T09:45:21+00:00
287545ea9cfb4ac1,3652,2026-09-05T09:45:21+00:00
c728dc28ab164c2a,3653,2026-09-05T09:45:21+00:00
39bee1a6346a4dba,3654,2026-09-05T09:45:21+00:00
e8f4bb9c0b6a4c7f,3655,2026-09-05T09:45:21+00:00
a43203479cfe4b39,3656,2026-09-05T09:45:21+00:00
37349097aa42430f,3657,2026-09-05T09:45:21+00:00
f5a8cb28411b430c,3658,2026-09-05T09:45:21+00:00
8f5bff2558624214,3659,2026-09-05T09:45:21+00:00
7ce19a794d164be3,3660,2026-09-05T09:45:21+00:00
7d91fd6aeec145c5,3661,2026-09-05T09:45:21+00:00
9fe85ec96fad4dc0,3662,2026-09-05T09:45:21+00:00
29b5db4449924570,3663,2026-09-05T09:45:21+00:00
f47282f9edaa46be,3664,2026-09-05T09:45:21+00:00
571d76cb347646dc,3665,2026-09-05T09:45:21+00:00
8f81cad502d04c9c,3666,2026-09-05T09:45:21+00:00
7b5ee023b6984bcb,3667,2026-09-05T09:45:21+00:00
af039bd9239548d2,3668,2026-09-05T09:45:21+00:00
01e8c33d61b2411f,3669,2026-09-05T09:45:21+00:00
d04ba60ebdcd4ca0,3670,2026-09-05T09:45:21+00:00
6d3f823963234b2c,3671,2026-09-05T09:45:21+00:00
cd548865ded043bf,3672,2026-09-05T09:45:21+00:00
d8fbf4c9b8aa4946,3673,2026-09-05T09:45:21+00:00
eeeaf1a14cb14c8e,3674,2026-09-05T09:45:21+00:00
63dce6ec82364480,3675,2026-09-05T09:45:21+00:00
9d93c16617c64a9c,3676,2026-09-05T09:45:21+00:00
007722eea3824654,3677,2026-09-05T09:45:21+00:00
50cb05edf5b24fc1,3678,2026-09-05T09:45:21+00:00
aaef77a65e1f41e7,3679,2026-09-05T09:45:21+00:00
a7029a3de6ee47f8,3680,2026-09-05T09:45:21+00:00
5664cae46e264821,3681,2026-09-05T09:45:21+00:00
7e04cef2021440a2,3682,2026-09-05T09:45:21+00:00
f204e53ef8c64f6d,3683,2026-09-05T09:45:21+00:00
1c063124dcd647d1,3684,2026-09-05T09:45:21+00:00
313743074ad74d53,3685,2026-09-05T09:45:21+00:00
88fd9dfa21f241c0,3686,2026-09-05T09:45:21+00:00
63d72f2fa6594ffd,3687,2026-09-05T09:45:21+00:00
4837e68fd38c439c,3688,2026-09-05T09:45:21+00:00
89cd96ab95ce4980,3689,2026-09-05T09:45:21+00:00
c416bb90c6824fa4,3690,2026-09-05T09:45:21+00:00
77d8f0bfd4494594,3691,2026-09-05T09:45:21+00:00
b464c42cf8ed425c,3692,2026-09-05T09:45:21+00:00
1bb69a94821a4623,3693,2026-09-05T09:45:21+00:00
4a1e0bee65b84b8b,3694,2026-09-05T09:45:21+00:00
3a7af333e75f4e27,3695,2026-09-05T09:45:21+00:00
c17ab2e7afb448c9,3696,2026-09-05T09:45:21+00:00
a9ea1a1a73c547c8,3697,2026-09-05T09:45:21+00:00
47253e5c455a4d44,3698,2026-09-05T09:45:21+00:00
6174fa0379a549e0,3699,2026-09-05T09:45:21+00:00
57066c580b3f4179,3700,2026-09-05T09:45:21+00:00
7457c1ded0e74b02,3701,2026-09-05T09:45:21+00:00
90129d90ee29402b,3702,2026-09-05T09:45:21+00:00
c7b32f37a40c4a56,3703,2026-09-05T09:45:21+00:00
28339fa5f7244810,3704,2026-09-05T09:45:21+00:00
fb06948c04cf4dd0,3705,2026-09-05T09:45:21+00:00
d5639c338d104354,3706,2026-09-05T09:45:21+00:00
0baf4696f75647c6,3707,2026-09-05T09:45:21+00:00
12414d06131746c7,3708,2026-09-05T09:45:21+00:00
e1c1c3c196784a57,3709,2026-09-05T09:45:21+00:00
e5265732cad14e58,3710,2026-09-05T09:45:21+00:00
09faad2d002b4314,3711,2026-09-05T09:45:21+00:00
f55bd441c3b1498f,3712,2026-09-05T09:45:21+00:00
f44001275f8c4ff7,3713,2026-09-05T09:45:21+00:00
7dced8156a0641be,3714,2026-09-05T09:45:21+00:00
ff153f8c48df4b00,3715,2026-09-05T09:45:21+00:00
5bc8a6c960974ab1,3716,2026-09-05T09:45:21+00:00
d05be8e5d2e84651,3717,2026-09-05T09:45:21+00:00
822f6f782ad644c2,3718,2026-09-05T09:45:21+00:00
7a9a9231f67a447a,3719,2026-09-05T09:45:21+00:00
3e38c84fd07047b7,3720,2026-09-05T09:45:21+00:00
1fd6440ead684f7d,3721,2026-09-05T09:45:21+00:00
322c188c0c264922,3722,2026-09-05T09:45:21+00:00
295a8da8b8cb4a26,3723,2026-09-05T09:45:21+00:00
ee2d91bfad6847d6,3724,2026-09-05T09:45:21+00:00
7b8959c7c6e74628,3725,2026-09-05T09:45:21+00:00
8fd984b36479493b,3726,2026-09-05T09:45:21+00:00
33b7ed73d58b4e2c,3727,2026-09-05T09:45:21+00:00
d73a76ba15bb4b6a,3728,2026-09-05T09:45:21+00:00
0e34d5c293d0436f,3729,2026-09-05T09:45:21+00:00
ae216d72100c48d2,3730,2026-09-05T09:45:21+00:00
f1525d905a2243d0,3731,2026-09-05T09:45:21+00:00
62505d7d9e3d40d0,3732,2026-09-05T09:45:21+00:00
f67398e452704e30,3733,2026-09-05T09:45:21+00:00
e6a5dc17b2824a48,3734,2026-09-05T09:45:21+00:00
980b072097684c24,3735,2026-09-05T09:45:21+00:00
6a4cbbec676b4a3d,3736,2026-09-05T09:45:21+00:00
863df51eac4640ab,3737,2026-09-05T09:45:21+00:00
1f4ee7cfc5234f7a,3738,2026-09-05T09:45:21+00:00
c1dadd2e31ae449a,3739,2026-09-05T09:45:21+00:00
b3f700a82af54b2e,3740,2026-09-05T09:45:21+00:00
dd5ea97e9e7f40ca,3741,2026-09-05T09:45:21+00:00
c4f1f16de07641dc,3742,2026-09-05T09:45:21+00:00
a3e439af16884bab,3743,2026-09-05T09:45:21+00:00
2591181d4b414ed7,3744,2026-09-05T09:45:21+00:00
a51b1734999c42e8,3745,2026-09-05T09:45:21+00:00
c936d52c75a04472,3746,2026-09-05T09:45:21+00:00
b42bbdd90c08498c,3747,2026-09-05T09:45:21+00:00
21362ce32fb347a2,3748,2026-09-05T09:45:21+00:00
21b2fff846a64d66,3749,2026-09-05T09:45:21+00:00
43e299eaa7c145c6,3750,2026-09-05T09:45:21+00:00
d4d7c287ef004ce7,3751,2026-09-05T09:45:21+00:00
55ea25e2521e4610,3752,2026-09-05T09:45:21+00:00
1f29f354c6c74b2c,3753,2026-09-05T09:45:21+00:00
9a44d66911fb41ea,3754,2026-09-05T09:45:21+00:00
208e8e6f74124694,3755,2026-09-05T09:45:21+00:00
073c86f4c4964e86,3756,2026-09-05T09:45:21+00:00
4d36054fcfc74827,3757,2026-09-05T09:45:21+00:00
730e5f42118e4102,3758,2026-09-05T09:45:21+00:00
8a0cdf18a86e474c,3759,2026-09-05T09:45:21+00:00
e215c7efb2ac44db,3760,2026-09-05T09:45:21+00:00
51ec1192188c4f37,3761,2026-09-05T09:45:21+00:00
be44eaee567a4157,3762,2026-09-05T09:45:21+00:00
16b5b33a36ef4dc9,3763,2026-09-05T09:45:21+00:00
6ecdb995a03a4374,3764,2026-09-05T09:45:21+00:00
1ad896fa82a64379,3765,2026-09-05T09:45:21+00:00
fb3ea404494e457d,3766,2026-09-05T09:45:21+00:00
e5d9c71bd1fb4e2e,3767,2026-09-05T09:45:21+00:00
d28c2ccee0254ddb,3768,2026-09-05T09:45:21+00:00
1a16a10da21a4a64,3769,2026-09-05T09:45:21+00:00
b4535a87a31f4546,3770,2026-09-05T09:45:21+00:00
e2ecc1a390dd4fe2,3771,2026-09-05T09:45:21+00:00
f977d7d4c6ba4ed6,3772,2026-09-05T09:45:21+00:00
3deba9ea2cac484e,3773,2026-09-05T09:45:21+00:00
451e1cf3a0864206,3774,2026-09-05T09:45:21+00:00
de111c7e686f48b9,3775,2026-09-05T09:45:21+00:00
3e7ef0059d214518,3776,2026-09-05T09:45:21+00:00
ea1e975738f64583,3777,2026-09-05T09:45:21+00:00
79b6a77051f244ab,3778,2026-09-05T09:45:21+00:00
0d5e3d6ef52f41c5,3779,2026-09-05T09:45:21+00:00
c7beff31bcc147c8,3780,2026-09-05T09:45:21+00:00
20923f72e0854576,3781,2026-09-05T09:45:21+00:00
c6f37f382b5e4517,3782,2026-09-05T09:45:21+00:00
59f3bf342a444723,3783,2026-09-05T09:45:21+00:00
d7fe19df25424cf0,3784,2026-09-05T09:45:21+00:00
bcbabf5275944e8f,3785,2026-09-05T09:45:21+00:00
d5592a0eeb2144c1,3786,2026-09-05T09:45:21+00:00
1fcc010eba4a43dd,3787,2026-09-05T09:45:21+00:00
8981188fe30a434d,3788,2026-09-05T09:45:21+00:00
2e8d0700e48b48ef,3789,2026-09-05T09:45:21+00:00
b05696b281734732,3790,2026-09-05T09:45:21+00:00
2ef27dbeeb5d4b31,3791,2026-09-05T09:45:21+00:00
44c4619b474547af,3792,2026-09-05T09:45:21+00:00
f4f4aaaec4484788,3793,2026-09-05T09:45:21+00:00
62659851bb524949,3794,2026-09-05T09:45:21+00:00
6561445c38874532,3795,2026-09-05T09:45:21+00:00
af9916ea5f774d65,3796,2026-09-05T09:45:21+00:00
f7f2633050ad4663,3797,2026-09-05T09:45:21+00:00
84a17b4c12f44701,3798,2026-09-05T09:45:21+00:00
431aea0c3e0f4441,3799,2026-09-05T09:45:21+00:00
5a5a40b3379e4aa7,3800,2026-09-05T09:45:21+00:00
4fd57d3421c240ed,3801,2026-09-05T09:45:21+00:00
9dd2874b4d824df7,3802,2026-09-05T09:45:21+00:00
0c3020d5d32846df,3803,2026-09-05T09:45:21+00:00
3026e00ea416456c,3804,2026-09-05T09:45:21+00:00
fe814f3931654bef,3805,2026-09-05T09:45:21+00:00
f591b53fa7e84beb,3806,2026-09-05T09:45:21+00:00
c09911c7cc674ac6,3807,2026-09-05T09:45:21+00:00
5bbf323c1b764ae7,3808,2026-09-05T09:45:21+00:00
48c46ca56f3c47c7,3809,2026-09-05T09:45:21+00:00
6bcc4748372e46b7,3810,2026-09-05T09:45:21+00:00
ff1370e8e0974338,3811,2026-09-05T09:45:21+00:00
ba37b16662a84269,3812,2026-09-05T09:45:21+00:00
eee76147fc784e34,3813,2026-09-05T09:45:21+00:00
6151c2330324435f,3814,2026-09-05T09:45:21+00:00
932ff7f5f230470e,3815,2026-09-05T09:45:21+00:00
146351a000e74a1e,3816,2026-09-05T09:45:21+00:00
4156292e8f3e4cae,3817,2026-09-05T09:45:21+00:00
72695d78a2a14502,3818,2026-09-05T09:45:21+00:00
bc29e87324504fdd,3819,2026-09-05T09:45:21+00:00
d3583a0e5da2400d,3820,2026-09-05T09:45:21+00:00
1a895bbfcbd0477e,3821,2026-09-05T09:45:21+00:00
6ce8210fc77e45a1,3822,2026-09-05T09:45:21+00:00
dbe41e9c2e6b4f32,3823,2026-09-05T09:45:21+00:00
a5dcf1e915f14f9b,3824,2026-09-05T09:45:21+00:00
fcc5b113f69448cc,3825,2026-09-05T09:45:21+00:00
903a7e892fee4498,3826,2026-09-05T09:45:21+00:00
e1644f70a0494989,3827,2026-09-05T09:45:21+00:00
cedf8f922dba4f69,3828,2026-09-05T09:45:21+00:00
9587da497f4645ca,3829,2026-09-05T09:45:21+00:00
f6448da99a7b4c91,3830,2026-09-05T09:45:21+00:00
331a4838e280425e,3831,2026-09-05T09:45:21+00:00
524fc111a4d24f08,3832,2026-09-05T09:45:21+00:00
abe5108d092e4783,3833,2026-09-05T09:45:21+00:00
10203a4014a847d9,3834,2026-09-05T09:45:21+00:00
c0949bc681124cd4,3835,2026-09-05T09:45:21+00:00
3f5b2d9bac9843f7,3836,2026-09-05T09:45:21+00:00
47dcaeeb6dbb4dcd,3837,2026-09-05T09:45:21+00:00
f77cee6fc2554c53,3838,2026-09-05T09:45:21+00:00
3fd39aa932af45c3,3839,2026-09-05T09:45:21+00:00
8bec93037d264b1d,3840,2026-09-05T09:45:21+00:00
4d6f229e55aa4e65,3841,2026-09-05T09:45:21+00:00
ecee2edf1fb74bc8,3842,2026-09-05T09:45:21+00:00
c4dcc0b14d2b4010,3843,2026-09-05T09:45:21+00:00
7d9b57a351d94640,3844,2026-09-05T09:45:21+00:00
955c897b47194f70,3845,2026-09-05T09:45:21+00:00
4fbdb1b075954486,3846,2026-09-05T09:45:21+00:00
3a600c41a9e6469b,3847,2026-09-05T09:45:21+00:00
e31610a128fd47f7,3848,2026-09-05T09:45:21+00:00
86781b1740054f6d,3849,2026-09-05T09:45:21+00:00
f18f5840b36b4890,3850,2026-09-05T09:45:21+00:00
e0f4e96e280342c4,3851,2026-09-05T09:45:21+00:00
12f3291349ea483a,3852,2026-09-05T09:45:21+00:00
07807c0a3daf4ac7,3853,2026-09-05T09:45:21+00:00
1622455ca6734bcf,3854,2026-09-05T09:45:21+00:00
e913e2b1e55d49fa,3855,2026-09-05T09:45:21+00:00
9085f767121a4fbc,3856,2026-09-05T09:45:21+00:00
17671441274143b7,3857,2026-09-05T09:45:21+00:00
8af6c1716e6148ee,3858,2026-09-05T09:45:21+00:00
dbae1251ad5749ba,3859,2026-09-05T09:45:21+00:00
41f714286dba4aa8,3860,2026-09-05T09:45:21+00:00
b73b437d0a334963,3861,2026-09-05T09:45:21+00:00
f5212fc03fe348ed,3862,2026-09-05T09:45:21+00:00
f6eb8660dd784e7c,3863,2026-09-05T09:45:21+00:00
f8eb55d2cb3a447d,3864,2026-09-05T09:45:21+00:00
9528ae77f4024962,3865,2026-09-05T09:45:21+00:00
54ab94c28cb64905,3866,2026-09-05T09:45:21+00:00
91c4f783a113469f,3867,2026-09-05T09:45:21+00:00
e957ff876c7d4b80,3868,2026-09-05T09:45:21+00:00
551b22fd516d42ec,3869,2026-09-05T09:45:21+00:00
5f6ed112bc8d49ed,3870,2026-09-05T09:45:21+00:00
16c7bbed6d594f3b,3871,2026-09-05T09:45:21+00:00
944abdcdf22748aa,3872,2026-09-05T09:45:21+00:00
daecbdfcd52848d8,3873,2026-09-05T09:45:21+00:00
a9294252cd5045a3,3874,2026-09-05T09:45:21+00:00
46086bf79c6e4ef4,3875,2026-09-05T09:45:21+00:00
49cf1811ab944dc6,3876,2026-09-05T09:45:21+00:00
59285c6d335e4689,3877,2026-09-05T09:45:21+00:00
2e497b83371c4bbd,3878,2026-09-05T09:45:21+00:00
741f823a14834e31,3879,2026-09-05T09:45:21+00:00
c5b28130bf954535,3880,2026-09-05T09:45:21+00:00
8a25321416bd4af2,3881,2026-09-05T09:45:21+00:00
7322c43f67f344d6,3882,2026-09-05T09:45:21+00:00
07d44cc95fd4485c,3883,2026-09-05T09:45:21+00:00
babd013e03e444c6,3884,2026-09-05T09:45:21+00:00
2cd0f3d6150a4ece,3885,2026-09-05T09:45:21+00:00
2f5ad507ca5f4eed,3886,2026-09-05T09:45:21+00:00
e1011021cde3425c,3887,2026-09-05T09:45:21+00:00
8be9d2eaef7e461c,3888,2026-09-05T09:45:21+00:00
0f0d9fe45c214af3,3889,2026-09-05T09:45:21+00:00
2bf6481cb14f47a2,3890,2026-09-05T09:45:21+00:00
51743d93a1814c58,3891,2026-09-05T09:45:21+00:00
a78c8d1699c84256,3892,2026-09-05T09:45:21+00:00
234bd960754f4bc0,3893,2026-09-05T09:45:21+00:00
b1acab463ea34720,3894,2026-09-05T09:45:21+00:00
42b52dddfa8f497d,3895,2026-09-05T09:45:21+00:00
16e4bcce55814128,3896,2026-09-05T09:45:21+00:00
970a629775324120,3897,2026-09-05T09:45:21+00:00
800c901677c14e5e,3898,2026-09-05T09:45:21+00:00
dfa79211542d416a,3899,2026-09-05T09:45:21+00:00
df1db098228d4c2d,3900,2026-09-05T09:45:21+00:00
293b9fe8b4844575,3901,2026-09-05T09:45:21+00:00
aa1bb80daa5f4cc5,3902,2026-09-05T09:45:21+00:00
1f169fbba58d4f8a,3903,2026-09-05T09:45:21+00:00
0f27da8d622d41f7,3904,2026-09-05T09:45:21+00:00
5227efc445ab45d7,3905,2026-09-05T09:45:21+00:00
6ea71a5666d14fb6,3906,2026-09-05T09:45:21+00:00
0f05c6f302bb4e6d,3907,2026-09-05T09:45:21+00:00
38ddbc07a1ad4a47,3908,2026-09-05T09:45:21+00:00
d6d925a0d3144be3,3909,2026-09-05T09:45:21+00:00
cc029f13af8b45e0,3910,2026-09-05T09:45:21+00:00
2d3c6cf055214346,3911,2026-09-05T09:45:21+00:00
84825977eb974e27,3912,2026-09-05T09:45:21+00:00
d72779625b0b4790,3913,2026-09-05T09:45:21+00:00
3ffa9dc7659b4375,3914,2026-09-05T09:45:21+00:00
ca806ad969bb4fcb,3915,2026-09-05T09:45:21+00:00
35c18e70ad3f4a16,3916,2026-09-05T09:45:21+00:00
0256cb0602134f6f,3917,2026-09-05T09:45:21+00:00
6e7d9f19d94a4875,3918,2026-09-05T09:45:21+00:00
a22c2a79f4e844f1,3919,2026-09-05T09:45:21+00:00
30c6cf34f4a54f78,3920,2026-09-05T09:45:21+00:00
9ad29ad3b24d490d,3921,2026-09-05T09:45:21+00:00
95c991a48fd744c3,3922,2026-09-05T09:45:21+00:00
47875c9a57b54ad0,3923,2026-09-05T09:45:21+00:00
7664452b1f0449b6,3924,2026-09-05T09:45:21+00:00
d4b3d765a603470f,3925,2026-09-05T09:45:21+00:00
c5baba6cf250416f,3926,2026-09-05T09:45:21+00:00
4a17fb0cf0214fa7,3927,2026-09-05T09:45:21+00:00
32cba650ac7c4207,3928,2026-09-05T09:45:21+00:00
2a6842adf9044355,3929,2026-09-05T09:45:21+00:00
10ac7c32a4c64936,3930,2026-09-05T09:45:21+00:00
24b3e111b6174c5c,3931,2026-09-05T09:45:21+00:00
48bf5f636bb54a9c,3932,2026-09-05T09:45:21+00:00
3533e94099644f9e,3933,2026-09-05T09:45:21+00:00
c34bc5f6764c47e1,3934,2026-09-05T09:45:21+00:00
249f7ddd905d424c,3935,2026-09-05T09:45:21+00:00
b5cfecf39b3246f7,3936,2026-09-05T09:45:21+00:00
b7b4c1e8cae3486b,3937,2026-09-05T09:45:21+00:00
91a683bd1cbf44e6,3938,2026-09-05T09:45:21+00:00
2d0f10935eb84ae9,3939,2026-09-05T09:45:21+00:00
e45da7f34f3040ca,3940,2026-09-05T09:45:21+00:00
335311a4afd24f86,3941,2026-09-05T09:45:21+00:00
e6338fe0663c48e0,3942,2026-09-05T09:45:21+00:00
e434a2c6512d4480,3943,2026-09-05T09:45:21+00:00
6a0f7523340b491a,3944,2026-09-05T09:45:21+00:00
24e6affa7cf34e43,3945,2026-09-05T09:45:21+00:00
ba996b4a60d44749,3946,2026-09-05T09:45:21+00:00
be0f8580c3b64b38,3947,2026-09-05T09:45:21+00:00
a306fa86ae004117,3948,2026-09-05T09:45:21+00:00
3fa88b27e9e54227,3949,2026-09-05T09:45:21+00:00
5737f8e35e9a4084,3950,2026-09-05T09:45:21+00:00
15d779f900bd49d4,3951,2026-09-05T09:45:21+00:00
ee05415a9d2c4d9c,3952,2026-09-05T09:45:21+00:00
3ea3d669796840ad,3953,2026-09-05T09:45:21+00:00
20223f684807418a,3954,2026-09-05T09:45:21+00:00
ba38157060464e4d,3955,2026-09-05T09:45:21+00:00
75d056bed1224469,3956,2026-09-05T09:45:21+00:00
7b77f2febfdf4f1e,3957,2026-09-05T09:45:21+00:00
2f090f09e81d40b4,3958,2026-09-05T09:45:21+00:00
f429fa6f9f774668,3959,2026-09-05T09:45:21+00:00
6fa76070589d4b00,3960,2026-09-05T09:45:21+00:00
1f5f732d497f43d4,3961,2026-09-05T09:45:21+00:00
812c21d206c04e73,3962,2026-09-05T09:45:21+00:00
8e8ea5e860f04de1,3963,2026-09-05T09:45:21+00:00
39e687a39e6b4dd7,3964,2026-09-05T09:45:21+00:00
0843ba958c0b43c7,3965,2026-09-05T09:45:21+00:00
1083469286014e9a,3966,2026-09-05T09:45:21+00:00
470d8c6677784954,3967,2026-09-05T09:45:21+00:00
ed907f1c02ef4052,3968,2026-09-05T09:45:21+00:00
d1db29e458774821,3969,2026-09-05T09:45:21+00:00
15d9a56046974aae,3970,2026-09-05T09:45:21+00:00
df93b6dcc32c403b,3971,2026-09-05T09:45:21+00:00
837ae2fefa134017,3972,2026-09-05T09:45:21+00:00
d73a1801f06a40fe,3973,2026-09-05T09:45:21+00:00
8f42e33a78c748b5,3974,2026-09-05T09:45:21+00:00
f1c62cdb7e024a2f,3975,2026-09-05T09:45:21+00:00
9cea1d15229a4113,3976,2026-09-05T09:45:21+00:00
92f917d21d514c3b,3977,2026-09-05T09:45:21+00:00
04b20f9974f04ef7,3978,2026-09-05T09:45:21+00:00
7854b20ee3344b19,3979,2026-09-05T09:45:21+00:00
0784350c9c724ed4,3980,2026-09-05T09:45:21+00:00
36763e9191744284,3981,2026-09-05T09:45:21+00:00
86f9dc188d714358,3982,2026-09-05T09:45:21+00:00
180ae3c7ab294890,3983,2026-09-05T09:45:21+00:00
0e0a3a9919b24e7f,3984,2026-09-05T09:45:21+00:00
31d0e9f712154881,3985,2026-09-05T09:45:21+00:00
ddd141b01f3d4a14,3986,2026-09-05T09:45:21+00:00
f5de8f97a57f451d,3987,2026-09-05T09:45:21+00:00
062fbd65eb0d412b,3988,2026-09-05T09:45:21+00:00
a0c6777d0b924b1a,3989,2026-09-05T09:45:21+00:00
41dd915c3c7c496e,3990,2026-09-05T09:45:21+00:00
c764a56aaed1481e,3991,2026-09-05T09:45:21+00:00
a9b844bd746d4103,3992,2026-09-05T09:45:21+00:00
a663c544c51648da,3993,2026-09-05T09:45:21+00:00
3d2882c4620a4688,3994,2026-09-05T09:45:21+00:00
f0eb772bd8844540,3995,2026-09-05T09:45:21+00:00
792e8f41791a4055,3996,2026-09-05T09:45:21+00:00
a8351da4664e4f18,3997,2026-09-05T09:45:21+00:00
d1c1cdeb141a4e0e,3998,2026-09-05T09:45:21+00:00
3d0bcd448b5f4fce,3999,2026-09-05T09:45:21+00:00
b77591d931554344,4000,2026-09-05T09:45:21+00:00
19e381b3c71249a5,4001,2026-09-05T09:45:21+00:00
1b145c28ad634dd0,4002,2026-09-05T09:45:21+00:00
d803ec5e5ef24d99,4003,2026-09-05T09:45:21+00:00
ac16fb2804654c49,4004,2026-09-05T09:45:21+00:00
c914985b2a334d39,4005,2026-09-05T09:45:21+00:00
7329941bc2b747f6,4006,2026-09-05T09:45:21+00:00
42752885ccff4542,4007,2026-09-05T09:45:21+00:00
3f2d100d3d714b08,4008,2026-09-05T09:45:21+00:00
da2f3341813d4927,4009,2026-09-05T09:45:21+00:00
a59e4536a4a54578,4010,2026-09-05T09:45:21+00:00
9bc1943d4abc4695,4011,2026-09-05T09:45:21+00:00
807bbdad715d49ae,4012,2026-09-05T09:45:21+00:00
595df04e6097419c,4013,2026-09-05T09:45:21+00:00
6bce5c294d54486d,4014,2026-09-05T09:45:21+00:00
e45fcc0d8fdf4f78,4015,2026-09-05T09:45:21+00:00
158c359048c44a9e,4016,2026-09-05T09:45:21+00:00
060ab59f57b441cc,4017,2026-09-05T09:45:21+00:00
4987975614aa465d,4018,2026-09-05T09:45:21+00:00
fef3d0f3ccb8458d,4019,2026-09-05T09:45:21+00:00
041ce9ebc4c94bf7,4020,2026-09-05T09:45:21+00:00
ae6f95b53a1c422a,4021,2026-09-05T09:45:21+00:00
8beef0df74ec4944,4022,2026-09-05T09:45:21+00:00
781fee51a08c476b,4023,2026-09-05T09:45:21+00:00
7db79c8c3e1a40da,4024,2026-09-05T09:45:21+00:00
c790f59224cd4dac,4025,2026-09-05T09:45:21+00:00
fabebad53a224ddc,4026,2026-09-05T09:45:21+00:00
093e52aecd104969,4027,2026-09-05T09:45:21+00:00
faa042a650384fa0,4028,2026-09-05T09:45:21+00:00
e5f7b94731964a30,4029,2026-09-05T09:45:21+00:00
554cb580f58544ed,4030,2026-09-05T09:45:21+00:00
d96dc6465aff4e8b,4031,2026-09-05T09:45:21+00:00
32460962ffa44cdb,4032,2026-09-05T09:45:21+00:00
ecae491d791047d6,4033,2026-09-05T09:45:21+00:00
3e1252c0881147d8,4034,2026-09-05T09:45:21+00:00
725878a7faf04637,4035,2026-09-05T09:45:21+00:00
f940516b71764162,4036,2026-09-05T09:45:21+00:00
538d384109f94d3f,4037,2026-09-05T09:45:21+00:00
2286069dcfd445e6,4038,2026-09-05T09:45:21+00:00
ea948fa1f73344a2,4039,2026-09-05T09:45:21+00:00
dd8933ef14874007,4040,2026-09-05T09:45:21+00:00
d6ec8c6b8cc5491a,4041,2026-09-05T09:45:21+00:00
fa6bc7d6cf224bc9,4042,2026-09-05T09:45:21+00:00
bde12cfe49724b54,4043,2026-09-05T09:45:21+00:00
db57b395a8424424,4044,2026-09-05T09:45:21+00:00
d38261bf6d644bcb,4045,2026-09-05T09:45:21+00:00
790f795b0e934b02,4046,2026-09-05T09:45:21+00:00
eadd69e1a72f4229,4047,2026-09-05T09:45:21+00:00
4b97b24c9b2e40dd,4048,2026-09-05T09:45:21+00:00
575d678c27e04175,4049,2026-09-05T09:45:21+00:00
211edcef81034655,4050,2026-09-05T09:45:21+00:00
bbfec01dcc96477f,4051,2026-09-05T09:45:21+00:00
83e717d8f8c6468b,4052,2026-09-05T09:45:21+00:00
27c0ea4dcd054fd1,4053,2026-09-05T09:45:21+00:00
5c543199bacb4af5,4054,2026-09-05T09:45:21+00:00
b6b6ee20d2f943db,4055,2026-09-05T09:45:21+00:00
7f8bab0444164696,4056,2026-09-05T09:45:21+00:00
699bd5a49f304d09,4057,2026-09-05T09:45:21+00:00
aad3a14c4fef4253,4058,2026-09-05T09:45:21+00:00
e5265dfe0d434730,4059,2026-09-05T09:45:21+00:00
4301024192b545a5,4060,2026-09-05T09:45:21+00:00
f518ba0230134f42,4061,2026-09-05T09:45:21+00:00
08a5dc9c719d4666,4062,2026-09-05T09:45:21+00:00
3962530d122e4256,4063,2026-09-05T09:45:21+00:00
73304d4dcb09495d,4064,2026-09-05T09:45:21+00:00
9cf47a15f60a48cd,4065,2026-09-05T09:45:21+00:00
9aff96373d0c4c32,4066,2026-09-05T09:45:21+00:00
7c0d0b9f07e84519,4067,2026-09-05T09:45:21+00:00
937594602e9a4f45,4068,2026-09-05T09:45:21+00:00
ab939445e7d3447f,4069,2026-09-05T09:45:21+00:00
32db418ce8aa4811,4070,2026-09-05T09:45:21+00:00
319a0a478bc24433,4071,2026-09-05T09:45:21+00:00
a87c0e740fa04fd3,4072,2026-09-05T09:45:21+00:00
a4ae9cf9610e46dd,4073,2026-09-05T09:45:21+00:00
df45908700804168,4074,2026-09-05T09:45:21+00:00
bafd5f3ca786484e,4075,2026-09-05T09:45:21+00:00
317d3499bdd04207,4076,2026-09-05T09:45:21+00:00
88ed849acd5148d6,4077,2026-09-05T09:45:21+00:00
b00e8b641c5a4be0,4078,2026-09-05T09:45:21+00:00
3f586039503c4518,4079,2026-09-05T09:45:21+00:00
b7c0b253f8de43d6,4080,2026-09-05T09:45:21+00:00
c3f5ccd5a8e14afd,4081,2026-09-05T09:45:21+00:00
577193819aaa4e50,4082,2026-09-05T09:45:21+00:00
13132dd806094fb5,4083,2026-09-05T09:45:21+00:00
7431168cc0a34dd5,4084,2026-09-05T09:45:21+00:00
4e65934993b54248,4085,2026-09-05T09:45:21+00:00
0fbd8ab808854d07,4086,2026-09-05T09:45:21+00:00
72c5a893d0754e3a,4087,2026-09-05T09:45:21+00:00
095c60510aa14e30,4088,2026-09-05T09:45:21+00:00
b83e864c3757453d,4089,2026-09-05T09:45:21+00:00
258eb50d08ca4421,4090,2026-09-05T09:45:21+00:00
ce2b6666b5004712,4091,2026-09-05T09:45:21+00:00
a15d9a7a54cf475b,4092,2026-09-05T09:45:21+00:00
29662aa06c9b40be,4093,2026-09-05T09:45:21+00:00
bc8c4ebf46cc47ab,4094,2026-09-05T09:45:21+00:00
f4c406b02e0b4563,4095,2026-09-05T09:45:21+00:00
25acb318cd3d41c8,4096,2026-09-05T09:45:21+00:00
97c7bda8ab1d4eb9,4097,2026-09-05T09:45:21+00:00
45c0c7a11fca48d8,4098,2026-09-05T09:45:21+00:00
48917364090449a2,4099,2026-09-05T09:45:21+00:00
a90513c7573348aa,4100,2026-09-05T09:45:21+00:00
d53c6c852a2c4d63,4101,2026-09-05T09:45:21+00:00
7c4cd99bf4bc40b7,4102,2026-09-05T09:45:21+00:00
aa6e94e5808849b0,4103,2026-09-05T09:45:21+00:00
6692e4f42c5443a3,4104,2026-09-05T09:45:21+00:00
9059009e796c4a37,4105,2026-09-05T09:45:21+00:00
3b4a533dfcbd4209,4106,2026-09-05T09:45:21+00:00
9523b7e40bfd4b70,4107,2026-09-05T09:45:21+00:00
7529cdb07aff4857,4108,2026-09-05T09:45:21+00:00
4ef935944eee444e,4109,2026-09-05T09:45:21+00:00
cc0c976390f04023,4110,2026-09-05T09:45:21+00:00
7291cf78c8a04eef,4111,2026-09-05T09:45:21+00:00
7f0302ea8f3a42ab,4112,2026-09-05T09:45:21+00:00
e20f7bb2a5cf48d6,4113,2026-09-05T09:45:21+00:00
bc288e3f453f4a96,4114,2026-09-05T09:45:21+00:00
b58c7fa5ec5e4394,4115,2026-09-05T09:45:21+00:00
4c5a55d6bdb443ca,4116,2026-09-05T09:45:21+00:00
35405e9413c141e0,4117,2026-09-05T09:45:21+00:00
4784c79bb82848fb,4118,2026-09-05T09:45:21+00:00
cc443b0f0ff64ac4,4119,2026-09-05T09:45:21+00:00
3d755ab850e246c6,4120,2026-09-05T09:45:21+00:00
7d7761412b084a43,4121,2026-09-05T09:45:21+00:00
5d175703ec3147cb,4122,2026-09-05T09:45:21+00:00
d1fdb5e1670e4cf6,4123,2026-09-05T09:45:21+00:00
96dd01acb48a4a9e,4124,2026-09-05T09:45:21+00:00
4abde04dc85b478d,4125,2026-09-05T09:45:21+00:00
d0f456b217dc4df0,4126,2026-09-05T09:45:21+00:00
6b297477a798460e,4127,2026-09-05T09:45:21+00:00
675b141a6890433d,4128,2026-09-05T09:45:21+00:00
72b765187c6e43c3,4129,2026-09-05T09:45:21+00:00
d73098962c6145d3,4130,2026-09-05T09:45:21+00:00
48aac022477c47ed,4131,2026-09-05T09:45:21+00:00
78db416c0a314d51,4132,2026-09-05T09:45:21+00:00
79bd9c9d2eb84063,4133,2026-09-05T09:45:21+00:00
0c4d96702d204827,4134,2026-09-05T09:45:21+00:00
3f65b85363944914,4135,2026-09-05T09:45:21+00:00
5ee5a5ef6a0f4228,4136,2026-09-05T09:45:21+00:00
339f8e9e796c41e0,4137,2026-09-05T09:45:21+00:00
c0d5dc310a724f50,4138,2026-09-05T09:45:21+00:00
ac79a859968645bf,4139,2026-09-05T09:45:21+00:00
c9444afc9d4247f7,4140,2026-09-05T09:45:21+00:00
9feef5c98dd349c6,4141,2026-09-05T09:45:21+00:00
e1ac9daea220464c,4142,2026-09-05T09:45:21+00:00
568d873bf26e461d,4143,2026-09-05T09:45:21+00:00
a12273543f9d4e34,4144,2026-09-05T09:45:21+00:00
3f58482ef8684281,4145,2026-09-05T09:45:21+00:00
9f29388ad4da42d6,4146,2026-09-05T09:45:21+00:00
6e0aca41bd1d4d46,4147,2026-09-05T09:45:21+00:00
d15cec156a084c88,4148,2026-09-05T09:45:21+00:00
5e4c00ce1aa84dcd,4149,2026-09-05T09:45:21+00:00
5ec25e5fb6cc43e3,4150,2026-09-05T09:45:21+00:00
eac43a882e21431a,4151,2026-09-05T09:45:21+00:00
2568caf7c06c48ed,4152,2026-09-05T09:45:21+00:00
543945945e3d45dc,4153,2026-09-05T09:45:21+00:00
2bfb7cfa952d4f42,4154,2026-09-05T09:45:21+00:00
fab0150e4dce432c,4155,2026-09-05T09:45:21+00:00
677e714bcfe547ab,4156,2026-09-05T09:45:21+00:00
8b7a7cf83ca848aa,4157,2026-09-05T09:45:21+00:00
2ad7054a03bd406b,4158,2026-09-05T09:45:21+00:00
7bc524d5bb3e40b3,4159,2026-09-05T09:45:21+00:00
26a52a8f605d4776,4160,2026-09-05T09:45:21+00:00
223ddecbc25f4244,4161,2026-09-05T09:45:21+00:00
66ea84e1970a4e5c,4162,2026-09-05T09:45:21+00:00
03c13eb35b14408d,4163,2026-09-05T09:45:21+00:00
e90929156ea14574,4164,2026-09-05T09:45:21+00:00
12b4fea97c734a5f,4165,2026-09-05T09:45:21+00:00
8899ba5f27624212,4166,2026-09-05T09:45:21+00:00
91432856b92941a8,4167,2026-09-05T09:45:21+00:00
03a2ff3ea8f3453d,4168,2026-09-05T09:45:21+00:00
ffbf3c0df34c44cb,4169,2026-09-05T09:45:21+00:00
65f6df151cd642b2,4170,2026-09-05T09:45:21+00:00
9071fad656e746d8,4171,2026-09-05T09:45:21+00:00
bf1df979336e403e,4172,2026-09-05T09:45:21+00:00
9cca2d110f304606,4173,2026-09-05T09:45:21+00:00
fa1d57fb8ab340d6,4174,2026-09-05T09:45:21+00:00
59f7ef3d76ba49e3,4175,2026-09-05T09:45:21+00:00
7479a696d72143ae,4176,2026-09-05T09:45:21+00:00
545c72953e2a45ac,4177,2026-09-05T09:45:21+00:00
a92966ba1d184413,4178,2026-09-05T09:45:21+00:00
b74bf39f49e748fe,4179,2026-09-05T09:45:21+00:00
e6880efb79314d3f,4180,2026-09-05T09:45:21+00:00
22c46e4563b84f6a,4181,2026-09-05T09:45:21+00:00
22467a7248bc41fd,4182,2026-09-05T09:45:21+00:00
e91f1112100b41bc,4183,2026-09-05T09:45:21+00:00
e3d363ef4aaf47ce,4184,2026-09-05T09:45:21+00:00
28dbd1c4b3774ba6,4185,2026-09-05T09:45:21+00:00
458d40c37b2e4adc,4186,2026-09-05T09:45:21+00:00
4b34dfb9b7264fcf,4187,2026-09-05T09:45:21+00:00
36d728c4fb784020,4188,2026-09-05T09:45:21+00:00
e8ea9978a4214787,4189,2026-09-05T09:45:21+00:00
22657a47bc3a45a7,4190,2026-09-05T09:45:21+00:00
0745a6b64dad4f3b,4191,2026-09-05T09:45:21+00:00
4ffff861a15840e1,4192,2026-09-05T09:45:21+00:00
c1e159177a59492a,4193,2026-09-05T09:45:21+00:00
5cf4f9e8a0db47c2,4194,2026-09-05T09:45:21+00:00
63a9f8d7c2df4c69,4195,2026-09-05T09:45:21+00:00
73b4362c46ac4d9e,4196,2026-09-05T09:45:21+00:00
1f54c4d8970a42de,4197,2026-09-05T09:45:21+00:00
e2b91d2785844a17,4198,2026-09-05T09:45:21+00:00
ede2734321e1469d,4199,2026-09-05T09:45:21+00:00
abb12bc7bfbd40fd,4200,2026-09-05T09:45:21+00:00
fc30e20b3c9c4588,4201,2026-09-05T09:45:21+00:00
358aad578d0140f1,4202,2026-09-05T09:45:21+00:00
cf38a36a6ff749ab,4203,2026-09-05T09:45:21+00:00
797d9dc827a645dd,4204,2026-09-05T09:45:21+00:00
058d25bdadb6411c,4205,2026-09-05T09:45:21+00:00
2e2424acb6b64581,4206,2026-09-05T09:45:21+00:00
e7005e5723a04bba,4207,2026-09-05T09:45:21+00:00
59bf4efbc8484ba8,4208,2026-09-05T09:45:21+00:00
bcbc53e4cf3f4730,4209,2026-09-05T09:45:21+00:00
c53ca5f1b4bb4119,4210,2026-09-05T09:45:21+00:00
f83a0b3bcc894f71,4211,2026-09-05T09:45:21+00:00
1c1cb20c4b7140bd,4212,2026-09-05T09:45:21+00:00
a09b5a5a66204afc,4213,2026-09-05T09:45:21+00:00
d21c32a10e9d4233,4214,2026-09-05T09:45:21+00:00
c86cedf24b054719,4215,2026-09-05T09:45:21+00:00
5bceffe37458464c,4216,2026-09-05T09:45:21+00:00
e34a70160a1841c7,4217,2026-09-05T09:45:21+00:00
7e6b3a3744724f35,4218,2026-09-05T09:45:21+00:00
2a67539726184582,4219,2026-09-05T09:45:21+00:00
99f951147b004c16,4220,2026-09-05T09:45:21+00:00
bb35cd72fe6841a9,4221,2026-09-05T09:45:21+00:00
50e4304b652c4e5b,4222,2026-09-05T09:45:21+00:00
3231346226994a30,4223,2026-09-05T09:45:21+00:00
c1bd77fe8cc64cdd,4224,2026-09-05T09:45:21+00:00
e32eb33e7b3b4060,4225,2026-09-05T09:45:21+00:00
8936d251202541a7,4226,2026-09-05T09:45:21+00:00
265f81b031e04215,4227,2026-09-05T09:45:21+00:00
77859957817c4098,4228,2026-09-05T09:45:21+00:00
8395c3bbaca64114,4229,2026-09-05T09:45:21+00:00
33e79683118a4b2f,4230,2026-09-05T09:45:21+00:00
bb769602cca84e08,4231,2026-09-05T09:45:21+00:00
0e0a19f9793345e2,4232,2026-09-05T09:45:21+00:00
bb0994a6bdbe6682,4233,2026-09-05T09:45:21+00:00
d0a89fcf6b7b4108,4234,2026-09-05T09:45:21+00:00
3c5314e96f3042ae,4235,2026-09-05T09:45:21+00:00
62865b1d191c491f,4236,2026-09-05T09:45:21+00:00
e3a7c47fcdab4884,4237,2026-09-05T09:45:21+00:00
573fdfd5563846ee,4238,2026-09-05T09:45:21+00:00
569299274350412a,4239,2026-09-05T09:45:21+00:00
ce43e0bcaa634a79,4240,2026-09-05T09:45:21+00:00
869ebd7fcaf94994,4241,2026-09-05T09:45:21+00:00
ec1a7163f6a04c04,4242,2026-09-05T09:45:21+00:00
cf36f1f8c7bd4857,4243,2026-09-05T09:45:21+00:00
ca315fc9f9f44535,4244,2026-09-05T09:45:21+00:00
97df1e874ba74a41,4245,2026-09-05T09:45:21+00:00
0a7963305d7b45ff,4246,2026-09-05T09:45:21+00:00
55a63a44d25641e5,4247,2026-09-05T09:45:21+00:00
436de2a8610f47d5,4248,2026-09-05T09:45:21+00:00
ef1113f83e1648ed,4249,2026-09-05T09:45:21+00:00
7f03cc384b9943d2,4250,2026-09-05T09:45:21+00:00
0bd898d1b2f44a3d,4251,2026-09-05T09:45:21+00:00
42ff8880bdbb4237,4252,2026-09-05T09:45:21+00:00
318c376f41dd4fce,4253,2026-09-05T09:45:21+00:00
1f4fb1128efa436c,4254,2026-09-05T09:45:21+00:00
f4747f2effa24950,4255,2026-09-05T09:45:21+00:00
732c8f386965453c,4256,2026-09-05T09:45:21+00:00
6858be01053745fb,4257,2026-09-05T09:45:21+00:00
d53bf57923424cee,4258,2026-09-05T09:45:21+00:00
aaad62818c344e6f,4259,2026-09-05T09:45:21+00:00
42d25f9531994643,4260,2026-09-05T09:45:21+00:00
66d3b71158cf4a0b,4261,2026-09-05T09:45:21+00:00
c4d72ae711c840e9,4262,2026-09-05T09:45:21+00:00
f062345db5684df9,4263,2026-09-05T09:45:21+00:00
9667dcaddc8e4ea5,4264,2026-09-05T09:45:21+00:00
0e2ecb31dbe943c6,4265,2026-09-05T09:45:21+00:00
f90763cb95d24a5e,4266,2026-09-05T09:45:21+00:00
0b0d1e0d429041f0,4267,2026-09-05T09:45:21+00:00
22065d5851d84f0d,4268,2026-09-05T09:45:21+00:00
4b72f631ebf643ec,4269,2026-09-05T09:45:21+00:00
37feadb97e7a43e7,4270,2026-09-05T09:45:21+00:00
0e8d2a776977472c,4271,2026-09-05T09:45:21+00:00
23602fdfe15e4f82,4272,2026-09-05T09:45:21+00:00
25ac428c2bd04b8e,4273,2026-09-05T09:45:21+00:00
e6fe2c766bcb482c,4274,2026-09-05T09:45:21+00:00
a419e7c23de0459b,4275,2026-09-05T09:45:21+00:00
981eb8b96b814d56,4276,2026-09-05T09:45:21+00:00
21c43a7ae7cd441e,4277,2026-09-05T09:45:21+00:00
b8d3e516d0b24198,4278,2026-09-05T09:45:21+00:00
b30eb5f354ec4be4,4279,2026-09-05T09:45:21+00:00
6b289309b29b4d09,4280,2026-09-05T09:45:21+00:00
3262d5bfe1d04e7e,4281,2026-09-05T09:45:21+00:00
ec34e5de50e34a6d,4282,2026-09-05T09:45:21+00:00
d99cbb668a364c6d,4283,2026-09-05T09:45:21+00:00
30fa586a8ba74c9a,4284,2026-09-05T09:45:21+00:00
28bd6399993a43ca,4285,2026-09-05T09:45:21+00:00
730328cad8e644f0,4286,2026-09-05T09:45:21+00:00
8f4f6041ac0c4d2f,4287,2026-09-05T09:45:21+00:00
592ef547598c4d68,4288,2026-09-05T09:45:21+00:00
4dfc1e7672494112,4289,2026-09-05T09:45:21+00:00
d8c9508918ff411e,4290,2026-09-05T09:45:21+00:00
8eee771b17f9407d,4291,2026-09-05T09:45:21+00:00
49978f466b5a4c3e,4292,2026-09-05T09:45:21+00:00
821d7e09f5c543a6,4293,2026-09-05T09:45:21+00:00
5e5e6a0255174085,4294,2026-09-05T09:45:21+00:00
16b0e77219694372,4295,2026-09-05T09:45:21+00:00
ba414f78ee0f416d,4296,2026-09-05T09:45:21+00:00
8aa781f794114bd9,4297,2026-09-05T09:45:21+00:00
2881daf32d324ce4,4298,2026-09-05T09:45:21+00:00
f338be14ee4a4fe7,4299,2026-09-05T09:45:21+00:00
851281cfa9484a6c,4300,2026-09-05T09:45:21+00:00
f5f328b7588240b9,4301,2026-09-05T09:45:21+00:00
301f329f19ae4319,4302,2026-09-05T09:45:21+00:00
6b0e4ec6f5a04e06,4303,2026-09-05T09:45:21+00:00
6e71c5b408e94b8a,4304,2026-09-05T09:45:21+00:00
8d0c2b2b0f634a60,4305,2026-09-05T09:45:21+00:00
043f937ff1f246d5,4306,2026-09-05T09:45:21+00:00
41912d1f545f4674,4307,2026-09-05T09:45:21+00:00
67c6e91395114e33,4308,2026-09-05T09:45:21+00:00
64e1f609ee5b4afa,4309,2026-09-05T09:45:21+00:00
6028d10c202147ae,4310,2026-09-05T09:45:21+00:00
b8aec12f6c4e4c72,4311,2026-09-05T09:45:21+00:00
32e8a90c355744b1,4312,2026-09-05T09:45:21+00:00
19a85beab80e4f0b,4313,2026-09-05T09:45:21+00:00
10dafd5a08b44531,4314,2026-09-05T09:45:21+00:00
6298651809f44c94,4315,2026-09-05T09:45:21+00:00
3f3696031fea4a70,4316,2026-09-05T09:45:21+00:00
ecd49f62895f4839,4317,2026-09-05T09:45:21+00:00
cfb246a78ca3439d,4318,2026-09-05T09:45:21+00:00
97183faed4384c49,4319,2026-09-05T09:45:21+00:00
806508b09ed74322,4320,2026-09-05T09:45:21+00:00
f1d8380d9da347b2,4321,2026-09-05T09:45:21+00:00
4b7e73f4a28b429b,4322,2026-09-05T09:45:21+00:00
ed888d4b9cef4151,4323,2026-09-05T09:45:21+00:00
ec6f42ecee4a4904,4324,2026-09-05T09:45:21+00:00
54fe77ec53184d45,4325,2026-09-05T09:45:21+00:00
38217b6894cb405b,4326,2026-09-05T09:45:21+00:00
313174b5e810425d,4327,2026-09-05T09:45:21+00:00
72af3bd632e04b2b,4328,2026-09-05T09:45:21+00:00
fa144483fb1b41ae,4329,2026-09-05T09:45:21+00:00
4a51d718e68844d4,4330,2026-09-05T09:45:21+00:00
48b8f66e78784347,4331,2026-09-05T09:45:21+00:00
324bb4f0cc1f4de7,4332,2026-09-05T09:45:21+00:00
d630d228a26f4b88,4333,2026-09-05T09:45:21+00:00
5b263b1cd4ae4a5e,4334,2026-09-05T09:45:21+00:00
6dc686e660bb4bff,4335,2026-09-05T09:45:21+00:00
a476ef5799e04603,4336,2026-09-05T09:45:21+00:00
d14dc1e33bae4fe7,4337,2026-09-05T09:45:21+00:00
0e14634049db43b6,4338,2026-09-05T09:45:21+00:00
2cf0ec24b1394b46,4339,2026-09-05T09:45:21+00:00
fbbf59c5147f478b,4340,2026-09-05T09:45:21+00:00
583ad902e56e408e,4341,2026-09-05T09:45:21+00:00
addd0adf6a874356,4342,2026-09-05T09:45:21+00:00
ec3cfe16b51645da,4343,2026-09-05T09:45:21+00:00
5672145c57dd4157,4344,2026-09-05T09:45:21+00:00
e21ff0aa9deb4f1e,4345,2026-09-05T09:45:21+00:00
82f030a0a35e49d4,4346,2026-09-05T09:45:21+00:00
7b9270d02a814bc5,4347,2026-09-05T09:45:21+00:00
7759a44e596d429f,4348,2026-09-05T09:45:21+00:00
69ca086600bf4b7c,4349,2026-09-05T09:45:21+00:00
c6f03c47a81148cb,4350,2026-09-05T09:45:21+00:00
741cae019d3f4c4d,4351,2026-09-05T09:45:21+00:00
e048f5dd14d54cb5,4352,2026-09-05T09:45:21+00:00
4a0b2e3f033a42f5,4353,2026-09-05T09:45:21+00:00
55947249629b43db,4354,2026-09-05T09:45:21+00:00
ee3d5813b2b7469c,4355,2026-09-05T09:45:21+00:00
2026f0ebb3f24c77,4356,2026-09-05T09:45:21+00:00
ea632088476f4b1d,4357,2026-09-05T09:45:21+00:00
a4a3b103a3ab4ba0,4358,2026-09-05T09:45:21+00:00
0f1cf9379a744717,4359,2026-09-05T09:45:21+00:00
4179b2011ae84016,4360,2026-09-05T09:45:21+00:00
1b6f4463c4674d44,4361,2026-09-05T09:45:21+00:00
2da95cdc208b42d8,4362,2026-09-05T09:45:21+00:00
aee45eebd8514067,4363,2026-09-05T09:45:21+00:00
015d6d04f3be4498,4364,2026-09-05T09:45:21+00:00
ef6312d86ae34a9c,4365,2026-09-05T09:45:21+00:00
33f952fdcf414fc2,4366,2026-09-05T09:45:21+00:00
10bd190cda904bbf,4367,2026-09-05T09:45:21+00:00
c16d473304684c4f,4368,2026-09-05T09:45:21+00:00
cefeffb7a8904434,4369,2026-09-05T09:45:21+00:00
1ff9232e9dd4403c,4370,2026-09-05T09:45:21+00:00
065e316b82a24343,4371,2026-09-05T09:45:21+00:00
a0dedec7b6b34e1b,4372,2026-09-05T09:45:21+00:00
c49b70bc6c5b4f4c,4373,2026-09-05T09:45:21+00:00
6b518587b6514fba,4374,2026-09-05T09:45:21+00:00
7986a517e8ad4d19,4375,2026-09-05T09:45:21+00:00
7b7e7cd1c84c4a9f,4376,2026-09-05T09:45:21+00:00
f34b8da1f2ed44e4,4377,2026-09-05T09:45:21+00:00
263a6095809b430b,4378,2026-09-05T09:45:21+00:00
ea1da35c4b33420b,4379,2026-09-05T09:45:21+00:00
c9cbb30a47be41e7,4380,2026-09-05T09:45:21+00:00
e68bfa79e5b94467,4381,2026-09-05T09:45:21+00:00
d639414372214096,4382,2026-09-05T09:45:21+00:00
cdbbb5bfe3394892,4383,2026-09-05T09:45:21+00:00
895e559374574aa3,4384,2026-09-05T09:45:21+00:00
83f128f808d147ac,4385,2026-09-05T09:45:21+00:00
d1a392e6ae72419d,4386,2026-09-05T09:45:21+00:00
1fb434aeb218471d,4387,2026-09-05T09:45:21+00:00
27e0e6748247431e,4388,2026-09-05T09:45:21+00:00
ee22713f7b6843d7,4389,2026-09-05T09:45:21+00:00
35042526523a4452,4390,2026-09-05T09:45:21+00:00
175d7c08600c4524,4391,2026-09-05T09:45:21+00:00
650edfe523264bed,4392,2026-09-05T09:45:21+00:00
dd1387af25fa45c1,4393,2026-09-05T09:45:21+00:00
68a8c3acd3dd4f7c,4394,2026-09-05T09:45:21+00:00
775b5fb4c0f44a43,4395,2026-09-05T09:45:21+00:00
e73c209d181c4c4f,4396,2026-09-05T09:45:21+00:00
4ec458c4fd5a4af2,4397,2026-09-05T09:45:21+00:00
0daf4aab3ce54b2e,4398,2026-09-05T09:45:21+00:00
5141ac59f4244d0e,4399,2026-09-05T09:45:21+00:00
ee074528e7ff4e0e,4400,2026-09-05T09:45:21+00:00
5eee742eb6014613,4401,2026-09-05T09:45:21+00:00
37d0b8978a694a80,4402,2026-09-05T09:45:21+00:00
9777c69512734186,4403,2026-09-05T09:45:21+00:00
f01905ca388a4af6,4404,2026-09-05T09:45:21+00:00
ecee156dddcd465c,4405,2026-09-05T09:45:21+00:00
7d903fc080d04474,4406,2026-09-05T09:45:21+00:00
3fc0a772180a4c69,4407,2026-09-05T09:45:21+00:00
e070ebda55ca4188,4408,2026-09-05T09:45:21+00:00
d6e585f1149b475e,4409,2026-09-05T09:45:21+00:00
50c8eaa24b954745,4410,2026-09-05T09:45:21+00:00
a519ffd4680e4944,4411,2026-09-05T09:45:21+00:00
06a3fc2ee54e4ac9,4412,2026-09-05T09:45:21+00:00
442b744ded3a4f2b,4413,2026-09-05T09:45:21+00:00
20f2e3889174441f,4414,2026-09-05T09:45:21+00:00
162f110127764591,4415,2026-09-05T09:45:21+00:00
07519f11284f4862,4416,2026-09-05T09:45:21+00:00
447c0a0773c840b9,4417,2026-09-05T09:45:21+00:00
85e8a3cd7f3f4ecb,4418,2026-09-05T09:45:21+00:00
26fed70c93924310,4419,2026-09-05T09:45:21+00:00
b202fbf746cc40be,4420,2026-09-05T09:45:21+00:00
19a00171c7bd4d39,4421,2026-09-05T09:45:21+00:00
88d1df9dc60a429f,4422,2026-09-05T09:45:21+00:00
362b864aca0f48c6,4423,2026-09-05T09:45:21+00:00
85e355be24674e19,4424,2026-09-05T09:45:21+00:00
763f7d4276ec4cbb,4425,2026-09-05T09:45:21+00:00
d78db587f726473d,4426,2026-09-05T09:45:21+00:00
27155c4c50ea45f2,4427,2026-09-05T09:45:21+00:00
1f5b81b27be645b2,4428,2026-09-05T09:45:21+00:00
585c66c3f9b3434f,4429,2026-09-05T09:45:21+00:00
088e60b7e9eb44a2,4430,2026-09-05T09:45:21+00:00
6dbcf69b3d4146bf,4431,2026-09-05T09:45:21+00:00
5b6061c1a43b40e9,4432,2026-09-05T09:45:21+00:00
531719c6947e4451,4433,2026-09-05T09:45:21+00:00
fd6bd5f580d04928,4434,2026-09-05T09:45:21+00:00
ae85dfc2b549437b,4435,2026-09-05T09:45:21+00:00
54c98d180b114b5d,4436,2026-09-05T09:45:21+00:00
e14579473755469d,4437,2026-09-05T09:45:21+00:00
e43f8579669b4176,4438,2026-09-05T09:45:21+00:00
b1b535129b5a4431,4439,2026-09-05T09:45:21+00:00
99041a632ae74623,4440,2026-09-05T09:45:21+00:00
71faab66ce62402b,4441,2026-09-05T09:45:21+00:00
7e5b3477ff43420f,4442,2026-09-05T09:45:21+00:00
080b3981960840ef,4443,2026-09-05T09:45:21+00:00
48b3cc4915694bed,4444,2026-09-05T09:45:21+00:00
3388c69b96d24aae,4445,2026-09-05T09:45:21+00:00
c11dcfb7bb6f4ffd,4446,2026-09-05T09:45:21+00:00
19f455b513e143c0,4447,2026-09-05T09:45:21+00:00
94f1d47b202f40a5,4448,2026-09-05T09:45:21+00:00
967dc9a8c8f84896,4449,2026-09-05T09:45:21+00:00
45faf81f11c84b68,4450,2026-09-05T09:45:21+00:00
6630a6e0a3794862,4451,2026-09-05T09:45:21+00:00
158187826dfe438d,4452,2026-09-05T09:45:21+00:00
83636799ce8e4cd1,4453,2026-09-05T09:45:21+00:00
d8e209dbd13c45e2,4454,2026-09-05T09:45:21+00:00
5e7eb46fa4ea4615,4455,2026-09-05T09:45:21+00:00
dbacfaad565747c1,4456,2026-09-05T09:45:21+00:00
1e1bffec12da408a,4457,2026-09-05T09:45:21+00:00
a4ddc957ce924118,4458,2026-09-05T09:45:21+00:00
078e7d7612794216,4459,2026-09-05T09:45:21+00:00
c1cad224dc8241a2,4460,2026-09-05T09:45:21+00:00
4541a500467b4ca2,4461,2026-09-05T09:45:21+00:00
9c82b2b7d53e4cd0,4462,2026-09-05T09:45:21+00:00
287476bc079d45da,4463,2026-09-05T09:45:21+00:00
588bf9fade2d4e78,4464,2026-09-05T09:45:21+00:00
e89e4556ee6d4cc1,4465,2026-09-05T09:45:21+00:00
a6555536fa0a4249,4466,2026-09-05T09:45:21+00:00
523e207565a34afb,4467,2026-09-05T09:45:21+00:00
d5985e8f82ae472d,4468,2026-09-05T09:45:21+00:00
8cc3fef8ae004ba7,4469,2026-09-05T09:45:21+00:00
4eb6dc5837574d73,4470,2026-09-05T09:45:21+00:00
dec358cc1c8b4e4d,4471,2026-09-05T09:45:21+00:00
4740877733e0497f,4472,2026-09-05T09:45:21+00:00
3f0befd8ee1049f2,4473,2026-09-05T09:45:21+00:00
8a5917596ebb4587,4474,2026-09-05T09:45:21+00:00
c0720f5a9fb3406d,4475,2026-09-05T09:45:21+00:00
7d27bc9d81b24e0c,4476,2026-09-05T09:45:21+00:00
f960f40cc89c47a9,4477,2026-09-05T09:45:21+00:00
16b47078f17442db,4478,2026-09-05T09:45:21+00:00
e637b5c4b34b4a94,4479,2026-09-05T09:45:21+00:00
13ebcf0725f84329,4480,2026-09-05T09:45:21+00:00
9a8520584df44cee,4481,2026-09-05T09:45:21+00:00
a504a37be4b14cae,4482,2026-09-05T09:45:21+00:00
02c1ba2a9f8c4e51,4483,2026-09-05T09:45:21+00:00
a8c0702eaa514ff0,4484,2026-09-05T09:45:21+00:00
4046d24b61714166,4485,2026-09-05T09:45:21+00:00
73fd6f233e7d4746,4486,2026-09-05T09:45:21+00:00
fd51927aa37b433e,4487,2026-09-05T09:45:21+00:00
4815b6ae4c1e43a6,4488,2026-09-05T09:45:21+00:00
eeb786cbc0f346ba,4489,2026-09-05T09:45:21+00:00
a02bca1035644142,4490,2026-09-05T09:45:21+00:00
f98944731be0431c,4491,2026-09-05T09:45:21+00:00
be6bcd6a53b34ed2,4492,2026-09-05T09:45:21+00:00
72e8ed1d22854ebb,4493,2026-09-05T09:45:21+00:00
d4970200b40e4e52,4494,2026-09-05T09:45:21+00:00
d158b0bb65554f80,4495,2026-09-05T09:45:21+00:00
3139e08b05c74684,4496,2026-09-05T09:45:21+00:00
3c3a880f5f4f4e90,4497,2026-09-05T09:45:21+00:00
78c3f3ea039b4066,4498,2026-09-05T09:45:21+00:00
8b75d18ed6a14bb4,4499,2026-09-05T09:45:21+00:00
e66817638a664d53,4500,2026-09-05T09:45:21+00:00
5e625dc074374b51,4501,2026-09-05T09:45:21+00:00
8700ace41e814c84,4502,2026-09-05T09:45:21+00:00
7ae2769befd441fc,4503,2026-09-05T09:45:21+00:00
6cd93628142e49e2,4504,2026-09-05T09:45:21+00:00
2b7d0c7655bf4bae,4505,2026-09-05T09:45:21+00:00
61f75a96ffa34347,4506,2026-09-05T09:45:21+00:00
025974436fdd4c22,4507,2026-09-05T09:45:21+00:00
b9660dbc359b43aa,4508,2026-09-05T09:45:21+00:00
0ece0a7668a1422c,4509,2026-09-05T09:45:21+00:00
8cdd7ee75df34ccd,4510,2026-09-05T09:45:21+00:00
656d292730d34b82,4511,2026-09-05T09:45:21+00:00
135143cc1fb54de3,4512,2026-09-05T09:45:21+00:00
a6be36c174ad4d48,4513,2026-09-05T09:45:21+00:00
98ea6f80807241a9,4514,2026-09-05T09:45:21+00:00
0f97446a6fd94637,4515,2026-09-05T09:45:21+00:00
339aef97f3274847,4516,2026-09-05T09:45:21+00:00
1be11f2358b84fc5,4517,2026-09-05T09:45:21+00:00
e261a53713644041,4518,2026-09-05T09:45:21+00:00
15b47a88e73c4c69,4519,2026-09-05T09:45:21+00:00
c0a92c82b0864102,4520,2026-09-05T09:45:21+00:00
7e3ddd7551c54097,4521,2026-09-05T09:45:21+00:00
59e50d6de21c4b30,4522,2026-09-05T09:45:21+00:00
415836f9e5ea402a,4523,2026-09-05T09:45:21+00:00
6bf933228f7e46b7,4524,2026-09-05T09:45:21+00:00
735daadd3f544726,4525,2026-09-05T09:45:21+00:00
b3c18d8548c84f20,4526,2026-09-05T09:45:21+00:00
56a14334d20f4980,4527,2026-09-05T09:45:21+00:00
84e9b18111e24084,4528,2026-09-05T09:45:21+00:00
7a45d49e4d674e71,4529,2026-09-05T09:45:21+00:00
bb6fafcccd1543cb,4530,2026-09-05T09:45:21+00:00
99f0fcd2f65a4ef2,4531,2026-09-05T09:45:21+00:00
dcf5ad49be4a4e21,4532,2026-09-05T09:45:21+00:00
ba29ba013e7f445a,4533,2026-09-05T09:45:21+00:00
73a26ae28ba5441b,4534,2026-09-05T09:45:21+00:00
a23879c377c44dbe,4535,2026-09-05T09:45:21+00:00
79686c27374942ee,4536,2026-09-05T09:45:21+00:00
9d4e00a945084f79,4537,2026-09-05T09:45:21+00:00
3e48c95b95e447a8,4538,2026-09-05T09:45:21+00:00
09dddfd3eb504296,4539,2026-09-05T09:45:21+00:00
0d5365b8a22e4e46,4540,2026-09-05T09:45:21+00:00
055591324a774b10,4541,2026-09-05T09:45:21+00:00
4aba84cfb2ce45dd,4542,2026-09-05T09:45:21+00:00
03cc5cd474424a6d,4543,2026-09-05T09:45:21+00:00
c6eb021d27ec414a,4544,2026-09-05T09:45:21+00:00
b5b9cd7dc4da40df,4545,2026-09-05T09:45:21+00:00
d3f4b7468d924571,4546,2026-09-05T09:45:21+00:00
bc753637940246cb,4547,2026-09-05T09:45:21+00:00
c57d32b7a40242ce,4548,2026-09-05T09:45:21+00:00
9a94f8a91a5a416e,4549,2026-09-05T09:45:21+00:00
468d39b429aa4c73,4550,2026-09-05T09:45:21+00:00
ef69cca3eea946f7,4551,2026-09-05T09:45:21+00:00
fe7bfcd003ce4444,4552,2026-09-05T09:45:21+00:00
1bbc6567f9ae4955,4553,2026-09-05T09:45:21+00:00
fea96e8ef6dd4d5b,4554,2026-09-05T09:45:21+00:00
f46139ba596245f1,4555,2026-09-05T09:45:21+00:00
b8616eb2dfa44b6a,4556,2026-09-05T09:45:21+00:00
5bbd3386948c4f77,4557,2026-09-05T09:45:21+00:00
8e1b74d3f7d34d92,4558,2026-09-05T09:45:21+00:00
0b979873c89f4e56,4559,2026-09-05T09:45:21+00:00
eebf7c61316e44cd,4560,2026-09-05T09:45:21+00:00
112b5e30d7df44e1,4561,2026-09-05T09:45:21+00:00
4f5ae7ef56514117,4562,2026-09-05T09:45:21+00:00
15994319ee114ae2,4563,2026-09-05T09:45:21+00:00
ecea4478bdfc4b7e,4564,2026-09-05T09:45:21+00:00
73e4446e9c5641d4,4565,2026-09-05T09:45:21+00:00
c41b06a11fbd4104,4566,2026-09-05T09:45:21+00:00
9eb4a9e6a58f4a2d,4567,2026-09-05T09:45:21+00:00
8ca0d9e4a4ef4c9e,4568,2026-09-05T09:45:21+00:00
be1b9b2f44544e82,4569,2026-09-05T09:45:21+00:00
58a1de9b05dc4b01,4570,2026-09-05T09:45:21+00:00
32208cef96aa493c,4571,2026-09-05T09:45:21+00:00
bfb5992b04874b29,4572,2026-09-05T09:45:21+00:00
b160f328dc164405,4573,2026-09-05T09:45:21+00:00
0d2bf2d6d6904982,4574,2026-09-05T09:45:21+00:00
382dc55e2cc84d9f,4575,2026-09-05T09:45:21+00:00
d5f514df46ef441a,4576,2026-09-05T09:45:21+00:00
1c6d9415adb24c3b,4577,2026-09-05T09:45:21+00:00
2666944505524adf,4578,2026-09-05T09:45:21+00:00
8c3ecc9332ff42d7,4579,2026-09-05T09:45:21+00:00
cb5b902799ee4466,4580,2026-09-05T09:45:21+00:00
67cd26992b3046b3,4581,2026-09-05T09:45:21+00:00
1851f6a4e17b494c,4582,2026-09-05T09:45:21+00:00
3020ee51a5b644dc,4583,2026-09-05T09:45:21+00:00
903f7f8ae33242b9,4584,2026-09-05T09:45:21+00:00
3b7c103585f64331,4585,2026-09-05T09:45:21+00:00
61e3d6b3797d4fc9,4586,2026-09-05T09:45:21+00:00
83e32cca6230489d,4587,2026-09-05T09:45:21+00:00
ce5d433a24de4aa3,4588,2026-09-05T09:45:21+00:00
985f18511e9947f6,4589,2026-09-05T09:45:21+00:00
8c21dfea323f4c00,4590,2026-09-05T09:45:21+00:00
66a7d8e6b3e54246,4591,2026-09-05T09:45:21+00:00
98a4502b301a447a,4592,2026-09-05T09:45:21+00:00
73e1fda564f74c8e,4593,2026-09-05T09:45:21+00:00
1be65778def94567,4594,2026-09-05T09:45:21+00:00
90c8646c43444cf2,4595,2026-09-05T09:45:21+00:00
d28162601b0e404d,4596,2026-09-05T09:45:21+00:00
0c0f2758de80458d,4597,2026-09-05T09:45:21+00:00
92954cbed8054994,4598,2026-09-05T09:45:21+00:00
b4a258f43dba455f,4599,2026-09-05T09:45:21+00:00
07ce9e7a60ae4b7c,4600,2026-09-05T09:45:21+00:00
d314f368a01d4e13,4601,2026-09-05T09:45:21+00:00
aa6dbd46b9f144e8,4602,2026-09-05T09:45:21+00:00
58b5162a414144b8,4603,2026-09-05T09:45:21+00:00
5b8a270d96a44767,4604,2026-09-05T09:45:21+00:00
bb420fb962ee4240,4605,2026-09-05T09:45:21+00:00
91de785360274c87,4606,2026-09-05T09:45:21+00:00
55e888512838458f,4607,2026-09-05T09:45:21+00:00
9e35f0aa91e14e96,4608,2026-09-05T09:45:21+00:00
a9d1e3d1cc5f4f5c,4609,2026-09-05T09:45:21+00:00
f2aa6368091447f0,4610,2026-09-05T09:45:21+00:00
c6ed7914ec6244a0,4611,2026-09-05T09:45:21+00:00
f7dfcc43bd294acb,4612,2026-09-05T09:45:21+00:00
4ddfa5d756a9447a,4613,2026-09-05T09:45:21+00:00
d7534cf61a194402,4614,2026-09-05T09:45:21+00:00
de45a56790e5455c,4615,2026-09-05T09:45:21+00:00
babddcdcc2704c6e,4616,2026-09-05T09:45:21+00:00
eb01b755aecd4f6f,4617,2026-09-05T09:45:21+00:00
d4ad1d6feff14224,4618,2026-09-05T09:45:21+00:00
4a8384abdb36481a,4619,2026-09-05T09:45:21+00:00
79e87155ba91460f,4620,2026-09-05T09:45:21+00:00
c086aa1944d64b8b,4621,2026-09-05T09:45:21+00:00
a19f18165c474e6f,4622,2026-09-05T09:45:21+00:00
3021de10d16d4f5c,4623,2026-09-05T09:45:21+00:00
ccc748dd6cfd4eb3,4624,2026-09-05T09:45:21+00:00
9a896c6d226f48cd,4625,2026-09-05T09:45:21+00:00
98322965df9f4c44,4626,2026-09-05T09:45:21+00:00
fe448b310b814d99,4627,2026-09-05T09:45:21+00:00
a23d33a818624602,4628,2026-09-05T09:45:21+00:00
536a5d73fed74381,4629,2026-09-05T09:45:21+00:00
8983b79548b14050,4630,2026-09-05T09:45:21+00:00
c931cd444cab4a43,4631,2026-09-05T09:45:21+00:00
3fd17267d55d4a17,4632,2026-09-05T09:45:21+00:00
c0d714b885c9466e,4633,2026-09-05T09:45:21+00:00
d1481e8d750d4f97,4634,2026-09-05T09:45:21+00:00
987b7dda536b4caa,4635,2026-09-05T09:45:21+00:00
46ede26867f640fd,4636,2026-09-05T09:45:21+00:00
e1b8685017bc4d95,4637,2026-09-05T09:45:21+00:00
7bda2c3294b14acb,4638,2026-09-05T09:45:21+00:00
801d63f0461d499b,4639,2026-09-05T09:45:21+00:00
78d20c4464bf4807,4640,2026-09-05T09:45:21+00:00
ca9ff89c64fc4111,4641,2026-09-05T09:45:21+00:00
42a70804db85449d,4642,2026-09-05T09:45:21+00:00
aa93e4a9c1f8439d,4643,2026-09-05T09:45:21+00:00
af41da6f9dd946aa,4644,2026-09-05T09:45:21+00:00
bbcf4e50431242fc,4645,2026-09-05T09:45:21+00:00
73ce1dc9282f457a,4646,2026-09-05T09:45:21+00:00
12e7439d76f74e15,4647,2026-09-05T09:45:21+00:00
0ed4a38557e84602,4648,2026-09-05T09:45:21+00:00
c2a1af0e24ea443b,4649,2026-09-05T09:45:21+00:00
83b6968303ac4d02,4650,2026-09-05T09:45:21+00:00
6a60939d705a44f8,4651,2026-09-05T09:45:21+00:00
098efeed21e543d1,4652,2026-09-05T09:45:21+00:00
1c2545e1f4414b0d,4653,2026-09-05T09:45:21+00:00
d8bd47f8e7b24d21,4654,2026-09-05T09:45:21+00:00
b4c2f0c1cf8b4b44,4655,2026-09-05T09:45:21+00:00
7e10a36b8c0c4314,4656,2026-09-05T09:45:21+00:00
6211ac46fb18444d,4657,2026-09-05T09:45:21+00:00
491938473dba4532,4658,2026-09-05T09:45:21+00:00
132380b0ceb24335,4659,2026-09-05T09:45:21+00:00
813f5646109641b1,4660,2026-09-05T09:45:21+00:00
88f8e46447ce4846,4661,2026-09-05T09:45:21+00:00
d90862e7a29b4580,4662,2026-09-05T09:45:21+00:00
bef88011b3df4206,4663,2026-09-05T09:45:21+00:00
504f2f73279e424e,4664,2026-09-05T09:45:21+00:00
e97c38ceaca44240,4665,2026-09-05T09:45:21+00:00
92abf78e1aa64d25,4666,2026-09-05T09:45:21+00:00
200c5af4b8c744e6,4667,2026-09-05T09:45:21+00:00
bc3d6999335e4feb,4668,2026-09-05T09:45:21+00:00
53c57ac4e58d48bb,4669,2026-09-05T09:45:21+00:00
75fc4785436f43a1,4670,2026-09-05T09:45:21+00:00
2ddcbdb10ccf4778,4671,2026-09-05T09:45:21+00:00
47dc77fe64dd4efc,4672,2026-09-05T09:45:21+00:00
7e5e8be2b6674d3d,4673,2026-09-05T09:45:21+00:00
6411a7b4963a42ce,4674,2026-09-05T09:45:21+00:00
34bf73f231404e46,4675,2026-09-05T09:45:21+00:00
579bac40f2f24738,4676,2026-09-05T09:45:21+00:00
de68358039fb41a1,4677,2026-09-05T09:45:21+00:00
06b6b9282d6641aa,4678,2026-09-05T09:45:21+00:00
d94461ab931c4f4d,4679,2026-09-05T09:45:21+00:00
429900884ffd42af,4680,2026-09-05T09:45:21+00:00
634fb54870d14966,4681,2026-09-05T09:45:21+00:00
6ef3a07f93ab4493,4682,2026-09-05T09:45:21+00:00
ad2d429dcdf841e3,4683,2026-09-05T09:45:21+00:00
bd2673d5b20c45db,4684,2026-09-05T09:45:21+00:00
5c7e9d2efa6d4919,4685,2026-09-05T09:45:21+00:00
51bcda583a3a4adb,4686,2026-09-05T09:45:21+00:00
8c8e151e85624a38,4687,2026-09-05T09:45:21+00:00
c4c6d30cf11d458a,4688,2026-09-05T09:45:21+00:00
d0036608201a42b5,4689,2026-09-05T09:45:21+00:00
d61e4d87642146b9,4690,2026-09-05T09:45:21+00:00
8b451c5886ff4420,4691,2026-09-05T09:45:21+00:00
bc12b1cad5a841a4,4692,2026-09-05T09:45:21+00:00
dc1bea2b8b5943e0,4693,2026-09-05T09:45:21+00:00
46da5113a24a4855,4694,2026-09-05T09:45:21+00:00
d7f142bf7b114cd7,4695,2026-09-05T09:45:21+00:00
f1aee4d4861c47ee,4696,2026-09-05T09:45:21+00:00
ea5ff291c2cd4e59,4697,2026-09-05T09:45:21+00:00
e3d61faba7814f62,4698,2026-09-05T09:45:21+00:00
f932226423324fde,4699,2026-09-05T09:45:21+00:00
032a5ef594b548da,4700,2026-09-05T09:45:21+00:00
58eb313837474847,4701,2026-09-05T09:45:21+00:00
8c9976a9c0244ed5,4702,2026-09-05T09:45:21+00:00
bb7b97975f314034,4703,2026-09-05T09:45:21+00:00
b648a162a97d4fe8,4704,2026-09-05T09:45:21+00:00
d519947159e440d5,4705,2026-09-05T09:45:21+00:00
78997751be5b45e0,4706,2026-09-05T09:45:21+00:00
4958335aeab04216,4707,2026-09-05T09:45:21+00:00
dd04ce37d4f64b6b,4708,2026-09-05T09:45:21+00:00
06c406db82db4794,4709,2026-09-05T09:45:21+00:00
d468aaf4831a40bc,4710,2026-09-05T09:45:21+00:00
d060459806364052,4711,2026-09-05T09:45:21+00:00
7a4b03b38986496e,4712,2026-09-05T09:45:21+00:00
2871691df5f6455b,4713,2026-09-05T09:45:21+00:00
3e7961e6705b4674,4714,2026-09-05T09:45:21+00:00
db8b76e7fb6a454e,4715,2026-09-05T09:45:21+00:00
bb55bcc6433641b0,4716,2026-09-05T09:45:21+00:00
686854c120e34376,4717,2026-09-05T09:45:21+00:00
70e9bc613f6d42d5,4718,2026-09-05T09:45:21+00:00
42f13f86bb51490c,4719,2026-09-05T09:45:21+00:00
0183f09fe5964e36,4720,2026-09-05T09:45:21+00:00
e15d38ab03494981,4721,2026-09-05T09:45:21+00:00
f5e1bec2dc4f4667,4722,2026-09-05T09:45:21+00:00
140eee50456144ee,4723,2026-09-05T09:45:21+00:00
bd74c895cb184e3e,4724,2026-09-05T09:45:21+00:00
30ece17f6bc24f80,4725,2026-09-05T09:45:21+00:00
1a27059438e74a10,4726,2026-09-05T09:45:21+00:00
b0180c3b7bb14e36,4727,2026-09-05T09:45:21+00:00
ad8fde31574a4072,4728,2026-09-05T09:45:21+00:00
5915b08676a24da9,4729,2026-09-05T09:45:21+00:00
5f5fe31aac014477,4730,2026-09-05T09:45:21+00:00
044850653c004cd7,4731,2026-09-05T09:45:21+00:00
1ad6a1c0a63e47d6,4732,2026-09-05T09:45:21+00:00
93f31658c980449d,4733,2026-09-05T09:45:21+00:00
d44d7c19fa6b402d,4734,2026-09-05T09:45:21+00:00
7c143b3fd9e44453,4735,2026-09-05T09:45:21+00:00
267c3bde1e3b447c,4736,2026-09-05T09:45:21+00:00
26cf4241c28e4f37,4737,2026-09-05T09:45:21+00:00
1c0e07b6c7514122,4738,2026-09-05T09:45:21+00:00
d7881cf81edf47e4,4739,2026-09-05T09:45:21+00:00
fc54a65d460d4254,4740,2026-09-05T09:45:21+00:00
0ecccf2147c249a9,4741,2026-09-05T09:45:21+00:00
d1a7219fa1d74e36,4742,2026-09-05T09:45:21+00:00
071f8828e23143a4,4743,2026-09-05T09:45:21+00:00
c3dfa418cd9b47e0,4744,2026-09-05T09:45:21+00:00
53f49b3c35104709,4745,2026-09-05T09:45:21+00:00
59df4f0034364842,4746,2026-09-05T09:45:21+00:00
e3aae21a4cd54bad,4747,2026-09-05T09:45:21+00:00
b8347e77d716419a,4748,2026-09-05T09:45:21+00:00
84a6654236804f14,4749,2026-09-05T09:45:21+00:00
f27969c3463141d0,4750,2026-09-05T09:45:21+00:00
e5478821f7644a2f,4751,2026-09-05T09:45:21+00:00
b6e842c7a4fd490d,4752,2026-09-05T09:45:21+00:00
121d190274d14676,4753,2026-09-05T09:45:21+00:00
739071f02ae44967,4754,2026-09-05T09:45:21+00:00
9480e0802b8b4544,4755,2026-09-05T09:45:21+00:00
883dbc1c39564099,4756,2026-09-05T09:45:21+00:00
ffba38836e1c4917,4757,2026-09-05T09:45:21+00:00
ab7eead59f474bda,4758,2026-09-05T09:45:21+00:00
987e0e2587cc48bb,4759,2026-09-05T09:45:21+00:00
699166fbc85243e8,4760,2026-09-05T09:45:21+00:00
ecd40bf0b2f441f3,4761,2026-09-05T09:45:21+00:00
0fa0bfb56f5b47df,4762,2026-09-05T09:45:21+00:00
7e6fe5a7e72747ac,4763,2026-09-05T09:45:21+00:00
bf4686d192e84b0b,4764,2026-09-05T09:45:21+00:00
457a3267db1a4fbc,4765,2026-09-05T09:45:21+00:00
50e013edf33e45df,4766,2026-09-05T09:45:21+00:00
ed79f39abb8d4fee,4767,2026-09-05T09:45:21+00:00
f9f51aa0b675493b,4768,2026-09-05T09:45:21+00:00
616d42ec41624c45,4769,2026-09-05T09:45:21+00:00
8304faf8b65e4fb9,4770,2026-09-05T09:45:21+00:00
ef18d16aaeb54699,4771,2026-09-05T09:45:21+00:00
a791b899ecad4a4b,4772,2026-09-05T09:45:21+00:00
0ec2dca1ae9c4014,4773,2026-09-05T09:45:21+00:00
9ed201e73ffc4f88,4774,2026-09-05T09:45:21+00:00
cbff8f687e2b450f,4775,2026-09-05T09:45:21+00:00
9727fd70d1ba42fd,4776,2026-09-05T09:45:21+00:00
de6707ca88cc4235,4777,2026-09-05T09:45:21+00:00
e013718c9c1147bd,4778,2026-09-05T09:45:21+00:00
5299885dd16f4770,4779,2026-09-05T09:45:21+00:00
596681c01fed47f3,4780,2026-09-05T09:45:21+00:00
eb74dbf3063947cb,4781,2026-09-05T09:45:21+00:00
5752b65304ff40ff,4782,2026-09-05T09:45:21+00:00
97a707d716994be7,4783,2026-09-05T09:45:21+00:00
3b98d7b6d8ba4371,4784,2026-09-05T09:45:21+00:00
22069d32d821450d,4785,2026-09-05T09:45:21+00:00
27a8f16d61034aa7,4786,2026-09-05T09:45:21+00:00
48420c7894f44bd8,4787,2026-09-05T09:45:21+00:00
c31048071d7744c3,4788,2026-09-05T09:45:21+00:00
f402074583c64edf,4789,2026-09-05T09:45:21+00:00
82aefff20a1b4f8a,4790,2026-09-05T09:45:21+00:00
0e05081be5e34469,4791,2026-09-05T09:45:21+00:00
ef2f00a7e83a4798,4792,2026-09-05T09:45:21+00:00
2d6dd19b00b14bad,4793,2026-09-05T09:45:21+00:00
99db55e721e84aa3,4794,2026-09-05T09:45:21+00:00
817a120962604384,4795,2026-09-05T09:45:21+00:00
3261bb5ddace4fa6,4796,2026-09-05T09:45:21+00:00
588eabd6b43a4255,4797,2026-09-05T09:45:21+00:00
a1f8f66c422a459a,4798,2026-09-05T09:45:21+00:00
0de29180ab0a41fb,4799,2026-09-05T09:45:21+00:00
27c91102b7e14120,4800,2026-09-05T09:45:21+00:00
d7d01e7722b84a03,4801,2026-09-05T09:45:21+00:00
ce0a99646dfa4b87,4802,2026-09-05T09:45:21+00:00
c855877765b64fdc,4803,2026-09-05T09:45:21+00:00
a18e2c517b574002,4804,2026-09-05T09:45:21+00:00
b4db0f178a984f66,4805,2026-09-05T09:45:21+00:00
3d85e608927541c4,4806,2026-09-05T09:45:21+00:00
4d29d1c2aab04911,4807,2026-09-05T09:45:21+00:00
5545d341566b42c3,4808,2026-09-05T09:45:21+00:00
ad9a3ab7003a4407,4809,2026-09-05T09:45:21+00:00
e4195829910246e5,4810,2026-09-05T09:45:21+00:00
8c7192cd05884740,4811,2026-09-05T09:45:21+00:00
2dbde79f73d148d3,4812,2026-09-05T09:45:21+00:00
07c38770c0ab45e2,4813,2026-09-05T09:45:21+00:00
16e0aea8f77f4b87,4814,2026-09-05T09:45:21+00:00
502ac303b94e435e,4815,2026-09-05T09:45:21+00:00
df4aeb2261b540f7,4816,2026-09-05T09:45:21+00:00
58027e96b127474e,4817,2026-09-05T09:45:21+00:00
c458045f94554642,4818,2026-09-05T09:45:21+00:00
74320f02f10c48fc,4819,2026-09-05T09:45:21+00:00
f043acfe34564a1b,4820,2026-09-05T09:45:21+00:00
3530d8d6a4c94903,4821,2026-09-05T09:45:21+00:00
17b810c997dc44b7,4822,2026-09-05T09:45:21+00:00
86ffe174fa274698,4823,2026-09-05T09:45:21+00:00
52baad6534f84325,4824,2026-09-05T09:45:21+00:00
764264f2bc184b71,4825,2026-09-05T09:45:21+00:00
7b0a5e470c6e4058,4826,2026-09-05T09:45:21+00:00
0b579db694de4cda,4827,2026-09-05T09:45:21+00:00
de4b4e19182042d1,4828,2026-09-05T09:45:21+00:00
87bc5f10e0ad4094,4829,2026-09-05T09:45:21+00:00
4d80ab60a4d840b5,4830,2026-09-05T09:45:21+00:00
a9c947b550ec4d88,4831,2026-09-05T09:45:21+00:00
25b2bfd4362f4eec,4832,2026-09-05T09:45:21+00:00
a63a9ff80e4649fd,4833,2026-09-05T09:45:21+00:00
44f2b9f09cf446f8,4834,2026-09-05T09:45:21+00:00
65b188f485ee4c5f,4835,2026-09-05T09:45:21+00:00
17a29521563d4f85,4836,2026-09-05T09:45:21+00:00
b099c1b9414944a6,4837,2026-09-05T09:45:21+00:00
a4a0c45b8f834e5a,4838,2026-09-05T09:45:21+00:00
603aae7897be46ec,4839,2026-09-05T09:45:21+00:00
c7815adf1ede4560,4840,2026-09-05T09:45:21+00:00
50955968bf9942fd,4841,2026-09-05T09:45:21+00:00
159a44f360c84d2f,4842,2026-09-05T09:45:21+00:00
4c2ea3b529f24afd,4843,2026-09-05T09:45:21+00:00
6c926bea529a4888,4844,2026-09-05T09:45:21+00:00
ebe1f46e8e0943fb,4845,2026-09-05T09:45:21+00:00
27d5357bb9484527,4846,2026-09-05T09:45:21+00:00
a67118ca83964408,4847,2026-09-05T09:45:21+00:00
66c9499bea1a446e,4848,2026-09-05T09:45:21+00:00
74ab8dd2f2e24faf,4849,2026-09-05T09:45:21+00:00
2b60c970b2944d87,4850,2026-09-05T09:45:21+00:00
3981888390bb4701,4851,2026-09-05T09:45:21+00:00
e54233ec47b64a71,4852,2026-09-05T09:45:21+00:00
e4ef2a8a3c424994,4853,2026-09-05T09:45:21+00:00
83d3010b1b014103,4854,2026-09-05T09:45:21+00:00
ff60c0268cec4fbd,4855,2026-09-05T09:45:21+00:00
cad2d22a628844aa,4856,2026-09-05T09:45:21+00:00
7606df5d1cc1485e,4857,2026-09-05T09:45:21+00:00
cdf0b923369a461c,4858,2026-09-05T09:45:21+00:00
06a9002f9b86473d,4859,2026-09-05T09:45:21+00:00
60a42c1dcb554bdc,4860,2026-09-05T09:45:21+00:00
b1d894c337294c1c,4861,2026-09-05T09:45:21+00:00
365bdae91c3145be,4862,2026-09-05T09:45:21+00:00
8c16df56b2a843a0,4863,2026-09-05T09:45:21+00:00
8c2edbbb46b34151,4864,2026-09-05T09:45:21+00:00
b7b46f25c03e4d4d,4865,2026-09-05T09:45:21+00:00
f747b0d517cf4b61,4866,2026-09-05T09:45:21+00:00
d375420ad03747f2,4867,2026-09-05T09:45:21+00:00
caff5132259b4c57,4868,2026-09-05T09:45:21+00:00
73343e6c6d7d453a,4869,2026-09-05T09:45:21+00:00
7c32ed6374de44ba,4870,2026-09-05T09:45:21+00:00
39243355825845fb,4871,2026-09-05T09:45:21+00:00
2fb15fd0f4474d3f,4872,2026-09-05T09:45:21+00:00
dd65c4ea7b6d4f39,4873,2026-09-05T09:45:21+00:00
d696e314cfb842c8,4874,2026-09-05T09:45:21+00:00
3dc2758d86e94e47,4875,2026-09-05T09:45:21+00:00
be6ad25eec224888,4876,2026-09-05T09:45:21+00:00
502b27116ea64b80,4877,2026-09-05T09:45:21+00:00
0d846a8240e14d37,4878,2026-09-05T09:45:21+00:00
f2907aa8d08545ba,4879,2026-09-05T09:45:21+00:00
6bbdb17de71745ab,4880,2026-09-05T09:45:21+00:00
37adbca0495f4cf3,4881,2026-09-05T09:45:21+00:00
2cb66908d0cb484b,4882,2026-09-05T09:45:21+00:00
d92f64d7c3684605,4883,2026-09-05T09:45:21+00:00
413aa37cfac94c37,4884,2026-09-05T09:45:21+00:00
e6f36dc490a54fe6,4885,2026-09-05T09:45:21+00:00
ec3810d9bcdf4b33,4886,2026-09-05T09:45:21+00:00
c7ce3e0b11ae41b9,4887,2026-09-05T09:45:21+00:00
fc99cc940e6c4f71,4888,2026-09-05T09:45:21+00:00
32e5887d2e044a28,4889,2026-09-05T09:45:21+00:00
6c1123df50ea4010,4890,2026-09-05T09:45:21+00:00
b57a301563e646eb,4891,2026-09-05T09:45:21+00:00
0c8f3ba9c72a424d,4892,2026-09-05T09:45:21+00:00
45adfc3763ed496a,4893,2026-09-05T09:45:21+00:00
8c8d5ed24bf24579,4894,2026-09-05T09:45:21+00:00
8baf7e57aefe4a63,4895,2026-09-05T09:45:21+00:00
c38b21b059364d67,4896,2026-09-05T09:45:21+00:00
fb564817cd72486c,4897,2026-09-05T09:45:21+00:00
71b768dfa53b4202,4898,2026-09-05T09:45:21+00:00
4d48319c26164316,4899,2026-09-05T09:45:21+00:00
19ccac802e994096,4900,2026-09-05T09:45:21+00:00
87c5a3bb49ef485f,4901,2026-09-05T09:45:21+00:00
7150b05071e0401e,4902,2026-09-05T09:45:21+00:00
a39258455175400c,4903,2026-09-05T09:45:21+00:00
6d3c16dbf98b4e5a,4904,2026-09-05T09:45:21+00:00
438096075f734d2a,4905,2026-09-05T09:45:21+00:00
974a98a0a22f4e0c,4906,2026-09-05T09:45:21+00:00
4d7dbda471864d91,4907,2026-09-05T09:45:21+00:00
af8cc172efdf4eb7,4908,2026-09-05T09:45:21+00:00
7bb0a1ee8e8f4454,4909,2026-09-05T09:45:21+00:00
b4a10ad75d6b4db3,4910,2026-09-05T09:45:21+00:00
a8e970b9459049f3,4911,2026-09-05T09:45:21+00:00
0189c0abadd5478d,4912,2026-09-05T09:45:21+00:00
a9a0b10fb515446c,4913,2026-09-05T09:45:21+00:00
f8b52b842dca49c4,4914,2026-09-05T09:45:21+00:00
a09c8eebaf514747,4915,2026-09-05T09:45:21+00:00
3fe145a15a0b42f9,4916,2026-09-05T09:45:21+00:00
5530563b44164563,4917,2026-09-05T09:45:21+00:00
2b4d8ecc766a40eb,4918,2026-09-05T09:45:21+00:00
07b54da1dc2042bb,4919,2026-09-05T09:45:21+00:00
10456279d9944cf5,4920,2026-09-05T09:45:21+00:00
18581b09a1334565,4921,2026-09-05T09:45:21+00:00
f5d26acc0be34bec,4922,2026-09-05T09:45:21+00:00
e6414a63682947da,4923,2026-09-05T09:45:21+00:00
e3889fc3340d4661,4924,2026-09-05T09:45:21+00:00
6327c8d345dc4dbf,4925,2026-09-05T09:45:21+00:00
9bfbf881dc234e7c,4926,2026-09-05T09:45:21+00:00
7c93c663f46e4cff,4927,2026-09-05T09:45:21+00:00
7a832a2e8db54c4f,4928,2026-09-05T09:45:21+00:00
576e73e1fa3f43ff,4929,2026-09-05T09:45:21+00:00
76d41b9334c74e23,4930,2026-09-05T09:45:21+00:00
5c33910399f947d3,4931,2026-09-05T09:45:21+00:00
35dcf40f2f484882,4932,2026-09-05T09:45:21+00:00
7ecf8f5392f84204,4933,2026-09-05T09:45:21+00:00
a636efa9cfa2485c,4934,2026-09-05T09:45:21+00:00
6f1cb73b62a94ae7,4935,2026-09-05T09:45:21+00:00
1e926ab7af3048f4,4936,2026-09-05T09:45:21+00:00
3f62b7f4a7f442bb,4937,2026-09-05T09:45:21+00:00
3a07e5ad9ebe416f,4938,2026-09-05T09:45:21+00:00
9f85b3cca24e4bec,4939,2026-09-05T09:45:21+00:00
98c71fb017ad4360,4940,2026-09-05T09:45:21+00:00
2e53e4c8fd1049ef,4941,2026-09-05T09:45:21+00:00
dfe03f3b78ca411b,4942,2026-09-05T09:45:21+00:00
e00dc95601c14f84,4943,2026-09-05T09:45:21+00:00
17bd5b03fa0b40e9,4944,2026-09-05T09:45:21+00:00
96301141f0a54bcb,4945,2026-09-05T09:45:21+00:00
aa9155baa4a74cdf,4946,2026-09-05T09:45:21+00:00
09d033f96f3f49ba,4947,2026-09-05T09:45:21+00:00
b245db57791349f8,4948,2026-09-05T09:45:21+00:00
580533ee015844c1,4949,2026-09-05T09:45:21+00:00
dfa0b29612484e74,4950,2026-09-05T09:45:21+00:00
33d0857bccf54522,4951,2026-09-05T09:45:21+00:00
cb2c6377e0cf4d9e,4952,2026-09-05T09:45:21+00:00
fe33635f9427460d,4953,2026-09-05T09:45:21+00:00
cdb5cc002af94639,4954,2026-09-05T09:45:21+00:00
5bde5f523f4c4aad,4955,2026-09-05T09:45:21+00:00
0d8f17a9f5a74e4d,4956,2026-09-05T09:45:21+00:00
a405e18b86294b20,4957,2026-09-05T09:45:21+00:00
bab37a691ff24812,4958,2026-09-05T09:45:21+00:00
7a3ebf65eddb4a44,4959,2026-09-05T09:45:21+00:00
949d605168074878,4960,2026-09-05T09:45:21+00:00
0ad555d9a89f481a,4961,2026-09-05T09:45:21+00:00
9153c0ad95ef4fb9,4962,2026-09-05T09:45:21+00:00
2a49455a8ab64cf0,4963,2026-09-05T09:45:21+00:00
b5eb64185c524d7c,4964,2026-09-05T09:45:21+00:00
19fb686843e3417e,4965,2026-09-05T09:45:21+00:00
929de3b7052041ea,4966,2026-09-05T09:45:21+00:00
63bdcb30f3cf4894,4967,2026-09-05T09:45:21+00:00
e984a14dc69b477a,4968,2026-09-05T09:45:21+00:00
3aa21c43cfa14e7b,4969,2026-09-05T09:45:21+00:00
291186af759e42f7,4970,2026-09-05T09:45:21+00:00
4d6286c106a840b0,4971,2026-09-05T09:45:21+00:00
ead44224df844cc9,4972,2026-09-05T09:45:21+00:00
98ca211b096745aa,4973,2026-09-05T09:45:21+00:00
7d9f9a86df4f470a,4974,2026-09-05T09:45:21+00:00
b7f098810ba346ad,4975,2026-09-05T09:45:21+00:00
493abec87be54f7e,4976,2026-09-05T09:45:21+00:00
f74d86c14b334402,4977,2026-09-05T09:45:21+00:00
42e9b95bba7d4368,4978,2026-09-05T09:45:21+00:00
0402a26b51eb4e50,4979,2026-09-05T09:45:21+00:00
1c0ec103579944c1,4980,2026-09-05T09:45:21+00:00
5b077ccc869a4d5b,4981,2026-09-05T09:45:21+00:00
f1eccd9547af4495,4982,2026-09-05T09:45:21+00:00
f485da97a8aa4606,4983,2026-09-05T09:45:21+00:00
97d93d082e234a58,4984,2026-09-05T09:45:21+00:00
90f77ca1c77f4b4e,4985,2026-09-05T09:45:21+00:00
c942da5938aa4f8e,4986,2026-09-05T09:45:21+00:00
38cc691b64f24927,4987,2026-09-05T09:45:21+00:00
31c1b668a3194f14,4988,2026-09-05T09:45:21+00:00
6eb2aa9805e44801,4989,2026-09-05T09:45:21+00:00
701a0e8a21c04fd1,4990,2026-09-05T09:45:21+00:00
c1b41f12f76b45c1,4991,2026-09-05T09:45:21+00:00
58a27d9c5ab44078,4992,2026-09-05T09:45:21+00:00
2be5d5fb1b0f4bd9,4993,2026-09-05T09:45:21+00:00
ad1b97367a5e497d,4994,2026-09-05T09:45:21+00:00
3683ad92d2764127,4995,2026-09-05T09:45:21+00:00
1a90739b87554282,4996,2026-09-05T09:45:21+00:00
5738fa1824d144d5,4997,2026-09-05T09:45:21+00:00
5f80c423241a4669,4998,2026-09-05T09:45:21+00:00
7d07aa87caea4e1f,4999,2026-09-05T09:45:21+00:00
018168dbe1154260,5000,2026-09-05T09:45:21+00:00
e57123fe31fa46df,5001,2026-09-05T09:45:21+00:00
955ec431bb924566,5002,2026-09-05T09:45:21+00:00
d1ac5c62b3db478f,5003,2026-09-05T09:45:21+00:00
369c9e40dc2541c8,5004,2026-09-05T09:45:21+00:00
4ec848d99cd744c4,5005,2026-09-05T09:45:21+00:00
337f7320b5154add,5006,2026-09-05T09:45:21+00:00
02031580e97c452c,5007,2026-09-05T09:45:21+00:00
e19dbb4e62e94a68,5008,2026-09-05T09:45:21+00:00
4d62b04edcd5493a,5009,2026-09-05T09:45:21+00:00
bda1d25dd9a34a39,5010,2026-09-05T09:45:21+00:00
acf868d169554964,5011,2026-09-05T09:45:21+00:00
1d0ef07732cf4a1c,5012,2026-09-05T09:45:21+00:00
402aef2132fe483c,5013,2026-09-05T09:45:21+00:00
94f3fdcbdc624dec,5014,2026-09-05T09:45:21+00:00
54253124e4bc43df,5015,2026-09-05T09:45:21+00:00
b64848c0ebb6429a,5016,2026-09-05T09:45:21+00:00
26605c2257be4a44,5017,2026-09-05T09:45:21+00:00
d98b3484e3304c82,5018,2026-09-05T09:45:21+00:00
d669427668c54faa,5019,2026-09-05T09:45:21+00:00
a09f4a091b964c91,5020,2026-09-05T09:45:21+00:00
95d92879ce6f4021,5021,2026-09-05T09:45:21+00:00
cabe1d2a1d034524,5022,2026-09-05T09:45:21+00:00
e787bdc4541b4893,5023,2026-09-05T09:45:21+00:00
841a372bee3e4213,5024,2026-09-05T09:45:21+00:00
f813613a49284b6c,5025,2026-09-05T09:45:21+00:00
e2bd62aea36942ed,5026,2026-09-05T09:45:21+00:00
60dd8c9d3e144445,5027,2026-09-05T09:45:21+00:00
78c31b5a3ef142f7,5028,2026-09-05T09:45:21+00:00
4afb07f51efe469f,5029,2026-09-05T09:45:21+00:00
234c58e0ab564aea,5030,2026-09-05T09:45:21+00:00
5c411ee763c04a4e,5031,2026-09-05T09:45:21+00:00
a283a9016d9646f9,5032,2026-09-05T09:45:21+00:00
c1476c3a10a7440f,5033,2026-09-05T09:45:21+00:00
8926b5c19ae948c5,5034,2026-09-05T09:45:21+00:00
8d8a47180f1940f5,5035,2026-09-05T09:45:21+00:00
9dc1263701d64e7d,5036,2026-09-05T09:45:21+00:00
807d4c745ad9400f,5037,2026-09-05T09:45:21+00:00
7b1dd77890cb4793,5038,2026-09-05T09:45:21+00:00
d1010ac317ff48bb,5039,2026-09-05T09:45:21+00:00
2cbe08f033e14dc9,5040,2026-09-05T09:45:21+00:00
b2a98376653f4b78,5041,2026-09-05T09:45:21+00:00
0b2e6b046d554eb0,5042,2026-09-05T09:45:21+00:00
686d86c65efd40f2,5043,2026-09-05T09:45:21+00:00
b9551da09e9b46f4,5044,2026-09-05T09:45:21+00:00
bf59d8d2c9a143b5,5045,2026-09-05T09:45:21+00:00
ecd8a33400f14907,5046,2026-09-05T09:45:21+00:00
7aa37317b5aa4507,5047,2026-09-05T09:45:21+00:00
f13068adc54145c0,5048,2026-09-05T09:45:21+00:00
6abc496ecfc04705,5049,2026-09-05T09:45:21+00:00
11fbd113c0c04856,5050,2026-09-05T09:45:21+00:00
dee039e7b4db49c9,5051,2026-09-05T09:45:21+00:00
92e2a30c3f794adc,5052,2026-09-05T09:45:21+00:00
d62842978aee43ea,5053,2026-09-05T09:45:21+00:00
eea5769c28824847,5054,2026-09-05T09:45:21+00:00
e2f0be1135cf4e02,5055,2026-09-05T09:45:21+00:00
e2510b80e85042ec,5056,2026-09-05T09:45:21+00:00
8c7a9cc5cd744ce5,5057,2026-09-05T09:45:21+00:00
629c46546de840a0,5058,2026-09-05T09:45:21+00:00
29fad3810d4641ee,5059,2026-09-05T09:45:21+00:00
22458355cf964d37,5060,2026-09-05T09:45:21+00:00
28279aa133604561,5061,2026-09-05T09:45:21+00:00
377ceeeefd934138,5062,2026-09-05T09:45:21+00:00
22e015e2d1284b47,5063,2026-09-05T09:45:21+00:00
da05741f10bf460b,5064,2026-09-05T09:45:21+00:00
00680e30ab51413d,5065,2026-09-05T09:45:21+00:00
3cd682c256554a1d,5066,2026-09-05T09:45:21+00:00
e99c2d20209844f2,5067,2026-09-05T09:45:21+00:00
85c644a0e3f04e30,5068,2026-09-05T09:45:21+00:00
5c3ab7c1d1cb4b25,5069,2026-09-05T09:45:21+00:00
4021d6c73f014794,5070,2026-09-05T09:45:21+00:00
c2506bb493ce4fa3,5071,2026-09-05T09:45:21+00:00
3ac30a004eef4b38,5072,2026-09-05T09:45:21+00:00
c19f006887b14d73,5073,2026-09-05T09:45:21+00:00
fc06e6a0f0404846,5074,2026-09-05T09:45:21+00:00
e13f58cf21ed437e,5075,2026-09-05T09:45:21+00:00
0f5602da81fe4341,5076,2026-09-05T09:45:21+00:00
9dcb57bcd11d4e3e,5077,2026-09-05T09:45:21+00:00
152a392d621347ae,5078,2026-09-05T09:45:21+00:00
4a81ec000f624869,5079,2026-09-05T09:45:21+00:00
723feb36d1ee45d6,5080,2026-09-05T09:45:21+00:00
30ee85f74e6b405f,5081,2026-09-05T09:45:21+00:00
774f5e9be80f4372,5082,2026-09-05T09:45:21+00:00
83b03a3a14c745e3,5083,2026-09-05T09:45:21+00:00
b0cd09a219124e2b,5084,2026-09-05T09:45:21+00:00
85c7e22ad24f4ac9,5085,2026-09-05T09:45:21+00:00
9ad0faac6567450e,5086,2026-09-05T09:45:21+00:00
c10a31e2f1f24200,5087,2026-09-05T09:45:21+00:00
253d21a86f804f19,5088,2026-09-05T09:45:21+00:00
1de931834f0e429f,5089,2026-09-05T09:45:21+00:00
d9f054badd80417d,5090,2026-09-05T09:45:21+00:00
9650ba56dd8c47ad,5091,2026-09-05T09:45:21+00:00
b83006eb1e0f4ae3,5092,2026-09-05T09:45:21+00:00
37782cd3a3854658,5093,2026-09-05T09:45:21+00:00
05ebdffc5a02409f,5094,2026-09-05T09:45:21+00:00
b982b58739c4443d,5095,2026-09-05T09:45:21+00:00
469030ed05d34723,5096,2026-09-05T09:45:21+00:00
579b20d229c64901,5097,2026-09-05T09:45:21+00:00
239012751daf4865,5098,2026-09-05T09:45:21+00:00
ff9abee4958a4793,5099,2026-09-05T09:45:21+00:00
5ec916769fb446fe,5100,2026-09-05T09:45:21+00:00
e7e742876d404770,5101,2026-09-05T09:45:21+00:00
c616f1c149944f86,5102,2026-09-05T09:45:21+00:00
d0c2c8366f1a4468,5103,2026-09-05T09:45:21+00:00
10544f4294854867,5104,2026-09-05T09:45:21+00:00
d27c90f09753442a,5105,2026-09-05T09:45:21+00:00
70134e26caab4e48,5106,2026-09-05T09:45:21+00:00
fd2ffadcff4c4ea0,5107,2026-09-05T09:45:21+00:00
f934563861a54acb,5108,2026-09-05T09:45:21+00:00
b0cc41bd7452445f,5109,2026-09-05T09:45:21+00:00
807984318466471b,5110,2026-09-05T09:45:21+00:00
0f9c982d4a844ad6,5111,2026-09-05T09:45:21+00:00
33f92b99cd8d43b6,5112,2026-09-05T09:45:21+00:00
79726b5bbcdc4f50,5113,2026-09-05T09:45:21+00:00
2f4cc0fe658e4c85,5114,2026-09-05T09:45:21+00:00
1bc339519647406f,5115,2026-09-05T09:45:21+00:00
4fe4b2d0a0af4173,5116,2026-09-05T09:45:21+00:00
1f65da86523f42b7,5117,2026-09-05T09:45:21+00:00
0d71e0fce23440c1,5118,2026-09-05T09:45:21+00:00
6bc37f10f34b4b38,5119,2026-09-05T09:45:21+00:00
874f205acf3a4b80,5120,2026-09-05T09:45:21+00:00
81b17556b89b4126,5121,2026-09-05T09:45:21+00:00
13e92fa8f92a49f7,5122,2026-09-05T09:45:21+00:00
a2c7ce40cd2d4eda,5123,2026-09-05T09:45:21+00:00
46c5ffe213ff4e89,5124,2026-09-05T09:45:21+00:00
0d34080dd19649e6,5125,2026-09-05T09:45:21+00:00
8fcca7799dc24c93,5126,2026-09-05T09:45:21+00:00
f081c6b6ef1c4551,5127,2026-09-05T09:45:21+00:00
26b40e060dbe4e7f,5128,2026-09-05T09:45:21+00:00
1120ed5a3d004b2b,5129,2026-09-05T09:45:21+00:00
a2cb50896ecc49a6,5130,2026-09-05T09:45:21+00:00
2ad212ff64b14af5,5131,2026-09-05T09:45:21+00:00
38e5fa0071cd44e1,5132,2026-09-05T09:45:21+00:00
c5fb3079a7554150,5133,2026-09-05T09:45:21+00:00
39690f2e80e34ad2,5134,2026-09-05T09:45:21+00:00
dbffe950029b4528,5135,2026-09-05T09:45:21+00:00
30787bd75e284a85,5136,2026-09-05T09:45:21+00:00
55774e7f0a8d4ffa,5137,2026-09-05T09:45:21+00:00
15ba11b33e7a40c3,5138,2026-09-05T09:45:21+00:00
3b1653a8d1304917,5139,2026-09-05T09:45:21+00:00
b78b08ee1c784dc0,5140,2026-09-05T09:45:21+00:00
b11979c2bc1a4f79,5141,2026-09-05T09:45:21+00:00
3d88d0f0e07d4a81,5142,2026-09-05T09:45:21+00:00
d0f8027a201d44c9,5143,2026-09-05T09:45:21+00:00
6ad5409a0ae74e09,5144,2026-09-05T09:45:21+00:00
21ca7b19c78946a5,5145,2026-09-05T09:45:21+00:00
154d9630a729487e,5146,2026-09-05T09:45:21+00:00
8483c5cc92ee4746,5147,2026-09-05T09:45:21+00:00
a2e887f00fca4cd6,5148,2026-09-05T09:45:21+00:00
5690d4f3a24f4eab,5149,2026-09-05T09:45:21+00:00
1e4a6318034f4626,5150,2026-09-05T09:45:21+00:00
32325fe24a2a4983,5151,2026-09-05T09:45:21+00:00
3a2f42e033654ff0,5152,2026-09-05T09:45:21+00:00
624cd6f396d448c4,5153,2026-09-05T09:45:21+00:00
454541183c1f4d50,5154,2026-09-05T09:45:21+00:00
2ce0b31ea3b544a0,5155,2026-09-05T09:45:21+00:00
30e6a484f3f0483c,5156,2026-09-05T09:45:21+00:00
8f0a4c5ae5d74f27,5157,2026-09-05T09:45:21+00:00
21a0dec6d49549b9,5158,2026-09-05T09:45:21+00:00
0762e58d073b4186,5159,2026-09-05T09:45:21+00:00
145e90a0166c4ad8,5160,2026-09-05T09:45:21+00:00
c0536fe03f7f4f37,5161,2026-09-05T09:45:21+00:00
bd8128b458424cd8,5162,2026-09-05T09:45:21+00:00
4006d03c84d84b2b,5163,2026-09-05T09:45:21+00:00
db95b7df1ef343b8,5164,2026-09-05T09:45:21+00:00
60b014d9274840d7,5165,2026-09-05T09:45:21+00:00
ccdeb4b008564c4e,5166,2026-09-05T09:45:21+00:00
5a800ee3255a41cf,5167,2026-09-05T09:45:21+00:00
22cb005730cd4178,5168,2026-09-05T09:45:21+00:00
fb8e6388a60e4cab,5169,2026-09-05T09:45:21+00:00
cf9b0a31364a4ffc,5170,2026-09-05T09:45:21+00:00
794347a7ce344245,5171,2026-09-05T09:45:21+00:00
e1ec53b99b944a5a,5172,2026-09-05T09:45:21+00:00
981895edcc514c7f,5173,2026-09-05T09:45:21+00:00
58c36d7faec44208,5174,2026-09-05T09:45:21+00:00
5527468c52ad4df5,5175,2026-09-05T09:45:21+00:00
06fe5f13e9b64233,5176,2026-09-05T09:45:21+00:00
51c0608a42894926,5177,2026-09-05T09:45:21+00:00
ab30bd2025374d16,5178,2026-09-05T09:45:21+00:00
9af9aefa03c64560,5179,2026-09-05T09:45:21+00:00
c73855689ce64459,5180,2026-09-05T09:45:21+00:00
db58ea2451e94fb7,5181,2026-09-05T09:45:21+00:00
c2f8ebeeb73a4e87,5182,2026-09-05T09:45:21+00:00
4434275de06a4c25,5183,2026-09-05T09:45:21+00:00
cd1c314f44114aa6,5184,2026-09-05T09:45:21+00:00
b8ec280ad8bf4e17,5185,2026-09-05T09:45:21+00:00
32336cadf8c6492b,5186,2026-09-05T09:45:21+00:00
931193ae81f64780,5187,2026-09-05T09:45:21+00:00
16dffba275ff46e9,5188,2026-09-05T09:45:21+00:00
e11c664750204196,5189,2026-09-05T09:45:21+00:00
60123da8c41c4d95,5190,2026-09-05T09:45:21+00:00
aee1547b86ff41b6,5191,2026-09-05T09:45:21+00:00
8434c3e6742e42ab,5192,2026-09-05T09:45:21+00:00
7b47e8a8a5be4569,5193,2026-09-05T09:45:21+00:00
0150ac3315644421,5194,2026-09-05T09:45:21+00:00
d4311c8c202a418e,5195,2026-09-05T09:45:21+00:00
f45d2875ad734a9d,5196,2026-09-05T09:45:21+00:00
6a196b01007d45cb,5197,2026-09-05T09:45:21+00:00
94fdfce2b31844d6,5198,2026-09-05T09:45:21+00:00
fede9e872e794912,5199,2026-09-05T09:45:21+00:00
6e2a1d7cefa24c61,5200,2026-09-05T09:45:21+00:00
1aa2bb1ffed14f49,5201,2026-09-05T09:45:21+00:00
f525e82518b1434f,5202,2026-09-05T09:45:21+00:00
85b7ecfcd53b40c1,5203,2026-09-05T09:45:21+00:00
5975e657d5fd47ed,5204,2026-09-05T09:45:21+00:00
8102e503b03c406b,5205,2026-09-05T09:45:21+00:00
c95a3209ef974379,5206,2026-09-05T09:45:21+00:00
efda947646f2484d,5207,2026-09-05T09:45:21+00:00
f9e36be648a3452d,5208,2026-09-05T09:45:21+00:00
ed52013923364c40,5209,2026-09-05T09:45:21+00:00
98297a7bae9b45b6,5210,2026-09-05T09:45:21+00:00
452e634efc2544b8,5211,2026-09-05T09:45:21+00:00
641f9612d1694bab,5212,2026-09-05T09:45:21+00:00
aa9aeeced3824d8f,5213,2026-09-05T09:45:21+00:00
e55ae0d27a8b4499,5214,2026-09-05T09:45:21+00:00
c164103648774fc7,5215,2026-09-05T09:45:21+00:00
f3709ed7657c4452,5216,2026-09-05T09:45:21+00:00
939dbf7b8d764112,5217,2026-09-05T09:45:21+00:00
fc9e3bb922fd4778,5218,2026-09-05T09:45:21+00:00
e90b03fc3f95482d,5219,2026-09-05T09:45:21+00:00
c380f086788f4e7c,5220,2026-09-05T09:45:21+00:00
d4c256b7aec441ca,5221,2026-09-05T09:45:21+00:00
a524f1fe261c4ee0,5222,2026-09-05T09:45:21+00:00
4c0f064a6a504ec3,5223,2026-09-05T09:45:21+00:00
8bdaa9aa4d524982,5224,2026-09-05T09:45:21+00:00
3a925b8cc6b54ab9,5225,2026-09-05T09:45:21+00:00
e728f953cdd14284,5226,2026-09-05T09:45:21+00:00
3c41ac9a78354337,5227,2026-09-05T09:45:21+00:00
e23bbeadb9524077,5228,2026-09-05T09:45:21+00:00
f7cd07e53f9846b5,5229,2026-09-05T09:45:21+00:00
680e8cfd41ff4998,5230,2026-09-05T09:45:21+00:00
9ae9f8807faa4703,5231,2026-09-05T09:45:21+00:00
4753fc84a858451a,5232,2026-09-05T09:45:21+00:00
13ae74ca0f974528,5233,2026-09-05T09:45:21+00:00
a5e0228061a4444e,5234,2026-09-05T09:45:21+00:00
556f5b2f0d5d4f1f,5235,2026-09-05T09:45:21+00:00
8b9b58723d574fd1,5236,2026-09-05T09:45:21+00:00
f973ac07a85b4ddc,5237,2026-09-05T09:45:21+00:00
cb235d778e3d4549,5238,2026-09-05T09:45:21+00:00
b40faee7d16643b5,5239,2026-09-05T09:45:21+00:00
d4601a61ef9e4d2e,5240,2026-09-05T09:45:21+00:00
89522730c3444ef7,5241,2026-09-05T09:45:21+00:00
3e10aac286ad432c,5242,2026-09-05T09:45:21+00:00
1794511000b1468a,5243,2026-09-05T09:45:21+00:00
c65fa00eb44a44dd,5244,2026-09-05T09:45:21+00:00
f0fa6ecd08b94216,5245,2026-09-05T09:45:21+00:00
b624b31dd5e042ee,5246,2026-09-05T09:45:21+00:00
f1c5675f422e4457,5247,2026-09-05T09:45:21+00:00
aa6cbfc89f7040b8,5248,2026-09-05T09:45:21+00:00
006974d9b7374d37,5249,2026-09-05T09:45:21+00:00
f920c7e7684f483a,5250,2026-09-05T09:45:21+00:00
f6fd40c3c4f048c2,5251,2026-09-05T09:45:21+00:00
1503bc2b152b41db,5252,2026-09-05T09:45:21+00:00
bb3c2d8e86164015,5253,2026-09-05T09:45:21+00:00
ebac2cc6975540e3,5254,2026-09-05T09:45:21+00:00
f465a0eca985427c,5255,2026-09-05T09:45:21+00:00
329d65a48b5a45d5,5256,2026-09-05T09:45:21+00:00
033deeb14ba8493f,5257,2026-09-05T09:45:21+00:00
97b5e52293ab4d86,5258,2026-09-05T09:45:21+00:00
76babb303a3f4778,5259,2026-09-05T09:45:21+00:00
8cca72da74504187,5260,2026-09-05T09:45:21+00:00
9b7ca786c74f4548,5261,2026-09-05T09:45:21+00:00
7693f6492972411e,5262,2026-09-05T09:45:21+00:00
2f86920031c84cbf,5263,2026-09-05T09:45:21+00:00
a8b571ec50a84103,5264,2026-09-05T09:45:21+00:00
226142da8a80466a,5265,2026-09-05T09:45:21+00:00
1d9a3d17e6a84016,5266,2026-09-05T09:45:21+00:00
0adde86dd19f4a82,5267,2026-09-05T09:45:21+00:00
1e4ca322ad2e4ae2,5268,2026-09-05T09:45:21+00:00
ac5b62a817434d2f,5269,2026-09-05T09:45:21+00:00
13b5e0214c03408a,5270,2026-09-05T09:45:21+00:00
f519c7333e1c4e2b,5271,2026-09-05T09:45:21+00:00
116e6460817a46dc,5272,2026-09-05T09:45:21+00:00
91bd7546564f40a4,5273,2026-09-05T09:45:21+00:00
bf39c9ce0e494bee,5274,2026-09-05T09:45:21+00:00
e51d19f5c91546a8,5275,2026-09-05T09:45:21+00:00
b0c676e9872541db,5276,2026-09-05T09:45:21+00:00
2702bd831c87433e,5277,2026-09-05T09:45:21+00:00
6c02c368ee1946b4,5278,2026-09-05T09:45:21+00:00
df2d355923314ad3,5279,2026-09-05T09:45:21+00:00
e79f90a215ad448b,5280,2026-09-05T09:45:21+00:00
75e22219359a4f1d,5281,2026-09-05T09:45:21+00:00
49d4f2f795d14924,5282,2026-09-05T09:45:21+00:00
21bb0ac7b5644514,5283,2026-09-05T09:45:21+00:00
06ca0653210b4e32,5284,2026-09-05T09:45:21+00:00
34bb5ee390144f86,5285,2026-09-05T09:45:21+00:00
88de42f912544fa2,5286,2026-09-05T09:45:21+00:00
e7277c965427422a,5287,2026-09-05T09:45:21+00:00
5840ae7abe7a4677,5288,2026-09-05T09:45:21+00:00
f02fbccf0ea147ff,5289,2026-09-05T09:45:21+00:00
a3d1b26dae7743c7,5290,2026-09-05T09:45:21+00:00
81adcb57492843ff,5291,2026-09-05T09:45:21+00:00
a9b3a3d4da37458e,5292,2026-09-05T09:45:21+00:00
8355c454af5642dd,5293,2026-09-05T09:45:21+00:00
d5d84950d7c8409c,5294,2026-09-05T09:45:21+00:00
1893b6f0b9744007,5295,2026-09-05T09:45:21+00:00
8a8c7e9ef31d421e,5296,2026-09-05T09:45:21+00:00
cdb73786f5074dd7,5297,2026-09-05T09:45:21+00:00
6ee994c12d8f4ee9,5298,2026-09-05T09:45:21+00:00
74bbd3096ecf48a1,5299,2026-09-05T09:45:21+00:00
62c0027088bf4929,5300,2026-09-05T09:45:21+00:00
d5215b725c34451e,5301,2026-09-05T09:45:21+00:00
26a85d3515e04a84,5302,2026-09-05T09:45:21+00:00
a799f23205f94caa,5303,2026-09-05T09:45:21+00:00
b1b3fa1c1ee94f97,5304,2026-09-05T09:45:21+00:00
7e084fc412a5488d,5305,2026-09-05T09:45:21+00:00
ff52ee484db54ce0,5306,2026-09-05T09:45:21+00:00
2934a40c6cc645ee,5307,2026-09-05T09:45:21+00:00
6daf3cf6250f4e3c,5308,2026-09-05T09:45:21+00:00
67a29113665e479f,5309,2026-09-05T09:45:21+00:00
4dc94a7853a64f85,5310,2026-09-05T09:45:21+00:00
2a36ed4327ba430d,5311,2026-09-05T09:45:21+00:00
9edf187fe00a46f6,5312,2026-09-05T09:45:21+00:00
77d3a76e89cf485f,5313,2026-09-05T09:45:21+00:00
5b3a31641caa4ab8,5314,2026-09-05T09:45:21+00:00
cb2f36eca88d4840,5315,2026-09-05T09:45:21+00:00
eb711652cb4a48fe,5316,2026-09-05T09:45:21+00:00
9fb54846d91c44db,5317,2026-09-05T09:45:21+00:00
1d754a735cc54466,5318,2026-09-05T09:45:21+00:00
d34cb2a9bb134bc4,5319,2026-09-05T09:45:21+00:00
c3db4556bb254c78,5320,2026-09-05T09:45:21+00:00
191122d57d8a49fc,5321,2026-09-05T09:45:21+00:00
a36d8df3a8e44b47,5322,2026-09-05T09:45:21+00:00
e3a421b7936943f9,5323,2026-09-05T09:45:21+00:00
b1a325ed1b874ef9,5324,2026-09-05T09:45:21+00:00
5707b503536f4d16,5325,2026-09-05T09:45:21+00:00
f8678c8014974084,5326,2026-09-05T09:45:21+00:00
a8b20a9292f64d87,5327,2026-09-05T09:45:21+00:00
c931482aa47f483b,5328,2026-09-05T09:45:21+00:00
4c077c4aaaf24b0d,5329,2026-09-05T09:45:21+00:00
ac92440c17764686,5330,2026-09-05T09:45:21+00:00
ed313d707bec4754,5331,2026-09-05T09:45:21+00:00
b96ed1f0a98348d5,5332,2026-09-05T09:45:21+00:00
2ae03e1261ab4711,5333,2026-09-05T09:45:21+00:00
5e3df87bc0fc459b,5334,2026-09-05T09:45:21+00:00
a327ef7b58e04ed6,5335,2026-09-05T09:45:21+00:00
966c3bb8770c404d,5336,2026-09-05T09:45:21+00:00
0b9ebd5beb004b44,5337,2026-09-05T09:45:21+00:00
3268fc3f737d4806,5338,2026-09-05T09:45:21+00:00
b72b64770f114088,5339,2026-09-05T09:45:21+00:00
fa91b0d7192a4931,5340,2026-09-05T09:45:21+00:00
e93e673824914ff8,5341,2026-09-05T09:45:21+00:00
eadc32891c7e4b43,5342,2026-09-05T09:45:21+00:00
5e275c7dfd12461b,5343,2026-09-05T09:45:21+00:00
3200750b3c3542d2,5344,2026-09-05T09:45:21+00:00
9ecd756946cd4aee,5345,2026-09-05T09:45:21+00:00
dd4f34fb5421498f,5346,2026-09-05T09:45:21+00:00
9dfb66df392347ee,5347,2026-09-05T09:45:21+00:00
fe23d0d68cd84b31,5348,2026-09-05T09:45:21+00:00
f8383545f82645c1,5349,2026-09-05T09:45:21+00:00
fd7f444503f24fdd,5350,2026-09-05T09:45:21+00:00
28597de08d1541cb,5351,2026-09-05T09:45:21+00:00
c7f176324ea24ef2,5352,2026-09-05T09:45:21+00:00
b33e77c90b6547f4,5353,2026-09-05T09:45:21+00:00
573868c628b94881,5354,2026-09-05T09:45:21+00:00
5b82bdd90262488c,5355,2026-09-05T09:45:21+00:00
90457e2b52b64f54,5356,2026-09-05T09:45:21+00:00
0d1a8d026e2a4a59,5357,2026-09-05T09:45:21+00:00
837275fb20434635,5358,2026-09-05T09:45:21+00:00
c3b8841bdd7f45f1,5359,2026-09-05T09:45:21+00:00
cfc9cd027e974a69,5360,2026-09-05T09:45:21+00:00
60cc422b4ae945b9,5361,2026-09-05T09:45:21+00:00
e4f08c2aa73243d7,5362,2026-09-05T09:45:21+00:00
fed8acd1f46649e9,5363,2026-09-05T09:45:21+00:00
d24ccbf95fc74d42,5364,2026-09-05T09:45:21+00:00
cee0b038feb34e5c,5365,2026-09-05T09:45:21+00:00
9133fb807121425d,5366,2026-09-05T09:45:21+00:00
0324a55ea6f74f6c,5367,2026-09-05T09:45:21+00:00
d2e68035e6ed45b8,5368,2026-09-05T09:45:21+00:00
1af99257b2414a7e,5369,2026-09-05T09:45:21+00:00
e2f6d720b91f4480,5370,2026-09-05T09:45:21+00:00
804c80b4ba47486b,5371,2026-09-05T09:45:21+00:00
bfa1eaf666f24f35,5372,2026-09-05T09:45:21+00:00
95637336b0ea4a85,5373,2026-09-05T09:45:21+00:00
6eeb7cf8e8cc4421,5374,2026-09-05T09:45:21+00:00
c67f25fc63cc4b7b,5375,2026-09-05T09:45:21+00:00
e04afbcd62854fec,5376,2026-09-05T09:45:21+00:00
c342183292dd4a17,5377,2026-09-05T09:45:21+00:00
63169a44a65a4476,5378,2026-09-05T09:45:21+00:00
3848e958e5e8417d,5379,2026-09-05T09:45:21+00:00
01e8b403a4db4689,5380,2026-09-05T09:45:21+00:00
275a8e36e41c41aa,5381,2026-09-05T09:45:21+00:00
cb2a178483274922,5382,2026-09-05T09:45:21+00:00
f7d3e6d5a504465f,5383,2026-09-05T09:45:21+00:00
bca18df44f434169,5384,2026-09-05T09:45:21+00:00
4f4e59e914ec4642,5385,2026-09-05T09:45:21+00:00
8e16b031b1844c0c,5386,2026-09-05T09:45:21+00:00
0125e81d9f724502,5387,2026-09-05T09:45:21+00:00
aa9ea79c5f1849fd,5388,2026-09-05T09:45:21+00:00
c2bf652f46a44743,5389,2026-09-05T09:45:21+00:00
ef5d4afe335e486e,5390,2026-09-05T09:45:21+00:00
43ab10614abf4411,5391,2026-09-05T09:45:21+00:00
12cd42516cc84c43,5392,2026-09-05T09:45:21+00:00
4d3ed01eda114db7,5393,2026-09-05T09:45:21+00:00
f43e25e8882e44f0,5394,2026-09-05T09:45:21+00:00
5322abd63f784e66,5395,2026-09-05T09:45:21+00:00
9b5ac477f8104df1,5396,2026-09-05T09:45:21+00:00
f65f31a660884c10,5397,2026-09-05T09:45:21+00:00
be902718fcf6431d,5398,2026-09-05T09:45:21+00:00
9564ba5627e5416e,5399,2026-09-05T09:45:21+00:00
068a304c82ba4d82,5400,2026-09-05T09:45:21+00:00
365d286c2b414323,5401,2026-09-05T09:45:21+00:00
dfbd362ccb654026,5402,2026-09-05T09:45:21+00:00
1e75e752f41c42c6,5403,2026-09-05T09:45:21+00:00
968b5122e5954074,5404,2026-09-05T09:45:21+00:00
4016e6b8fd8f4594,5405,2026-09-05T09:45:21+00:00
06d4af21a964452c,5406,2026-09-05T09:45:21+00:00
f395bcd95b774bbd,5407,2026-09-05T09:45:21+00:00
13ebbdd33ab84da6,5408,2026-09-05T09:45:21+00:00
14b7e4bd353f4bf1,5409,2026-09-05T09:45:21+00:00
ab10c3e33adb4b47,5410,2026-09-05T09:45:21+00:00
fead02fecad64f7e,5411,2026-09-05T09:45:21+00:00
cede1d78740e4905,5412,2026-09-05T09:45:21+00:00
27195fbbb8454877,5413,2026-09-05T09:45:21+00:00
604e6830d819472c,5414,2026-09-05T09:45:21+00:00
5fd11e120a8f41f7,5415,2026-09-05T09:45:21+00:00
92b6bb4596e34a2c,5416,2026-09-05T09:45:21+00:00
5d42feccf68e4c16,5417,2026-09-05T09:45:21+00:00
1523af273cf04cbc,5418,2026-09-05T09:45:21+00:00
e431aa5e83e2459c,5419,2026-09-05T09:45:21+00:00
731a392d5edb4b81,5420,2026-09-05T09:45:21+00:00
ab931c2810d74dba,5421,2026-09-05T09:45:21+00:00
c66c0663b2b64861,5422,2026-09-05T09:45:21+00:00
9af58c71ad0d45e8,5423,2026-09-05T09:45:21+00:00
96be6e2c26fc4277,5424,2026-09-05T09:45:21+00:00
86128682f989471d,5425,2026-09-05T09:45:21+00:00
26cbf32b099d4047,5426,2026-09-05T09:45:21+00:00
47c6103741244ef5,5427,2026-09-05T09:45:21+00:00
14ffc52dc5604f3d,5428,2026-09-05T09:45:21+00:00
60c00bd6345941d0,5429,2026-09-05T09:45:21+00:00
319901dd8f774909,5430,2026-09-05T09:45:21+00:00
e5c65ae89adb449e,5431,2026-09-05T09:45:21+00:00
093ba7c9ceb64c21,5432,2026-09-05T09:45:21+00:00
83c4e9dc90d64278,5433,2026-09-05T09:45:21+00:00
1a49a442f6494741,5434,2026-09-05T09:45:21+00:00
70d3bee766f545f5,5435,2026-09-05T09:45:21+00:00
221cbbbc00d1400d,5436,2026-09-05T09:45:21+00:00
47b5f44fec4b4d98,5437,2026-09-05T09:45:21+00:00
a210337f0bd34de5,5438,2026-09-05T09:45:21+00:00
32b50975753847e9,5439,2026-09-05T09:45:21+00:00
be414940d4594731,5440,2026-09-05T09:45:21+00:00
d217a8d28d554300,5441,2026-09-05T09:45:21+00:00
4da0af549f3b4d89,5442,2026-09-05T09:45:21+00:00
95e24f1c704f4718,5443,2026-09-05T09:45:21+00:00
a0ea5161a44c430d,5444,2026-09-05T09:45:21+00:00
05d195f9e62b4369,5445,2026-09-05T09:45:21+00:00
18f09eefab9049d4,5446,2026-09-05T09:45:21+00:00
5f61001a120248a8,5447,2026-09-05T09:45:21+00:00
b65d9fc0f7674396,5448,2026-09-05T09:45:21+00:00
166d9ec1c3304af6,5449,2026-09-05T09:45:21+00:00
44c959bdddda44bd,5450,2026-09-05T09:45:21+00:00
df57f87eae8a4671,5451,2026-09-05T09:45:21+00:00
aaa32c0af5f94cfa,5452,2026-09-05T09:45:21+00:00
65eb2aefa73b4ec8,5453,2026-09-05T09:45:21+00:00
b2d7cfe08b254c26,5454,2026-09-05T09:45:21+00:00
65fe97733a6e449e,5455,2026-09-05T09:45:21+00:00
6c48f95e4bcd4ac5,5456,2026-09-05T09:45:21+00:00
9ebf6a85b8ae49f1,5457,2026-09-05T09:45:21+00:00
f5200a675fb84f7b,5458,2026-09-05T09:45:21+00:00
e011fff01ce64a5f,5459,2026-09-05T09:45:21+00:00
6e4cb4f288fa4c7b,5460,2026-09-05T09:45:21+00:00
ffd491a8fff840c4,5461,2026-09-05T09:45:21+00:00
ff11f6892a5a4e74,5462,2026-09-05T09:45:21+00:00
90a1ea8be7e14ea1,5463,2026-09-05T09:45:21+00:00
156cf4aaf8ca4552,5464,2026-09-05T09:45:21+00:00
5def74a6fc2d41f2,5465,2026-09-05T09:45:21+00:00
6a7ef3842c5e4741,5466,2026-09-05T09:45:21+00:00
8e945a4a42144f4b,5467,2026-09-05T09:45:21+00:00
9347c6f5206a4a63,5468,2026-09-05T09:45:21+00:00
383e40f74d6a419f,5469,2026-09-05T09:45:21+00:00
334b1ea4f5c34b8a,5470,2026-09-05T09:45:21+00:00
c8cf0e2ed1034a43,5471,2026-09-05T09:45:21+00:00
9facc6d2b2904e72,5472,2026-09-05T09:45:21+00:00
787e899d53d64aff,5473,2026-09-05T09:45:21+00:00
7c2e33e746024236,5474,2026-09-05T09:45:21+00:00
96a7eee3c3f046f6,5475,2026-09-05T09:45:21+00:00
0d503f9c74ad4876,5476,2026-09-05T09:45:21+00:00
37b78788b6a74bd8,5477,2026-09-05T09:45:21+00:00
3cc12570c5694b03,5478,2026-09-05T09:45:21+00:00
488a1cd418d94459,5479,2026-09-05T09:45:21+00:00
ddf475cf65464982,5480,2026-09-05T09:45:21+00:00
c28ed1f6c0a5447d,5481,2026-09-05T09:45:21+00:00
d17883749ad54d4a,5482,2026-09-05T09:45:21+00:00
a5593387f8cc4fad,5483,2026-09-05T09:45:21+00:00
f185a2a0fe184984,5484,2026-09-05T09:45:21+00:00
436e726e4af54c69,5485,2026-09-05T09:45:21+00:00
ae88669e0ecc4cae,5486,2026-09-05T09:45:21+00:00
f17d6425a0974e14,5487,2026-09-05T09:45:21+00:00
7822f21d4f864d92,5488,2026-09-05T09:45:21+00:00
41d2075c99694f1f,5489,2026-09-05T09:45:21+00:00
14aef5a54659406f,5490,2026-09-05T09:45:21+00:00
64336f5ee5c64492,5491,2026-09-05T09:45:21+00:00
20e25ef887ff4262,5492,2026-09-05T09:45:21+00:00
bad02cc3e9c54215,5493,2026-09-05T09:45:21+00:00
d03045c5cef84fe0,5494,2026-09-05T09:45:21+00:00
7ccccad5c021489e,5495,2026-09-05T09:45:21+00:00
4a1e7eb0e13a4fdb,5496,2026-09-05T09:45:21+00:00
4ecab2ff713f436b,5497,2026-09-05T09:45:21+00:00
dc4398071b244e75,5498,2026-09-05T09:45:21+00:00
31fd8fd6f8404e6e,5499,2026-09-05T09:45:21+00:00
1654cb8c90e5458c,5500,2026-09-05T09:45:21+00:00
364e671c131a4e96,5501,2026-09-05T09:45:21+00:00
b6480aca036549c1,5502,2026-09-05T09:45:21+00:00
9b1df7a4686f48f0,5503,2026-09-05T09:45:21+00:00
fa0867c634034c2c,5504,2026-09-05T09:45:21+00:00
bb705a479da9439f,5505,2026-09-05T09:45:21+00:00
32bd8e8843ee4216,5506,2026-09-05T09:45:21+00:00
e4953ce314f34c78,5507,2026-09-05T09:45:21+00:00
6b5b6c73ec974023,5508,2026-09-05T09:45:21+00:00
5f15a9be21a3447e,5509,2026-09-05T09:45:21+00:00
43446b51fe294e6c,5510,2026-09-05T09:45:21+00:00
696f77bd5f534c23,5511,2026-09-05T09:45:21+00:00
6b8c187476794204,5512,2026-09-05T09:45:21+00:00
7a2345bd34c94d82,5513,2026-09-05T09:45:21+00:00
9e22fed2a8c54d57,5514,2026-09-05T09:45:21+00:00
b236cd67be6b4e42,5515,2026-09-05T09:45:21+00:00
75c9dea9e6c04f41,5516,2026-09-05T09:45:21+00:00
f17dd75a44344727,5517,2026-09-05T09:45:21+00:00
b539835a9e7b414b,5518,2026-09-05T09:45:21+00:00
d6ec35363ca84d2f,5519,2026-09-05T09:45:21+00:00
e3620d8b6d0a4003,5520,2026-09-05T09:45:21+00:00
9a41611f943f4cda,5521,2026-09-05T09:45:21+00:00
cf262c821968400d,5522,2026-09-05T09:45:21+00:00
9613b0f865df481a,5523,2026-09-05T09:45:21+00:00
62fd8aca3482440b,5524,2026-09-05T09:45:21+00:00
fc50b8056cc54e9f,5525,2026-09-05T09:45:21+00:00
c8b26d2ce48e4c0f,5526,2026-09-05T09:45:21+00:00
7769666aa5734bb0,5527,2026-09-05T09:45:21+00:00
5b8e00b921df48cd,5528,2026-09-05T09:45:21+00:00
a40e9dddbbb54bef,5529,2026-09-05T09:45:21+00:00
4aac590cdf584a81,5530,2026-09-05T09:45:21+00:00
70858be408ae4791,5531,2026-09-05T09:45:21+00:00
8367f86324f0420b,5532,2026-09-05T09:45:21+00:00
ce8f39c582464fda,5533,2026-09-05T09:45:21+00:00
7b3eee47791b4a08,5534,2026-09-05T09:45:21+00:00
d7d38dab8d3a4588,5535,2026-09-05T09:45:21+00:00
86ccaec186324e2f,5536,2026-09-05T09:45:21+00:00
3680f5dbb2d34c7f,5537,2026-09-05T09:45:21+00:00
4c279e410b594a58,5538,2026-09-05T09:45:21+00:00
1b6047d0b45f411f,5539,2026-09-05T09:45:21+00:00
df44c91272d04a6c,5540,2026-09-05T09:45:21+00:00
2efa26fdd04943bd,5541,2026-09-05T09:45:21+00:00
52049a0e6b1b415a,5542,2026-09-05T09:45:21+00:00
afe8c86c9e3f44e4,5543,2026-09-05T09:45:21+00:00
1389ee560ab846c8,5544,2026-09-05T09:45:21+00:00
07e50580ba46480b,5545,2026-09-05T09:45:21+00:00
4fe45fdf96aa43ec,5546,2026-09-05T09:45:21+00:00
fcfa41ad98a74925,5547,2026-09-05T09:45:21+00:00
1eb4e95b773e4f5d,5548,2026-09-05T09:45:21+00:00
373408c091a34a07,5549,2026-09-05T09:45:21+00:00
bf74d9440bef41a7,5550,2026-09-05T09:45:21+00:00
3a84d99253b947fa,5551,2026-09-05T09:45:21+00:00
f600f9f199e24cd1,5552,2026-09-05T09:45:21+00:00
f4199ee634e24ba1,5553,2026-09-05T09:45:21+00:00
94ab06a5cf6c4233,5554,2026-09-05T09:45:21+00:00
e9ade87476a44882,5555,2026-09-05T09:45:21+00:00
6798c86d02ac4cc1,5556,2026-09-05T09:45:21+00:00
2279ef0bd8254837,5557,2026-09-05T09:45:21+00:00
6a5fe24419554698,5558,2026-09-05T09:45:21+00:00
7bbf3d28b1b34fea,5559,2026-09-05T09:45:21+00:00
b2b03fa22fe14df2,5560,2026-09-05T09:45:21+00:00
28e6145b7c7d4ee8,5561,2026-09-05T09:45:21+00:00
f274034d272c4dce,5562,2026-09-05T09:45:21+00:00
9a7ff1c9542e466d,5563,2026-09-05T09:45:21+00:00
d00b4f9e4eef47fc,5564,2026-09-05T09:45:21+00:00
eab7f97469a24f3f,5565,2026-09-05T09:45:21+00:00
d82a6157cc4b44a2,5566,2026-09-05T09:45:21+00:00
2fe9c8e2d99a4f48,5567,2026-09-05T09:45:21+00:00
fa397448700f4071,5568,2026-09-05T09:45:21+00:00
fe78546d918f4dda,5569,2026-09-05T09:45:21+00:00
fa42de39c1124ce6,5570,2026-09-05T09:45:21+00:00
a60c51e9c3164b04,5571,2026-09-05T09:45:21+00:00
14809618073045d8,5572,2026-09-05T09:45:21+00:00
5403c8f319bb47f7,5573,2026-09-05T09:45:21+00:00
e07ed6f0d8f241fb,5574,2026-09-05T09:45:21+00:00
536bd568a4bd49bd,5575,2026-09-05T09:45:21+00:00
570228d9b6aa4259,5576,2026-09-05T09:45:21+00:00
c37774f2b49b4186,5577,2026-09-05T09:45:21+00:00
4e7468907bee4eb6,5578,2026-09-05T09:45:21+00:00
6d72b1142bf14d17,5579,2026-09-05T09:45:21+00:00
50a52d1f2a564f44,5580,2026-09-05T09:45:21+00:00
42e596152a8b4f47,5581,2026-09-05T09:45:21+00:00
0840d465537d4fd5,5582,2026-09-05T09:45:21+00:00
65a62a600458444e,5583,2026-09-05T09:45:21+00:00
9f647f35a32c41d3,5584,2026-09-05T09:45:21+00:00
154c8eb657fb452a,5585,2026-09-05T09:45:21+00:00
9e1994038eaf4515,5586,2026-09-05T09:45:21+00:00
63551ba10acd4e9a,5587,2026-09-05T09:45:21+00:00
7f45ee711aab4e25,5588,2026-09-05T09:45:21+00:00
676d34906dd94290,5589,2026-09-05T09:45:21+00:00
d7382f4473604164,5590,2026-09-05T09:45:21+00:00
d5122fb427ca4715,5591,2026-09-05T09:45:21+00:00
16821b8bba4244f2,5592,2026-09-05T09:45:21+00:00
d3c3cae16f1b4400,5593,2026-09-05T09:45:21+00:00
5366940489014c4f,5594,2026-09-05T09:45:21+00:00
232ee06581624cd4,5595,2026-09-05T09:45:21+00:00
b6830f8d22e249e5,5596,2026-09-05T09:45:21+00:00
72f12b9a5bd64ec0,5597,2026-09-05T09:45:21+00:00
0679b294fc0244a8,5598,2026-09-05T09:45:21+00:00
639cfa6604cb4417,5599,2026-09-05T09:45:21+00:00
053b8b7bd3e54792,5600,2026-09-05T09:45:21+00:00
e941795edd694ad8,5601,2026-09-05T09:45:21+00:00
6bbec2584b1e40c1,5602,2026-09-05T09:45:21+00:00
52446700979a47d2,5603,2026-09-05T09:45:21+00:00
5fab702f5e274def,5604,2026-09-05T09:45:21+00:00
d0857a019cf14b25,5605,2026-09-05T09:45:21+00:00
ad9401d4770344da,5606,2026-09-05T09:45:21+00:00
e22175c6b7d5426f,5607,2026-09-05T09:45:21+00:00
f541b78051814fbf,5608,2026-09-05T09:45:21+00:00
57407d51aa79422a,5609,2026-09-05T09:45:21+00:00
a4fc380a5e314c8e,5610,2026-09-05T09:45:21+00:00
da457feb36c54579,5611,2026-09-05T09:45:21+00:00
d9571782d96546f6,5612,2026-09-05T09:45:21+00:00
605c4efa7128438b,5613,2026-09-05T09:45:21+00:00
33963ad72a7a4a46,5614,2026-09-05T09:45:21+00:00
648eada96d144f3b,5615,2026-09-05T09:45:21+00:00
1fb2381f4f1e48c2,5616,2026-09-05T09:45:21+00:00
8892915abd77407f,5617,2026-09-05T09:45:21+00:00
fd0eea91f8454368,5618,2026-09-05T09:45:21+00:00
43d770a738ec492f,5619,2026-09-05T09:45:21+00:00
6f6d815a20584f62,5620,2026-09-05T09:45:21+00:00
bdb977128b5d4c56,5621,2026-09-05T09:45:21+00:00
b88b13d94ef24281,5622,2026-09-05T09:45:21+00:00
c1409ed91316480d,5623,2026-09-05T09:45:21+00:00
1c2513d7c1334001,5624,2026-09-05T09:45:21+00:00
fe09ce994b064f24,5625,2026-09-05T09:45:21+00:00
15f18901f4004462,5626,2026-09-05T09:45:21+00:00
d3d22ce5c73243c7,5627,2026-09-05T09:45:21+00:00
44934b511dd743df,5628,2026-09-05T09:45:21+00:00
1ccbe57aacc84dcb,5629,2026-09-05T09:45:21+00:00
b4af724ca50349a2,5630,2026-09-05T09:45:21+00:00
f70464c0f1364d4a,5631,2026-09-05T09:45:21+00:00
958376ce40064c38,5632,2026-09-05T09:45:21+00:00
dc5904c061df4a65,5633,2026-09-05T09:45:21+00:00
94516d363e8247d0,5634,2026-09-05T09:45:21+00:00
583050262aeb49f2,5635,2026-09-05T09:45:21+00:00
6a520d49c4c445fd,5636,2026-09-05T09:45:21+00:00
64b7c949d0094402,5637,2026-09-05T09:45:21+00:00
256020e560b94f28,5638,2026-09-05T09:45:21+00:00
39700c4b5aab4214,5639,2026-09-05T09:45:21+00:00
156268a97e6941d4,5640,2026-09-05T09:45:21+00:00
355974a0c5754f5f,5641,2026-09-05T09:45:21+00:00
93debee9b4614b32,5642,2026-09-05T09:45:21+00:00
bdacb3117175407b,5643,2026-09-05T09:45:21+00:00
52aa77c71e014fc0,5644,2026-09-05T09:45:21+00:00
089ff243de094572,5645,2026-09-05T09:45:21+00:00
fa08a19e00124453,5646,2026-09-05T09:45:21+00:00
16d4f5aff0fc4f67,5647,2026-09-05T09:45:21+00:00
6e26c6e608cc469e,5648,2026-09-05T09:45:21+00:00
b1339c955db84999,5649,2026-09-05T09:45:21+00:00
1eaa7be80f1946bc,5650,2026-09-05T09:45:21+00:00
1b47323717cf4566,5651,2026-09-05T09:45:21+00:00
d79a2d7530864ad3,5652,2026-09-05T09:45:21+00:00
b27936d15ec743ee,5653,2026-09-05T09:45:21+00:00
5ba48a8dc9fd40f6,5654,2026-09-05T09:45:21+00:00
449c0a1fcd3440fe,5655,2026-09-05T09:45:21+00:00
b1aa13172f094cd7,5656,2026-09-05T09:45:21+00:00
bc84975c729d4302,5657,2026-09-05T09:45:21+00:00
0d78cb4871d9466a,5658,2026-09-05T09:45:21+00:00
8e3c0bf7bdb44089,5659,2026-09-05T09:45:21+00:00
517b8562cbeb4822,5660,2026-09-05T09:45:21+00:00
5e1364b1f7fd4a95,5661,2026-09-05T09:45:21+00:00
7ea1cfd2bbb44aa6,5662,2026-09-05T09:45:21+00:00
ee9cda614740483e,5663,2026-09-05T09:45:21+00:00
15e9684d413a4627,5664,2026-09-05T09:45:21+00:00
d5647fc4753e4f20,5665,2026-09-05T09:45:21+00:00
ad4e6f764af44536,5666,2026-09-05T09:45:21+00:00
f4c0ae3ec58d404e,5667,2026-09-05T09:45:21+00:00
bee5462077ff4634,5668,2026-09-05T09:45:21+00:00
96bb0a27369f40ff,5669,2026-09-05T09:45:21+00:00
fe493842f6644bde,5670,2026-09-05T09:45:21+00:00
5912307cbd9344b2,5671,2026-09-05T09:45:21+00:00
b178e7600e8740a8,5672,2026-09-05T09:45:21+00:00
5d91ce439ae841bd,5673,2026-09-05T09:45:21+00:00
6f8a655abe544d22,5674,2026-09-05T09:45:21+00:00
cce2ef8311724aa5,5675,2026-09-05T09:45:21+00:00
47a0902a4d7d453c,5676,2026-09-05T09:45:21+00:00
bcfb764548ee4b00,5677,2026-09-05T09:45:21+00:00
8f415a41a48d4ed2,5678,2026-09-05T09:45:21+00:00
8a16f03a5c354f96,5679,2026-09-05T09:45:21+00:00
608280cb0da64656,5680,2026-09-05T09:45:21+00:00
ed1f5fd5a2964ea4,5681,2026-09-05T09:45:21+00:00
fc78b59b86bc4524,5682,2026-09-05T09:45:21+00:00
14e07da354e94d3c,5683,2026-09-05T09:45:21+00:00
92c5dc26ebf044ec,5684,2026-09-05T09:45:21+00:00
513560e2894746bb,5685,2026-09-05T09:45:21+00:00
51d29d9e8d77474b,5686,2026-09-05T09:45:21+00:00
6ee5db6ee90c4081,5687,2026-09-05T09:45:21+00:00
7db8f1c8a72648db,5688,2026-09-05T09:45:21+00:00
cba11196e94548ef,5689,2026-09-05T09:45:21+00:00
73850a013de04615,5690,2026-09-05T09:45:21+00:00
01dad44469b0435b,5691,2026-09-05T09:45:21+00:00
f40dcfe4114f4c2c,5692,2026-09-05T09:45:21+00:00
345a6db36374455d,5693,2026-09-05T09:45:21+00:00
fc8153eaa51648e2,5694,2026-09-05T09:45:21+00:00
7bb879205fdf44b2,5695,2026-09-05T09:45:21+00:00
f951d58dbd0b4bbb,5696,2026-09-05T09:45:21+00:00
0eb46e9c470f4f2c,5697,2026-09-05T09:45:21+00:00
edc17d44baa44a48,5698,2026-09-05T09:45:21+00:00
739e422ddc9740ec,5699,2026-09-05T09:45:21+00:00
9dabb74be5f24e09,5700,2026-09-05T09:45:21+00:00
08ce6f1e84e4495d,5701,2026-09-05T09:45:21+00:00
791601dd46e140b0,5702,2026-09-05T09:45:21+00:00
e89d7fb770d846bd,5703,2026-09-05T09:45:21+00:00
d30fcb08a6be4af4,5704,2026-09-05T09:45:21+00:00
7aeda792196c4bef,5705,2026-09-05T09:45:21+00:00
26dea3d620014172,5706,2026-09-05T09:45:21+00:00
a99fc009b88243aa,5707,2026-09-05T09:45:21+00:00
cbbec1e7b8e442a1,5708,2026-09-05T09:45:21+00:00
fd3d93d7854b47d1,5709,2026-09-05T09:45:21+00:00
61b0475442cf4a79,5710,2026-09-05T09:45:21+00:00
694d91f9e8d647f0,5711,2026-09-05T09:45:21+00:00
9b0793fa1dcf410a,5712,2026-09-05T09:45:21+00:00
de07ed44dd9e4a99,5713,2026-09-05T09:45:21+00:00
102590037e0f4911,5714,2026-09-05T09:45:21+00:00
2bd86b89e44c4e76,5715,2026-09-05T09:45:21+00:00
53ac691972614186,5716,2026-09-05T09:45:21+00:00
321fddb8e6d24568,5717,2026-09-05T09:45:21+00:00
b2c6c4ee590044ee,5718,2026-09-05T09:45:21+00:00
10447123c5984f14,5719,2026-09-05T09:45:21+00:00
9164e9841e334249,5720,2026-09-05T09:45:21+00:00
ce53b6c7a4324ead,5721,2026-09-05T09:45:21+00:00
79b9b3c678ef4521,5722,2026-09-05T09:45:21+00:00
c0b35451d08a4654,5723,2026-09-05T09:45:21+00:00
dc74247028fc40e9,5724,2026-09-05T09:45:21+00:00
0e6649fc55344b8f,5725,2026-09-05T09:45:21+00:00
c8d70a6ffcba4c59,5726,2026-09-05T09:45:21+00:00
2ff29e7bb6d34514,5727,2026-09-05T09:45:21+00:00
9f82b169867d4910,5728,2026-09-05T09:45:21+00:00
379f6bdcfab14d67,5729,2026-09-05T09:45:21+00:00
6eb3e42a5fed48f8,5730,2026-09-05T09:45:21+00:00
50f0fbad55f14998,5731,2026-09-05T09:45:21+00:00
3261bd48e7ad4b48,5732,2026-09-05T09:45:21+00:00
6b06b93ef30d44a3,5733,2026-09-05T09:45:21+00:00
4056e68844f14835,5734,2026-09-05T09:45:21+00:00
3714a9aa28f5446f,5735,2026-09-05T09:45:21+00:00
023c9be3c82e465a,5736,2026-09-05T09:45:21+00:00
72f3ba09a5cc4136,5737,2026-09-05T09:45:21+00:00
26cc7feda8124946,5738,2026-09-05T09:45:21+00:00
92c11305701046f3,5739,2026-09-05T09:45:21+00:00
33fe0e1858e34228,5740,2026-09-05T09:45:21+00:00
58f834f751634231,5741,2026-09-05T09:45:21+00:00
6ee7d0734a7d485b,5742,2026-09-05T09:45:21+00:00
ed3234a7c65e4922,5743,2026-09-05T09:45:21+00:00
42c93c843be44464,5744,2026-09-05T09:45:21+00:00
949cecc4eb904dab,5745,2026-09-05T09:45:21+00:00
15fe1167e04e499f,5746,2026-09-05T09:45:21+00:00
3013b737dff74090,5747,2026-09-05T09:45:21+00:00
3c1a9afe379b49e9,5748,2026-09-05T09:45:21+00:00
e0d3991c1e8843ad,5749,2026-09-05T09:45:21+00:00
c6d5daa9d6834365,5750,2026-09-05T09:45:21+00:00
6bda49acb8014d14,5751,2026-09-05T09:45:21+00:00
ec0dd320d38740e0,5752,2026-09-05T09:45:21+00:00
20af0c21f997485f,5753,2026-09-05T09:45:21+00:00
f81d3ffde5174649,5754,2026-09-05T09:45:21+00:00
6684cd99266f42e3,5755,2026-09-05T09:45:21+00:00
c61ef059cacb4799,5756,2026-09-05T09:45:21+00:00
d2675567fdc247c4,5757,2026-09-05T09:45:21+00:00
6f3dcb1e2c524736,5758,2026-09-05T09:45:21+00:00
cd9d729bf3574477,5759,2026-09-05T09:45:21+00:00
2576c2ad67e5497a,5760,2026-09-05T09:45:21+00:00
403cba331b1c4d39,5761,2026-09-05T09:45:21+00:00
566779a951e24593,5762,2026-09-05T09:45:21+00:00
2e150d14cdfa49e7,5763,2026-09-05T09:45:21+00:00
6cddbabd3f714360,5764,2026-09-05T09:45:21+00:00
46f31d8ebaa1490c,5765,2026-09-05T09:45:21+00:00
1acf5d7399494402,5766,2026-09-05T09:45:21+00:00
fb719d2435f24116,5767,2026-09-05T09:45:21+00:00
0a2064344d2e4b5c,5768,2026-09-05T09:45:21+00:00
c5faaa1e6d6a4e97,5769,2026-09-05T09:45:21+00:00
242056e724de4e7b,5770,2026-09-05T09:45:21+00:00
77c94c71fc01429b,5771,2026-09-05T09:45:21+00:00
d2cd0ec36a2e4522,5772,2026-09-05T09:45:21+00:00
44919753368c4478,5773,2026-09-05T09:45:21+00:00
c543a8a80721474d,5774,2026-09-05T09:45:21+00:00
72114e76c56a4ef0,5775,2026-09-05T09:45:21+00:00
799e063bcd3e44dc,5776,2026-09-05T09:45:21+00:00
bb9bdd2f046145fb,5777,2026-09-05T09:45:21+00:00
009d8902bcdb44d8,5778,2026-09-05T09:45:21+00:00
c140981adcca402c,5779,2026-09-05T09:45:21+00:00
db35b86bc7c04895,5780,2026-09-05T09:45:21+00:00
4898ecf1cd8843e5,5781,2026-09-05T09:45:21+00:00
fd4d0da257524617,5782,2026-09-05T09:45:21+00:00
8cf81c776c6c4c72,5783,2026-09-05T09:45:21+00:00
c6a0b04c7f464ef7,5784,2026-09-05T09:45:21+00:00
094d8c8d88e54321,5785,2026-09-05T09:45:21+00:00
cb09852253bd4622,5786,2026-09-05T09:45:21+00:00
73add150e16c4f46,5787,2026-09-05T09:45:21+00:00
462624d2ffdd4e5c,5788,2026-09-05T09:45:21+00:00
df9d9a5ab0ac4c70,5789,2026-09-05T09:45:21+00:00
b8a4581ca0e14fb2,5790,2026-09-05T09:45:21+00:00
942e87fdc3c94f24,5791,2026-09-05T09:45:21+00:00
b29354da2f0645a9,5792,2026-09-05T09:45:21+00:00
8da756270f394ebc,5793,2026-09-05T09:45:21+00:00
88424f6faa264450,5794,2026-09-05T09:45:21+00:00
f82d55239b574025,5795,2026-09-05T09:45:21+00:00
a6a1e7c3cde348b8,5796,2026-09-05T09:45:21+00:00
076b2fdbff1849c6,5797,2026-09-05T09:45:21+00:00
b0f4e23591084551,5798,2026-09-05T09:45:21+00:00
3e0bbf0cf0fc47a6,5799,2026-09-05T09:45:21+00:00
48c9fdf06e024b34,5800,2026-09-05T09:45:21+00:00
479ff8d2e2fe4565,5801,2026-09-05T09:45:21+00:00
7e43b550e0a04c15,5802,2026-09-05T09:45:21+00:00
f0e02ac74fdc4389,5803,2026-09-05T09:45:21+00:00
11432ff1eca34032,5804,2026-09-05T09:45:21+00:00
a4e6427cdc0b4218,5805,2026-09-05T09:45:21+00:00
7156556f156d460b,5806,2026-09-05T09:45:21+00:00
da7da47187154b98,5807,2026-09-05T09:45:21+00:00
f04a2ea7bb28464f,5808,2026-09-05T09:45:21+00:00
10799b87347e49b1,5809,2026-09-05T09:45:21+00:00
b21d5d990c9e4253,5810,2026-09-05T09:45:21+00:00
38023b2d7cd649cb,5811,2026-09-05T09:45:21+00:00
4ce8b8b96eb64514,5812,2026-09-05T09:45:21+00:00
581e580e48f54805,5813,2026-09-05T09:45:21+00:00
7ebec72f33874551,5814,2026-09-05T09:45:21+00:00
09d4b84896a94f21,5815,2026-09-05T09:45:21+00:00
492fa468e9634715,5816,2026-09-05T09:45:21+00:00
061387cede5b4f64,5817,2026-09-05T09:45:21+00:00
034e627d3c00469a,5818,2026-09-05T09:45:21+00:00
1bf99e4998944e34,5819,2026-09-05T09:45:21+00:00
797170ca325f4345,5820,2026-09-05T09:45:21+00:00
0eabec6a48ba495e,5821,2026-09-05T09:45:21+00:00
10951013b6c7406f,5822,2026-09-05T09:45:21+00:00
740d2244d50c4ec3,5823,2026-09-05T09:45:21+00:00
e7627691af5a44de,5824,2026-09-05T09:45:21+00:00
52b18d82c4584d76,5825,2026-09-05T09:45:21+00:00
bc231a5f0414421b,5826,2026-09-05T09:45:21+00:00
eb3799bb5fec41e6,5827,2026-09-05T09:45:21+00:00
64e378ceba9a43b0,5828,2026-09-05T09:45:21+00:00
678c1cd3e2dd4309,5829,2026-09-05T09:45:21+00:00
3007f85340d74547,5830,2026-09-05T09:45:21+00:00
76dc6afc2de94c52,5831,2026-09-05T09:45:21+00:00
79fe7f52baba4d87,5832,2026-09-05T09:45:21+00:00
4bb45b146cd3420f,5833,2026-09-05T09:45:21+00:00
1e4256352c75435a,5834,2026-09-05T09:45:21+00:00
80738d9dd6a8463d,5835,2026-09-05T09:45:21+00:00
e6bf7634035748da,5836,2026-09-05T09:45:21+00:00
c05a5c7e18344152,5837,2026-09-05T09:45:21+00:00
cbb3aa13a2f14e83,5838,2026-09-05T09:45:21+00:00
c141a05833f948da,5839,2026-09-05T09:45:21+00:00
6a492ec4d55d4855,5840,2026-09-05T09:45:21+00:00
6556b97607be4af1,5841,2026-09-05T09:45:21+00:00
0f3b0c7c39a54cef,5842,2026-09-05T09:45:21+00:00
1c439dd75cd6452e,5843,2026-09-05T09:45:21+00:00
e59e8e86cc3a44bc,5844,2026-09-05T09:45:21+00:00
3e992e7ff2784f1c,5845,2026-09-05T09:45:21+00:00
e26bcbaf63474861,5846,2026-09-05T09:45:21+00:00
13121df396974d40,5847,2026-09-05T09:45:21+00:00
73b61ce792ef42ab,5848,2026-09-05T09:45:21+00:00
e752312d50684ebb,5849,2026-09-05T09:45:21+00:00
51831c604d1f4f18,5850,2026-09-05T09:45:21+00:00
a10b419245b44283,5851,2026-09-05T09:45:21+00:00
d4319c20690e4a56,5852,2026-09-05T09:45:21+00:00
d15eac8d47be4f79,5853,2026-09-05T09:45:21+00:00
05844123699b460d,5854,2026-09-05T09:45:21+00:00
7c8b19d17e744dcd,5855,2026-09-05T09:45:21+00:00
38fa980428404308,5856,2026-09-05T09:45:21+00:00
008c6f1a6765432e,5857,2026-09-05T09:45:21+00:00
47103ce9a3e645ab,5858,2026-09-05T09:45:21+00:00
b3e84983e748488c,5859,2026-09-05T09:45:21+00:00
ace4365e55744feb,5860,2026-09-05T09:45:21+00:00
d72e204280a14d9f,5861,2026-09-05T09:45:21+00:00
8d29129fa95c4b15,5862,2026-09-05T09:45:21+00:00
0b661c47e3d34cd9,5863,2026-09-05T09:45:21+00:00
399e12be31ee4e0d,5864,2026-09-05T09:45:21+00:00
e042970086b34a4a,5865,2026-09-05T09:45:21+00:00
0e1b45e4acb44bd2,5866,2026-09-05T09:45:21+00:00
e050ec44c53a4112,5867,2026-09-05T09:45:21+00:00
2ecaa9604abd44b2,5868,2026-09-05T09:45:21+00:00
a5022656c27d4543,5869,2026-09-05T09:45:21+00:00
231a3948aa4b4768,5870,2026-09-05T09:45:21+00:00
a529e10ad4c54dfa,5871,2026-09-05T09:45:21+00:00
8d40c6bc41a74606,5872,2026-09-05T09:45:21+00:00
b4794b35dc8246ba,5873,2026-09-05T09:45:21+00:00
1f6a67e159b944e6,5874,2026-09-05T09:45:21+00:00
566164f798534bd1,5875,2026-09-05T09:45:21+00:00
bb7c7a8632264527,5876,2026-09-05T09:45:21+00:00
1d54f13b87cb45d9,5877,2026-09-05T09:45:21+00:00
10f34992233d4f6c,5878,2026-09-05T09:45:21+00:00
3a2611efc2904c84,5879,2026-09-05T09:45:21+00:00
49a1dfc499e94ede,5880,2026-09-05T09:45:21+00:00
1c8702f0472c459d,5881,2026-09-05T09:45:21+00:00
c9c007ead8a54c50,5882,2026-09-05T09:45:21+00:00
41d373a16397428d,5883,2026-09-05T09:45:21+00:00
c397dfa09bb34a57,5884,2026-09-05T09:45:21+00:00
17c8c52a6d784775,5885,2026-09-05T09:45:21+00:00
be3ae5189315461e,5886,2026-09-05T09:45:21+00:00
02990814d86146db,5887,2026-09-05T09:45:21+00:00
c0354e438d344b6a,5888,2026-09-05T09:45:21+00:00
adf69f2e2507466b,5889,2026-09-05T09:45:21+00:00
480124550cc74746,5890,2026-09-05T09:45:21+00:00
970017eef82a4054,5891,2026-09-05T09:45:21+00:00
7d1b624d93844c97,5892,2026-09-05T09:45:21+00:00
6e25a57bc1e548d3,5893,2026-09-05T09:45:21+00:00
f47d6c0d17e14e0e,5894,2026-09-05T09:45:21+00:00
b09317a2fab04900,5895,2026-09-05T09:45:21+00:00
609e0fbf165241aa,5896,2026-09-05T09:45:21+00:00
81b5871fb14e4323,5897,2026-09-05T09:45:21+00:00
18fc1cb6fc2142fa,5898,2026-09-05T09:45:21+00:00
16f32a6aa40345b6,5899,2026-09-05T09:45:21+00:00
27bcf9b2dbf94f4c,5900,2026-09-05T09:45:21+00:00
3305c24705874278,5901,2026-09-05T09:45:21+00:00
16fbfd44c13d47c7,5902,2026-09-05T09:45:21+00:00
5e079373f49644f9,5903,2026-09-05T09:45:21+00:00
1e57e5d8003b42c4,5904,2026-09-05T09:45:21+00:00
189942c8abb24b96,5905,2026-09-05T09:45:21+00:00
13b715b67229427a,5906,2026-09-05T09:45:21+00:00
9d0484918fab4481,5907,2026-09-05T09:45:21+00:00
ee0248fa724b40fb,5908,2026-09-05T09:45:21+00:00
bf8f71bce1dc4e98,5909,2026-09-05T09:45:21+00:00
cf3651558a4b4642,5910,2026-09-05T09:45:21+00:00
ecfa5a5a92944eed,5911,2026-09-05T09:45:21+00:00
4a75940f1fff406c,5912,2026-09-05T09:45:21+00:00
4acbe9c5afd4433d,5913,2026-09-05T09:45:21+00:00
0787895ee09e4f48,5914,2026-09-05T09:45:21+00:00
17fc21ce76074af3,5915,2026-09-05T09:45:21+00:00
d0e66346685f4b34,5916,2026-09-05T09:45:21+00:00
b50842870bc34d01,5917,2026-09-05T09:45:21+00:00
493c782fb3634bd3,5918,2026-09-05T09:45:21+00:00
48feef1055fc427c,5919,2026-09-05T09:45:21+00:00
630fec6ff21749ab,5920,2026-09-05T09:45:21+00:00
35c6287784344e3d,5921,2026-09-05T09:45:21+00:00
e3e40cd62eb94279,5922,2026-09-05T09:45:21+00:00
6739e789746b4e53,5923,2026-09-05T09:45:21+00:00
d08a458973a646f0,5924,2026-09-05T09:45:21+00:00
c1ea1673eda643c6,5925,2026-09-05T09:45:21+00:00
2732ace8b1314eef,5926,2026-09-05T09:45:21+00:00
4a0e2df03eff4d08,5927,2026-09-05T09:45:21+00:00
56dc1bf4478b4009,5928,2026-09-05T09:45:21+00:00
11722f1c474f45f9,5929,2026-09-05T09:45:21+00:00
7efb5f0cdbcc4eda,5930,2026-09-05T09:45:21+00:00
50c649a3fbc64359,5931,2026-09-05T09:45:21+00:00
b7805bf0597b4527,5932,2026-09-05T09:45:21+00:00
1786eaed61344cea,5933,2026-09-05T09:45:21+00:00
ed2a53223ef244ea,5934,2026-09-05T09:45:21+00:00
1f8ed2b2c5dd472e,5935,2026-09-05T09:45:21+00:00
cb602c98de294f71,5936,2026-09-05T09:45:21+00:00
bd68587950bd474e,5937,2026-09-05T09:45:21+00:00
a023cddc54014000,5938,2026-09-05T09:45:21+00:00
ab65f3d0b84b4a12,5939,2026-09-05T09:45:21+00:00
6646ec0a37754f82,5940,2026-09-05T09:45:21+00:00
c27d57c5da3940e2,5941,2026-09-05T09:45:21+00:00
1b24812ef1af4881,5942,2026-09-05T09:45:21+00:00
febbc7a7e31b4e4c,5943,2026-09-05T09:45:21+00:00
f771e8d465114f29,5944,2026-09-05T09:45:21+00:00
a084ba4edf7b443c,5945,2026-09-05T09:45:21+00:00
543e86ca37484ed1,5946,2026-09-05T09:45:21+00:00
9a558da4e2524bfb,5947,2026-09-05T09:45:21+00:00
7b770e8dfab14ef6,5948,2026-09-05T09:45:21+00:00
b2a8965a69ec4bfe,5949,2026-09-05T09:45:21+00:00
b1cdae941554445f,5950,2026-09-05T09:45:21+00:00
6d6d7b39d1ac47a1,5951,2026-09-05T09:45:21+00:00
faa6b8e34a90412a,5952,2026-09-05T09:45:21+00:00
346c25d2fef04290,5953,2026-09-05T09:45:21+00:00
06d750cde88b4b1d,5954,2026-09-05T09:45:21+00:00
0fad710de3f147a4,5955,2026-09-05T09:45:21+00:00
4423cce14dc04417,5956,2026-09-05T09:45:21+00:00
4d340530324c4df8,5957,2026-09-05T09:45:21+00:00
60563dbed89f4ab5,5958,2026-09-05T09:45:21+00:00
4289e5bd0a074ce5,5959,2026-09-05T09:45:21+00:00
0f25c98b1273410b,5960,2026-09-05T09:45:21+00:00
d4cf8a70ba254624,5961,2026-09-05T09:45:21+00:00
4698d0233c4b48c0,5962,2026-09-05T09:45:21+00:00
8221d77e025a478a,5963,2026-09-05T09:45:21+00:00
2b8b3c85a2be4241,5964,2026-09-05T09:45:21+00:00
72eece4c3cde4cd8,5965,2026-09-05T09:45:21+00:00
0ba70310f1dd4bba,5966,2026-09-05T09:45:21+00:00
105672b0ab4c4a2d,5967,2026-09-05T09:45:21+00:00
dc58f822c8284fce,5968,2026-09-05T09:45:21+00:00
47b182c8295e4c57,5969,2026-09-05T09:45:21+00:00
681b8d309adb452e,5970,2026-09-05T09:45:21+00:00
6380720c94b640e2,5971,2026-09-05T09:45:21+00:00
9d1c529f7c5b40da,5972,2026-09-05T09:45:21+00:00
6e9781c95ea74b05,5973,2026-09-05T09:45:21+00:00
a1087df1b4ca4af0,5974,2026-09-05T09:45:21+00:00
707e036e43374b9e,5975,2026-09-05T09:45:21+00:00
92a7e56dd1554eeb,5976,2026-09-05T09:45:21+00:00
ba962379b2e2413a,5977,2026-09-05T09:45:21+00:00
77bc3f0a88e84b9d,5978,2026-09-05T09:45:21+00:00
7f0508a6b924452a,5979,2026-09-05T09:45:21+00:00
bdf81e0931774213,5980,2026-09-05T09:45:21+00:00
d641239cf16f4c9d,5981,2026-09-05T09:45:21+00:00
44d889ddcdb54752,5982,2026-09-05T09:45:21+00:00
06b3144806e5456d,5983,2026-09-05T09:45:21+00:00
91ce03b1083f4e56,5984,2026-09-05T09:45:21+00:00
c230ba249c3d4339,5985,2026-09-05T09:45:21+00:00
598cb225aa2f4643,5986,2026-09-05T09:45:21+00:00
18aa5976cce14005,5987,2026-09-05T09:45:21+00:00
8b0b0f19544c4434,5988,2026-09-05T09:45:21+00:00
f1f6eb56b9cf414e,5989,2026-09-05T09:45:21+00:00
0b5232520bf04cb6,5990,2026-09-05T09:45:21+00:00
9111555d18fd4888,5991,2026-09-05T09:45:21+00:00
da6c702c448042be,5992,2026-09-05T09:45:21+00:00
f5939b709ef84466,5993,2026-09-05T09:45:21+00:00
c35869b354dd4087,5994,2026-09-05T09:45:21+00:00
b9c10a6a1bf546ad,5995,2026-09-05T09:45:21+00:00
c25d5f02e1a141ee,5996,2026-09-05T09:45:21+00:00
5ca6431941834656,5997,2026-09-05T09:45:21+00:00
5aabfe1dea51497b,5998,2026-09-05T09:45:21+00:00
22737d5abf6b4a1e,5999,2026-09-05T09:45:21+00:00
3bc512c87767400d,6000,2026-09-05T09:45:21+00:00
95e91a2809424ace,6001,2026-09-05T09:45:21+00:00
e8eea42556e2469b,6002,2026-09-05T09:45:21+00:00
0c7bd6bb2eda46ee,6003,2026-09-05T09:45:21+00:00
2e7fdf3e40834505,6004,2026-09-05T09:45:21+00:00
c7bddc8f30014a82,6005,2026-09-05T09:45:21+00:00
1d4b08498c5c47d0,6006,2026-09-05T09:45:21+00:00
37a822aeba5e419f,6007,2026-09-05T09:45:21+00:00
4e3f6b12b81145ac,6008,2026-09-05T09:45:21+00:00
a21df942e7214291,6009,2026-09-05T09:45:21+00:00
5daccdb1a35f416f,6010,2026-09-05T09:45:21+00:00
bc36814c523f41d2,6011,2026-09-05T09:45:21+00:00
55f4822a734b46ad,6012,2026-09-05T09:45:21+00:00
5b7ea8a22e48495e,6013,2026-09-05T09:45:21+00:00
9b4c1ed39feb4211,6014,2026-09-05T09:45:21+00:00
b338e34f11e04178,6015,2026-09-05T09:45:21+00:00
d2b1624d626c48fc,6016,2026-09-05T09:45:21+00:00
c408d342087e4931,6017,2026-09-05T09:45:21+00:00
ae3857151df54daa,6018,2026-09-05T09:45:21+00:00
4c545baa34ab4732,6019,2026-09-05T09:45:21+00:00
a5a83768412d4bc9,6020,2026-09-05T09:45:21+00:00
1b12834d4bdf4997,6021,2026-09-05T09:45:21+00:00
efde57081b544097,6022,2026-09-05T09:45:21+00:00
1484dc9e7e7a4b7f,6023,2026-09-05T09:45:21+00:00
d2540cd4ec6b4eb8,6024,2026-09-05T09:45:21+00:00
fd0dd40bfa364a73,6025,2026-09-05T09:45:21+00:00
2aa2e16bb0394a2c,6026,2026-09-05T09:45:21+00:00
9653d6fa431a4679,6027,2026-09-05T09:45:21+00:00
b07492dbf9d44c66,6028,2026-09-05T09:45:21+00:00
fc696ab4bcd44e7c,6029,2026-09-05T09:45:21+00:00
304d211a888940b4,6030,2026-09-05T09:45:21+00:00
bc78e1cd47864b27,6031,2026-09-05T09:45:21+00:00
614b326620604283,6032,2026-09-05T09:45:21+00:00
e145eefebb5347fa,6033,2026-09-05T09:45:21+00:00
b758356996634878,6034,2026-09-05T09:45:21+00:00
835ed9631c764ee0,6035,2026-09-05T09:45:21+00:00
a3299c0f92414e4c,6036,2026-09-05T09:45:21+00:00
d80c6a50410247b0,6037,2026-09-05T09:45:21+00:00
d0c5e513ab784b8f,6038,2026-09-05T09:45:21+00:00
2a8b24f481454a92,6039,2026-09-05T09:45:21+00:00
ac4aa39ea4704eb0,6040,2026-09-05T09:45:21+00:00
667bd1f51d314c4b,6041,2026-09-05T09:45:21+00:00
4e4b856a94174be9,6042,2026-09-05T09:45:21+00:00
51dbafa44a2c49f2,6043,2026-09-05T09:45:21+00:00
e52e4d7d7f5d48e1,6044,2026-09-05T09:45:21+00:00
478d0451ad7d4de5,6045,2026-09-05T09:45:21+00:00
846cf12d9fcc4a9c,6046,2026-09-05T09:45:21+00:00
43b5238e39b24a18,6047,2026-09-05T09:45:21+00:00
f57639eba18341b2,6048,2026-09-05T09:45:21+00:00
d5808901fc274d9c,6049,2026-09-05T09:45:21+00:00
4b8229f450ff4db7,6050,2026-09-05T09:45:21+00:00
66cf16b4dc084793,6051,2026-09-05T09:45:21+00:00
4246fe7a71b34cfa,6052,2026-09-05T09:45:21+00:00
6d60d09a132c4c46,6053,2026-09-05T09:45:21+00:00
3cc4f7134d874455,6054,2026-09-05T09:45:21+00:00
bf59181e4ce84d12,6055,2026-09-05T09:45:21+00:00
feeec82814a24229,6056,2026-09-05T09:45:21+00:00
3a5f6e5ea3c8470d,6057,2026-09-05T09:45:21+00:00
201c93ff99924d60,6058,2026-09-05T09:45:21+00:00
de8408ff4fba496d,6059,2026-09-05T09:45:21+00:00
f5af8be682da4ec1,6060,2026-09-05T09:45:21+00:00
8eebfe51126241ed,6061,2026-09-05T09:45:21+00:00
7366cbd28e5d415a,6062,2026-09-05T09:45:21+00:00
51447e73858d4c56,6063,2026-09-05T09:45:21+00:00
96cd1c0f88b246d8,6064,2026-09-05T09:45:21+00:00
9208b703fa0e4819,6065,2026-09-05T09:45:21+00:00
877ca742b55349da,6066,2026-09-05T09:45:21+00:00
a811e8efd53e4882,6067,2026-09-05T09:45:21+00:00
2e73b48f900244b6,6068,2026-09-05T09:45:21+00:00
fcb84fe660d748ed,6069,2026-09-05T09:45:21+00:00
6526c407f9ef4100,6070,2026-09-05T09:45:21+00:00
0a85717f47034c0e,6071,2026-09-05T09:45:21+00:00
3b5f785d411c461f,6072,2026-09-05T09:45:21+00:00
d8b35455293e43b2,6073,2026-09-05T09:45:21+00:00
acd0aaeab3e4423d,6074,2026-09-05T09:45:21+00:00
4b25ddb62e294fee,6075,2026-09-05T09:45:21+00:00
ef972189a8af4b68,6076,2026-09-05T09:45:21+00:00
d46e678ae2c0412b,6077,2026-09-05T09:45:21+00:00
2238c696287e4716,6078,2026-09-05T09:45:21+00:00
ba509b90835840a7,6079,2026-09-05T09:45:21+00:00
aa1bd54abb814684,6080,2026-09-05T09:45:21+00:00
754cec7909784d42,6081,2026-09-05T09:45:21+00:00
d887eec2d5f74110,6082,2026-09-05T09:45:21+00:00
daf85dcb93054d89,6083,2026-09-05T09:45:21+00:00
06a5f18e86bc4599,6084,2026-09-05T09:45:21+00:00
2201ab1e075544cf,6085,2026-09-05T09:45:21+00:00
a925e96490c146db,6086,2026-09-05T09:45:21+00:00
adcc1e5900884277,6087,2026-09-05T09:45:21+00:00
a55c2908d8b44236,6088,2026-09-05T09:45:21+00:00
c168462e651549fd,6089,2026-09-05T09:45:21+00:00
84cd5b9e9ddc4d98,6090,2026-09-05T09:45:21+00:00
4274640d8b6d4f03,6091,2026-09-05T09:45:21+00:00
990f29cefc3a416f,6092,2026-09-05T09:45:21+00:00
713bb7abff91477d,6093,2026-09-05T09:45:21+00:00
3dae7281f2634536,6094,2026-09-05T09:45:21+00:00
3c622a86a9de4e29,6095,2026-09-05T09:45:21+00:00
e9eaafdaf3ec48ed,6096,2026-09-05T09:45:21+00:00
27f189d6e8ac4592,6097,2026-09-05T09:45:21+00:00
98c379c419304d3e,6098,2026-09-05T09:45:21+00:00
3b702ca7e2484c5d,6099,2026-09-05T09:45:21+00:00
202db9bd9c0943a4,6100,2026-09-05T09:45:21+00:00
2c698480facb4609,6101,2026-09-05T09:45:21+00:00
4a5876b02ede41ba,6102,2026-09-05T09:45:21+00:00
74a02806ed634e43,6103,2026-09-05T09:45:21+00:00
614dcaf69e224405,6104,2026-09-05T09:45:21+00:00
7a35f76689324104,6105,2026-09-05T09:45:21+00:00
a786922243f74c5e,6106,2026-09-05T09:45:21+00:00
4e548e26e6c04720,6107,2026-09-05T09:45:21+00:00
1fccd2d0e6184cc0,6108,2026-09-05T09:45:21+00:00
66cfa66447bf485a,6109,2026-09-05T09:45:21+00:00
75f09bb658a342f6,6110,2026-09-05T09:45:21+00:00
77b69ce4389f469f,6111,2026-09-05T09:45:21+00:00
8a6da882347f4d6a,6112,2026-09-05T09:45:21+00:00
eac2b69910cf4bbf,6113,2026-09-05T09:45:21+00:00
b93a4f14546e4db3,6114,2026-09-05T09:45:21+00:00
85ddc3b007f4428b,6115,2026-09-05T09:45:21+00:00
067f85ae68744881,6116,2026-09-05T09:45:21+00:00
71b99b357cb14103,6117,2026-09-05T09:45:21+00:00
84949add453643d1,6118,2026-09-05T09:45:21+00:00
ff7e17fb895a4fde,6119,2026-09-05T09:45:21+00:00
aa423ed143774693,6120,2026-09-05T09:45:21+00:00
b912026337564c59,6121,2026-09-05T09:45:21+00:00
60de4747fcb74676,6122,2026-09-05T09:45:21+00:00
6da181e106e24f9c,6123,2026-09-05T09:45:21+00:00
ebcafe61d69a48e5,6124,2026-09-05T09:45:21+00:00
e9a0bdf41d9d4a85,6125,2026-09-05T09:45:21+00:00
ce99314b2d124f79,6126,2026-09-05T09:45:21+00:00
2879749eedb246aa,6127,2026-09-05T09:45:21+00:00
9a71dbe5b0bf4e2b,6128,2026-09-05T09:45:21+00:00
98474231354147ec,6129,2026-09-05T09:45:21+00:00
93f3e17d86b644eb,6130,2026-09-05T09:45:21+00:00
4e829a024b0f44d8,6131,2026-09-05T09:45:21+00:00
d12dff6e5f4149be,6132,2026-09-05T09:45:21+00:00
f1037ecc64514afb,6133,2026-09-05T09:45:21+00:00
1803f759b2f4444c,6134,2026-09-05T09:45:21+00:00
be7f32af1c834343,6135,2026-09-05T09:45:21+00:00
3945c681e1184e6e,6136,2026-09-05T09:45:21+00:00
65a26938fcc5415c,6137,2026-09-05T09:45:21+00:00
edd34c1e0c47469b,6138,2026-09-05T09:45:21+00:00
7845ca1b9e5848e4,6139,2026-09-05T09:45:21+00:00
6bd49fa8bb5b43b7,6140,2026-09-05T09:45:21+00:00
fff77f2bbb0e4c7f,6141,2026-09-05T09:45:21+00:00
42922ce5df21472f,6142,2026-09-05T09:45:21+00:00
3f4bbb40320d4247,6143,2026-09-05T09:45:21+00:00
9c6eb6eab2414772,6144,2026-09-05T09:45:21+00:00
237ceb69a16c4f84,6145,2026-09-05T09:45:21+00:00
9da84aefcba4452d,6146,2026-09-05T09:45:21+00:00
0a0a53e00a4f4107,6147,2026-09-05T09:45:21+00:00
16178ed706a443af,6148,2026-09-05T09:45:21+00:00
303c44606d9f4634,6149,2026-09-05T09:45:21+00:00
714d4def43944709,6150,2026-09-05T09:45:21+00:00
82dd616c18e34189,6151,2026-09-05T09:45:21+00:00
3771bfd2bc7049d5,6152,2026-09-05T09:45:21+00:00
2ceeb77fa0a34553,6153,2026-09-05T09:45:21+00:00
027bddc2d654463e,6154,2026-09-05T09:45:21+00:00
1a245c67f10d4c5a,6155,2026-09-05T09:45:21+00:00
1f82492d60784b31,6156,2026-09-05T09:45:21+00:00
8bf74d0fa5d445d1,6157,2026-09-05T09:45:21+00:00
255a659b918f477f,6158,2026-09-05T09:45:21+00:00
53b1778b12574924,6159,2026-09-05T09:45:21+00:00
acd80dac353f4224,6160,2026-09-05T09:45:21+00:00
119d6bc110834566,6161,2026-09-05T09:45:21+00:00
5db1be1a29aa4b16,6162,2026-09-05T09:45:21+00:00
f348a1039b8747e3,6163,2026-09-05T09:45:21+00:00
2ff0cad56aed40d0,6164,2026-09-05T09:45:21+00:00
40c300cf6e04425d,6165,2026-09-05T09:45:21+00:00
784253dec0184d1f,6166,2026-09-05T09:45:21+00:00
e458df8178ed4e58,6167,2026-09-05T09:45:21+00:00
78e456fa752b402c,6168,2026-09-05T09:45:21+00:00
44365c1008b74e63,6169,2026-09-05T09:45:21+00:00
d25b97fbeb604e9b,6170,2026-09-05T09:45:21+00:00
f5967d26272e4419,6171,2026-09-05T09:45:21+00:00
36cbb4c89c0e4a6d,6172,2026-09-05T09:45:21+00:00
14e76d8e4a41446a,6173,2026-09-05T09:45:21+00:00
46ab34e52d7e4553,6174,2026-09-05T09:45:21+00:00
4c3bef80c2534105,6175,2026-09-05T09:45:21+00:00
7a4bba02be83412c,6176,2026-09-05T09:45:21+00:00
3ac8afbf6fa848ba,6177,2026-09-05T09:45:21+00:00
45bb8e81775f4e86,6178,2026-09-05T09:45:21+00:00
76a5f669df744688,6179,2026-09-05T09:45:21+00:00
6e990dba39c945e5,6180,2026-09-05T09:45:21+00:00
0aa69ab91cbf44bd,6181,2026-09-05T09:45:21+00:00
dd47d328fb88496c,6182,2026-09-05T09:45:21+00:00
a9c9918e22ee49ce,6183,2026-09-05T09:45:21+00:00
902a7042141c42b5,6184,2026-09-05T09:45:21+00:00
d933d71b76cc4cdf,6185,2026-09-05T09:45:21+00:00
b7a56431a24048c5,6186,2026-09-05T09:45:21+00:00
fb00723c4e83433a,6187,2026-09-05T09:45:21+00:00
2a1ab34c29244658,6188,2026-09-05T09:45:21+00:00
9666ff6fcc49461c,6189,2026-09-05T09:45:21+00:00
3c58c49d54744fd5,6190,2026-09-05T09:45:21+00:00
4ef568b3cb3243a6,6191,2026-09-05T09:45:21+00:00
428b133124ff4f7b,6192,2026-09-05T09:45:21+00:00
fe2377c2f27b4b11,6193,2026-09-05T09:45:21+00:00
65b82394be07427d,6194,2026-09-05T09:45:21+00:00
b2e06e9eacdb4c09,6195,2026-09-05T09:45:21+00:00
621ed6e87e374e62,6196,2026-09-05T09:45:21+00:00
c8236053774747ee,6197,2026-09-05T09:45:21+00:00
9724266497e646a9,6198,2026-09-05T09:45:21+00:00
278a3269f9fa4d27,6199,2026-09-05T09:45:21+00:00
e7954b2a6fd74d98,6200,2026-09-05T09:45:21+00:00
9e0a17830e76474f,6201,2026-09-05T09:45:21+00:00
4da39d647ef446da,6202,2026-09-05T09:45:21+00:00
0743cd2cc5634639,6203,2026-09-05T09:45:21+00:00
2f371f02be204135,6204,2026-09-05T09:45:21+00:00
f64ba8f06093465c,6205,2026-09-05T09:45:21+00:00
17228d1bb3714d23,6206,2026-09-05T09:45:21+00:00
bf65edb7856446c2,6207,2026-09-05T09:45:21+00:00
da0a9d949f2248e8,6208,2026-09-05T09:45:21+00:00
f49b73cd740649b5,6209,2026-09-05T09:45:21+00:00
12a4dbbf817746ef,6210,2026-09-05T09:45:21+00:00
ffeb8590448a4731,6211,2026-09-05T09:45:21+00:00
cbfce4ac5698433b,6212,2026-09-05T09:45:21+00:00
cc70ee439ad74030,6213,2026-09-05T09:45:21+00:00
67df87752a634192,6214,2026-09-05T09:45:21+00:00
2ef6b9137fee438c,6215,2026-09-05T09:45:21+00:00
5af9ad64ca2e4e46,6216,2026-09-05T09:45:21+00:00
68da1283b4814106,6217,2026-09-05T09:45:21+00:00
7265d9c4e168470e,6218,2026-09-05T09:45:21+00:00
405e374422794041,6219,2026-09-05T09:45:21+00:00
bd8cedf7f0f24554,6220,2026-09-05T09:45:21+00:00
a3ee327427ff415f,6221,2026-09-05T09:45:21+00:00
5b867a24d12b4cca,6222,2026-09-05T09:45:21+00:00
6a43a191ba494e20,6223,2026-09-05T09:45:21+00:00
e4aa37ea5ad042a7,6224,2026-09-05T09:45:21+00:00
83009a286f034410,6225,2026-09-05T09:45:21+00:00
30487cdda653464d,6226,2026-09-05T09:45:21+00:00
8e03be69660c4d9c,6227,2026-09-05T09:45:21+00:00
3cc3142203e74776,6228,2026-09-05T09:45:21+00:00
22a22a891b964ccd,6229,2026-09-05T09:45:21+00:00
dc497745b47a440c,6230,2026-09-05T09:45:21+00:00
17fe9734df1a4134,6231,2026-09-05T09:45:21+00:00
f6ad6bfa64a74699,6232,2026-09-05T09:45:21+00:00
78616f6988bb4fb0,6233,2026-09-05T09:45:21+00:00
ff2794d673a84127,6234,2026-09-05T09:45:21+00:00
4fb131098d714e62,6235,2026-09-05T09:45:21+00:00
1f3281eecf27470d,6236,2026-09-05T09:45:21+00:00
249d5da2450b4deb,6237,2026-09-05T09:45:21+00:00
acbf30ba7df74e82,6238,2026-09-05T09:45:21+00:00
982235ab38c84975,6239,2026-09-05T09:45:21+00:00
ab763a9bda5f416d,6240,2026-09-05T09:45:21+00:00
51387995e97c47f7,6241,2026-09-05T09:45:21+00:00
cf94f0fa68b847ef,6242,2026-09-05T09:45:21+00:00
a81cfa1233fa41fb,6243,2026-09-05T09:45:21+00:00
b3e8bb2a172049b0,6244,2026-09-05T09:45:21+00:00
d70644e8bfc44173,6245,2026-09-05T09:45:21+00:00
88031ea7a5634772,6246,2026-09-05T09:45:21+00:00
44020905276e4611,6247,2026-09-05T09:45:21+00:00
99fe6523866a4cde,6248,2026-09-05T09:45:21+00:00
086846a90b6c4156,6249,2026-09-05T09:45:21+00:00
bb02095268de48c6,6250,2026-09-05T09:45:21+00:00
af46ef7b132a45c7,6251,2026-09-05T09:45:21+00:00
315eb9e8bc604ada,6252,2026-09-05T09:45:21+00:00
9de97bfb0c97442a,6253,2026-09-05T09:45:21+00:00
028ad077553e46dc,6254,2026-09-05T09:45:21+00:00
237a5a8f66074eb8,6255,2026-09-05T09:45:21+00:00
2c686adbbbcb49f1,6256,2026-09-05T09:45:21+00:00
077acfdc72b24a00,6257,2026-09-05T09:45:21+00:00
bc7f8248961643eb,6258,2026-09-05T09:45:21+00:00
0d078b7acece479d,6259,2026-09-05T09:45:21+00:00
b492b85018ca40f6,6260,2026-09-05T09:45:21+00:00
ee8c9219e8fc44ad,6261,2026-09-05T09:45:21+00:00
442c14825a2546dd,6262,2026-09-05T09:45:21+00:00
b56b9c16c8aa435e,6263,2026-09-05T09:45:21+00:00
44a9e3ff8d664308,6264,2026-09-05T09:45:21+00:00
82ec5ad0b5054f26,6265,2026-09-05T09:45:21+00:00
e34eb413256f475d,6266,2026-09-05T09:45:21+00:00
cc2c4b8dd4b8411f,6267,2026-09-05T09:45:21+00:00
d24c4e90bf7646a3,6268,2026-09-05T09:45:21+00:00
e58a7093f8b04360,6269,2026-09-05T09:45:21+00:00
fd6d5bc52aba4205,6270,2026-09-05T09:45:21+00:00
2b985a1491b54cc3,6271,2026-09-05T09:45:21+00:00
828c88c9515a4006,6272,2026-09-05T09:45:21+00:00
a7b3e1cdcd414d83,6273,2026-09-05T09:45:21+00:00
242b33d3ed6247cb,6274,2026-09-05T09:45:21+00:00
7f5221fc888f4abe,6275,2026-09-05T09:45:21+00:00
c1f15c6a236a4251,6276,2026-09-05T09:45:21+00:00
76b6fbc1a42c40d8,6277,2026-09-05T09:45:21+00:00
bd5659b6c0074d79,6278,2026-09-05T09:45:21+00:00
6f4a9b00b0ee4c6c,6279,2026-09-05T09:45:21+00:00
ab2bd238e4e14a99,6280,2026-09-05T09:45:21+00:00
b5cadfb33da343b2,6281,2026-09-05T09:45:21+00:00
117c56023ed94355,6282,2026-09-05T09:45:21+00:00
ba8e22cd059f4207,6283,2026-09-05T09:45:21+00:00
f6297ec4787f4ffc,6284,2026-09-05T09:45:21+00:00
993d552a8087461e,6285,2026-09-05T09:45:21+00:00
89631eed8c9644a6,6286,2026-09-05T09:45:21+00:00
a572ceaa8cdf42e9,6287,2026-09-05T09:45:21+00:00
a6a9ab6323744c45,6288,2026-09-05T09:45:21+00:00
6a876868c5cb4150,6289,2026-09-05T09:45:21+00:00
f9182f47cfd149ca,6290,2026-09-05T09:45:21+00:00
71a9ebeb8fca4bf0,6291,2026-09-05T09:45:21+00:00
a4d4943686e04521,6292,2026-09-05T09:45:21+00:00
99e1e3a2c6eb4e2b,6293,2026-09-05T09:45:21+00:00
a491f9546c15449b,6294,2026-09-05T09:45:21+00:00
4aaa17bfedfd474e,6295,2026-09-05T09:45:21+00:00
49a11db2e42d4a9b,6296,2026-09-05T09:45:21+00:00
95ae9a03c3ec474e,6297,2026-09-05T09:45:21+00:00
131e01bacda9480f,6298,2026-09-05T09:45:21+00:00
9ad694427946493b,6299,2026-09-05T09:45:21+00:00
95d355dc90194621,6300,2026-09-05T09:45:21+00:00
34877435886944b0,6301,2026-09-05T09:45:21+00:00
e9d3c2b6e7cb4861,6302,2026-09-05T09:45:21+00:00
34875a6f4b574115,6303,2026-09-05T09:45:21+00:00
8ae3a7d38a8c4e1a,6304,2026-09-05T09:45:21+00:00
12901d5f92b84b86,6305,2026-09-05T09:45:21+00:00
1e14e8b6e8f54627,6306,2026-09-05T09:45:21+00:00
03bee967a8334253,6307,2026-09-05T09:45:21+00:00
aa002563dbeb4b4c,6308,2026-09-05T09:45:21+00:00
87816347ad304153,6309,2026-09-05T09:45:21+00:00
18cf07964b85430f,6310,2026-09-05T09:45:21+00:00
81b26cf1a3894447,6311,2026-09-05T09:45:21+00:00
abe711cb7bd445ab,6312,2026-09-05T09:45:21+00:00
15445c5b31de49a2,6313,2026-09-05T09:45:21+00:00
18b1af1cf3614704,6314,2026-09-05T09:45:21+00:00
73604865952e49d7,6315,2026-09-05T09:45:21+00:00
5fe507bd0cf842bf,6316,2026-09-05T09:45:21+00:00
0c2f3be11b524818,6317,2026-09-05T09:45:21+00:00
55a7cc02aad0411d,6318,2026-09-05T09:45:21+00:00
4a0179cb8a664736,6319,2026-09-05T09:45:21+00:00
20435f69a766426e,6320,2026-09-05T09:45:21+00:00
1144d20043824cd8,6321,2026-09-05T09:45:21+00:00
aec251985544479a,6322,2026-09-05T09:45:21+00:00
441fb01e6996426b,6323,2026-09-05T09:45:21+00:00
f486b511169745ba,6324,2026-09-05T09:45:21+00:00
3ef0632bc85e4c33,6325,2026-09-05T09:45:21+00:00
c8a91c8dc5364c23,6326,2026-09-05T09:45:21+00:00
b871d27c26724de3,6327,2026-09-05T09:45:21+00:00
fce251b18cc148fe,6328,2026-09-05T09:45:21+00:00
3f16b6ed23c14ef0,6329,2026-09-05T09:45:21+00:00
192d1109d683480f,6330,2026-09-05T09:45:21+00:00
31612f31844544cb,6331,2026-09-05T09:45:21+00:00
afba1c24d8c64551,6332,2026-09-05T09:45:21+00:00
c6fdb7a9c1964392,6333,2026-09-05T09:45:21+00:00
a5a89ff2db8c4239,6334,2026-09-05T09:45:21+00:00
76a2a6ca0f2448e1,6335,2026-09-05T09:45:21+00:00
2d04b515c03345ef,6336,2026-09-05T09:45:21+00:00
669820c82c85428c,6337,2026-09-05T09:45:21+00:00
871504c03cd64aa4,6338,2026-09-05T09:45:21+00:00
95ce7afa3880425e,6339,2026-09-05T09:45:21+00:00
83a96e026b274316,6340,2026-09-05T09:45:21+00:00
91e5529fdb25468c,6341,2026-09-05T09:45:21+00:00
bbed0a0c06654a45,6342,2026-09-05T09:45:21+00:00
3893ad7acbd54c51,6343,2026-09-05T09:45:21+00:00
de02a17e26974d2a,6344,2026-09-05T09:45:21+00:00
1248b1c962074cd0,6345,2026-09-05T09:45:21+00:00
08ff7e3a277e418c,6346,2026-09-05T09:45:21+00:00
2645c2ca53eb4d6d,6347,2026-09-05T09:45:21+00:00
46da39bb8b5347b4,6348,2026-09-05T09:45:21+00:00
ce6766bf997c4485,6349,2026-09-05T09:45:21+00:00
ed133061f2bf451f,6350,2026-09-05T09:45:21+00:00
a4aabae2e7924281,6351,2026-09-05T09:45:21+00:00
a1a6e0f8dc214b44,6352,2026-09-05T09:45:21+00:00
aa6d393e33cd4693,6353,2026-09-05T09:45:21+00:00
a1172aa9e82946b2,6354,2026-09-05T09:45:21+00:00
08e828b8fee94fb1,6355,2026-09-05T09:45:21+00:00
6ef3502c54754b3e,6356,2026-09-05T09:45:21+00:00
a20869a813264eaf,6357,2026-09-05T09:45:21+00:00
178add7288e14bbb,6358,2026-09-05T09:45:21+00:00
1d477d459d2d4563,6359,2026-09-05T09:45:21+00:00
08acd61f827c4d5d,6360,2026-09-05T09:45:21+00:00
44f3458e8acb4689,6361,2026-09-05T09:45:21+00:00
f2238f90ee36439e,6362,2026-09-05T09:45:21+00:00
4fc21ca9e5b7422a,6363,2026-09-05T09:45:21+00:00
ee2d60ba14fa4d27,6364,2026-09-05T09:45:21+00:00
93e940613e9542f4,6365,2026-09-05T09:45:21+00:00
9ad5935cfffd4477,6366,2026-09-05T09:45:21+00:00
a76c3c6934b84191,6367,2026-09-05T09:45:21+00:00
da1c603a95ed475a,6368,2026-09-05T09:45:21+00:00
c93449661b20457a,6369,2026-09-05T09:45:21+00:00
e3becf5b59734e3e,6370,2026-09-05T09:45:21+00:00
0695069c8ad84776,6371,2026-09-05T09:45:21+00:00
8d900e32d8db4849,6372,2026-09-05T09:45:21+00:00
617c7026c8624ef9,6373,2026-09-05T09:45:21+00:00
855b32f2dab54f16,6374,2026-09-05T09:45:21+00:00
e1da991a0d764cc8,6375,2026-09-05T09:45:21+00:00
e17f263763b74ab4,6376,2026-09-05T09:45:21+00:00
03c4c5235379413e,6377,2026-09-05T09:45:21+00:00
9e548ceb24b147db,6378,2026-09-05T09:45:21+00:00
abb06ee5d4f04985,6379,2026-09-05T09:45:21+00:00
4ca62c1445204638,6380,2026-09-05T09:45:21+00:00
d283992705424edb,6381,2026-09-05T09:45:21+00:00
abde5797268149b4,6382,2026-09-05T09:45:21+00:00
0df7388347a94931,6383,2026-09-05T09:45:21+00:00
7937a84afaf64125,6384,2026-09-05T09:45:21+00:00
169c844adcb84669,6385,2026-09-05T09:45:21+00:00
d7839180498844e0,6386,2026-09-05T09:45:21+00:00
5f82a9ffd8c1433d,6387,2026-09-05T09:45:21+00:00
83e1129a8d7f4844,6388,2026-09-05T09:45:21+00:00
dc4274a0b8ab4b33,6389,2026-09-05T09:45:21+00:00
fd477e3522744136,6390,2026-09-05T09:45:21+00:00
5229e25402614c87,6391,2026-09-05T09:45:21+00:00
dee490845f574ef2,6392,2026-09-05T09:45:21+00:00
5544363e65a5426c,6393,2026-09-05T09:45:21+00:00
3f9f046d944b4543,6394,2026-09-05T09:45:21+00:00
ff4815974605427b,6395,2026-09-05T09:45:21+00:00
7c9a7dfd335e4ef9,6396,2026-09-05T09:45:21+00:00
2d2a54849ced4962,6397,2026-09-05T09:45:21+00:00
9c3d74fc6c6a4b47,6398,2026-09-05T09:45:21+00:00
45ce63caba2d45ba,6399,2026-09-05T09:45:21+00:00
c3a9fb5228b84ff5,6400,2026-09-05T09:45:21+00:00
24096e9371824e05,6401,2026-09-05T09:45:21+00:00
f6340b2d85144a33,6402,2026-09-05T09:45:21+00:00
5339bce0010c4c0c,6403,2026-09-05T09:45:21+00:00
928ad7ee6bd34888,6404,2026-09-05T09:45:21+00:00
02a82088fea24707,6405,2026-09-05T09:45:21+00:00
812993e9a9c44b31,6406,2026-09-05T09:45:21+00:00
22e49f9b68354574,6407,2026-09-05T09:45:21+00:00
628c1df6e74943a7,6408,2026-09-05T09:45:21+00:00
ac29d361ac374264,6409,2026-09-05T09:45:21+00:00
bb2d27dfda074864,6410,2026-09-05T09:45:21+00:00
5d9d9aa8c8874185,6411,2026-09-05T09:45:21+00:00
127fad293c8b49f0,6412,2026-09-05T09:45:21+00:00
dd8573ebf07344b5,6413,2026-09-05T09:45:21+00:00
fc1fbdff361c402b,6414,2026-09-05T09:45:21+00:00
83ffd7e95bdc407f,6415,2026-09-05T09:45:21+00:00
6c18f6842d834016,6416,2026-09-05T09:45:21+00:00
7c91fb6bf7ac4e73,6417,2026-09-05T09:45:21+00:00
cced9cedf26a4621,6418,2026-09-05T09:45:21+00:00
8aa849b7c8234134,6419,2026-09-05T09:45:21+00:00
530a0892eb8c4a2d,6420,2026-09-05T09:45:21+00:00
1c462310278246a8,6421,2026-09-05T09:45:21+00:00
46fd9a059efa4030,6422,2026-09-05T09:45:21+00:00
6f02bbb0692c4f5f,6423,2026-09-05T09:45:21+00:00
e5f25ddbd2cf45c2,6424,2026-09-05T09:45:21+00:00
8cf20fbfde93439c,6425,2026-09-05T09:45:21+00:00
587af229b3c54bfa,6426,2026-09-05T09:45:21+00:00
668caf186dcf4ec4,6427,2026-09-05T09:45:21+00:00
fb2f2bc5d71e4f0e,6428,2026-09-05T09:45:21+00:00
ba624246d2e94825,6429,2026-09-05T09:45:21+00:00
ad505855b6d04905,6430,2026-09-05T09:45:21+00:00
c061fa30104a4dac,6431,2026-09-05T09:45:21+00:00
1e40175fb9f843b0,6432,2026-09-05T09:45:21+00:00
9f54d2ac07c64983,6433,2026-09-05T09:45:21+00:00
6fa94008de764041,6434,2026-09-05T09:45:21+00:00
71631b061a2e4842,6435,2026-09-05T09:45:21+00:00
055b9e33c0b14b29,6436,2026-09-05T09:45:21+00:00
cf5fb61693004894,6437,2026-09-05T09:45:21+00:00
2d1779efa589431e,6438,2026-09-05T09:45:21+00:00
bb60afcfe46942d7,6439,2026-09-05T09:45:21+00:00
4ca7189b19ef4019,6440,2026-09-05T09:45:21+00:00
20f1936534064cf1,6441,2026-09-05T09:45:21+00:00
ad291f3e65054a1a,6442,2026-09-05T09:45:21+00:00
4709c88e2d404d8d,6443,2026-09-05T09:45:21+00:00
48bba49e3faf4422,6444,2026-09-05T09:45:21+00:00
7651c61d59bf4af3,6445,2026-09-05T09:45:21+00:00
cdd7bd0f04d1432d,6446,2026-09-05T09:45:21+00:00
f00dc33919164025,6447,2026-09-05T09:45:21+00:00
0ed969c13e004309,6448,2026-09-05T09:45:21+00:00
d231e401012d41dd,6449,2026-09-05T09:45:21+00:00
b1f8fff7f1634ef4,6450,2026-09-05T09:45:21+00:00
377a5914fb1b4aa6,6451,2026-09-05T09:45:21+00:00
36dfebe4ccda48c7,6452,2026-09-05T09:45:21+00:00
120c1b311b744d39,6453,2026-09-05T09:45:21+00:00
0e43eea4f4394b07,6454,2026-09-05T09:45:21+00:00
5243f24a1dec4350,6455,2026-09-05T09:45:21+00:00
e79ee015634f4ff6,6456,2026-09-05T09:45:21+00:00
5d003b9c408e4fb3,6457,2026-09-05T09:45:21+00:00
d81bf7f0287e44fa,6458,2026-09-05T09:45:21+00:00
f184bf80c1c54ce0,6459,2026-09-05T09:45:21+00:00
a527663a3b9b4e3d,6460,2026-09-05T09:45:21+00:00
31eeab52926f40ae,6461,2026-09-05T09:45:21+00:00
75602975ad784da7,6462,2026-09-05T09:45:21+00:00
4fb6af186fb74f7b,6463,2026-09-05T09:45:21+00:00
cfa986668bef4a70,6464,2026-09-05T09:45:21+00:00
01a4d2f36f4e4d6a,6465,2026-09-05T09:45:21+00:00
89d70cd672394ee8,6466,2026-09-05T09:45:21+00:00
467d2b4156214466,6467,2026-09-05T09:45:21+00:00
31c638893ab84dba,6468,2026-09-05T09:45:21+00:00
fabe623b3e4f459c,6469,2026-09-05T09:45:21+00:00
978e27e9c0a44867,6470,2026-09-05T09:45:21+00:00
8d439df0cb25456b,6471,2026-09-05T09:45:21+00:00
feda4f854c1541ec,6472,2026-09-05T09:45:21+00:00
3bb621be27454b8b,6473,2026-09-05T09:45:21+00:00
c368a3be04624447,6474,2026-09-05T09:45:21+00:00
bd6ac4663f854a40,6475,2026-09-05T09:45:21+00:00
d3cd5d7c43aa4400,6476,2026-09-05T09:45:21+00:00
1e09f6d1448c4580,6477,2026-09-05T09:45:21+00:00
92b4d05a7ee4490f,6478,2026-09-05T09:45:21+00:00
e1b27d1786904451,6479,2026-09-05T09:45:21+00:00
be7d1cfa122145d1,6480,2026-09-05T09:45:21+00:00
d963a404cf01440c,6481,2026-09-05T09:45:21+00:00
e2b4462938194b4f,6482,2026-09-05T09:45:21+00:00
97a60e3d44c04c92,6483,2026-09-05T09:45:21+00:00
872d8dbba1374f9f,6484,2026-09-05T09:45:21+00:00
28728d2e90b8499b,6485,2026-09-05T09:45:21+00:00
0e2260c0c5334055,6486,2026-09-05T09:45:21+00:00
f84fc68fad2a4de0,6487,2026-09-05T09:45:21+00:00
1ffa969a1a034abb,6488,2026-09-05T09:45:21+00:00
1437df1ff92c4660,6489,2026-09-05T09:45:21+00:00
91ce44686fa64515,6490,2026-09-05T09:45:21+00:00
468bf5a9b98e40a5,6491,2026-09-05T09:45:21+00:00
9bf8d4c0a6ec4113,6492,2026-09-05T09:45:21+00:00
92264b2068e342e5,6493,2026-09-05T09:45:21+00:00
32b128191b624777,6494,2026-09-05T09:45:21+00:00
07059c86def64713,6495,2026-09-05T09:45:21+00:00
5f9e6205e6744dc9,6496,2026-09-05T09:45:21+00:00
78cf4824edb34af4,6497,2026-09-05T09:45:21+00:00
027e6f1d5e324f86,6498,2026-09-05T09:45:21+00:00
47fce63ad33b4b57,6499,2026-09-05T09:45:21+00:00
edd36e1471424076,6500,2026-09-05T09:45:21+00:00
1e751b22dadf4715,6501,2026-09-05T09:45:21+00:00
604014b2ef97414a,6502,2026-09-05T09:45:21+00:00
38ee0dac47ad4f3e,6503,2026-09-05T09:45:21+00:00
3b7e23136c4c42c4,6504,2026-09-05T09:45:21+00:00
0ce8ca8ecf014bfc,6505,2026-09-05T09:45:21+00:00
657587fe723c4557,6506,2026-09-05T09:45:21+00:00
bf119c4fd2b24e98,6507,2026-09-05T09:45:21+00:00
18dc85bc1d1a4261,6508,2026-09-05T09:45:21+00:00
697e721cbcdb495e,6509,2026-09-05T09:45:21+00:00
df38055afbd04d95,6510,2026-09-05T09:45:21+00:00
477a36c9dd734c4e,6511,2026-09-05T09:45:21+00:00
76506c527fa54ff9,6512,2026-09-05T09:45:21+00:00
c2b06022706f4528,6513,2026-09-05T09:45:21+00:00
148d5477cbf44d3e,6514,2026-09-05T09:45:21+00:00
3ffdf8c845e54353,6515,2026-09-05T09:45:21+00:00
040f277786e04935,6516,2026-09-05T09:45:21+00:00
5833ba29cab74e17,6517,2026-09-05T09:45:21+00:00
c35443cb862042bd,6518,2026-09-05T09:45:21+00:00
16db0b8118e44900,6519,2026-09-05T09:45:21+00:00
7e67560c4ebd440d,6520,2026-09-05T09:45:21+00:00
51cc521c5fd54255,6521,2026-09-05T09:45:21+00:00
51efcd56464e4a8f,6522,2026-09-05T09:45:21+00:00
42df48248e1a4c33,6523,2026-09-05T09:45:21+00:00
b01b621ec43a4a8f,6524,2026-09-05T09:45:21+00:00
6c31562eb77e47c3,6525,2026-09-05T09:45:21+00:00
949528bd09b84bd9,6526,2026-09-05T09:45:21+00:00
b0dfc6c9f50d489a,6527,2026-09-05T09:45:21+00:00
218594fcd7794525,6528,2026-09-05T09:45:21+00:00
dbe992fda9214134,6529,2026-09-05T09:45:21+00:00
176fbc08786e4203,6530,2026-09-05T09:45:21+00:00
153cc1ee57934a54,6531,2026-09-05T09:45:21+00:00
eece2970c1b542b6,6532,2026-09-05T09:45:21+00:00
17540ceb01074df6,6533,2026-09-05T09:45:21+00:00
bebf5a5c0af64ba6,6534,2026-09-05T09:45:21+00:00
992418693b2f4911,6535,2026-09-05T09:45:21+00:00
7e53ef6ba0bc4bf7,6536,2026-09-05T09:45:21+00:00
ff9ef751c2b14188,6537,2026-09-05T09:45:21+00:00
05f45b66dd3345a1,6538,2026-09-05T09:45:21+00:00
a97326d87a7847b1,6539,2026-09-05T09:45:21+00:00
73658975bf234c23,6540,2026-09-05T09:45:21+00:00
976607f6fc704444,6541,2026-09-05T09:45:21+00:00
7c4bfbe69f444818,6542,2026-09-05T09:45:21+00:00
1f5f9f3867384e3e,6543,2026-09-05T09:45:21+00:00
e970f0d9a9444fa9,6544,2026-09-05T09:45:21+00:00
360e69ffd0ed4708,6545,2026-09-05T09:45:21+00:00
20f6a51c5a234aec,6546,2026-09-05T09:45:21+00:00
fa6d412fa1c2455b,6547,2026-09-05T09:45:21+00:00
e8987de89d174e3f,6548,2026-09-05T09:45:21+00:00
e0b3eb6904b44737,6549,2026-09-05T09:45:21+00:00
6d15026a459b46ba,6550,2026-09-05T09:45:21+00:00
2acbcbf0c9fa4b70,6551,2026-09-05T09:45:21+00:00
a90c077e81444861,6552,2026-09-05T09:45:21+00:00
015490fe182e42f3,6553,2026-09-05T09:45:21+00:00
ea5e2222526a4a94,6554,2026-09-05T09:45:21+00:00
a2f5cfce6c644564,6555,2026-09-05T09:45:21+00:00
38740cda027d4e02,6556,2026-09-05T09:45:21+00:00
8bfc302863c449e5,6557,2026-09-05T09:45:21+00:00
2665d8858f1e4061,6558,2026-09-05T09:45:21+00:00
4b08e51db44d4a3b,6559,2026-09-05T09:45:21+00:00
128c13558b054edd,6560,2026-09-05T09:45:21+00:00
8692f45bbffa420b,6561,2026-09-05T09:45:21+00:00
63f650fa64c74001,6562,2026-09-05T09:45:21+00:00
a18ba7777b914b3a,6563,2026-09-05T09:45:21+00:00
f08ea686d5914646,6564,2026-09-05T09:45:21+00:00
43a84633fd244c55,6565,2026-09-05T09:45:21+00:00
7379301345a0474b,6566,2026-09-05T09:45:21+00:00
ea9ff38225c6449c,6567,2026-09-05T09:45:21+00:00
75824191b4b24ff4,6568,2026-09-05T09:45:21+00:00
83e033957bea4bf1,6569,2026-09-05T09:45:21+00:00
80687ddc6a264f4b,6570,2026-09-05T09:45:21+00:00
9d3de878ea124305,6571,2026-09-05T09:45:21+00:00
759a3484eff54d11,6572,2026-09-05T09:45:21+00:00
75a608a0eec64c45,6573,2026-09-05T09:45:21+00:00
d7b86a4c3ca0433e,6574,2026-09-05T09:45:21+00:00
273edaf190ea4d64,6575,2026-09-05T09:45:21+00:00
98c63079c7d24d34,6576,2026-09-05T09:45:21+00:00
b2dc4fb182584432,6577,2026-09-05T09:45:21+00:00
7d573faacad0497f,6578,2026-09-05T09:45:21+00:00
ce2f63976b0b427b,6579,2026-09-05T09:45:21+00:00
a0ea30e2f9744188,6580,2026-09-05T09:45:21+00:00
4eb5a5774d0048c5,6581,2026-09-05T09:45:21+00:00
8d6ca79c07e9454d,6582,2026-09-05T09:45:21+00:00
4474441681854d22,6583,2026-09-05T09:45:21+00:00
7cfd7946d59149e3,6584,2026-09-05T09:45:21+00:00
f0cee11ac5994c40,6585,2026-09-05T09:45:21+00:00
225edd602e024b82,6586,2026-09-05T09:45:21+00:00
fc7573d2dbe7439d,6587,2026-09-05T09:45:21+00:00
9ce91629e8264dda,6588,2026-09-05T09:45:21+00:00
5ec79554e4aa4035,6589,2026-09-05T09:45:21+00:00
890e41b5ff8d46ee,6590,2026-09-05T09:45:21+00:00
a4071e1e167a4667,6591,2026-09-05T09:45:21+00:00
179c87ee8e484355,6592,2026-09-05T09:45:21+00:00
9718c99e0b084c3c,6593,2026-09-05T09:45:21+00:00
65b2281e3dfd4be7,6594,2026-09-05T09:45:21+00:00
da8af11f94ca4ded,6595,2026-09-05T09:45:21+00:00
405f946f83aa4a03,6596,2026-09-05T09:45:21+00:00
0850cbc4f1d54fd5,6597,2026-09-05T09:45:21+00:00
e3580ccc3c974bfd,6598,2026-09-05T09:45:21+00:00
4ae496f23b244ed9,6599,2026-09-05T09:45:21+00:00
d864af594e4442d2,6600,2026-09-05T09:45:21+00:00
09c08c6b80c14ffd,6601,2026-09-05T09:45:21+00:00
1731c8ea0dca4204,6602,2026-09-05T09:45:21+00:00
8f8f4c2eecdd4627,6603,2026-09-05T09:45:21+00:00
27917c25c0a94ec5,6604,2026-09-05T09:45:21+00:00
eac78c5bcd294d2f,6605,2026-09-05T09:45:21+00:00
7338fc4b1776410b,6606,2026-09-05T09:45:21+00:00
ff68fd77136b41db,6607,2026-09-05T09:45:21+00:00
504bb01a734242b0,6608,2026-09-05T09:45:21+00:00
df07ad42353e40d4,6609,2026-09-05T09:45:21+00:00
96cd457ca24b4522,6610,2026-09-05T09:45:21+00:00
557a45d6526745a9,6611,2026-09-05T09:45:21+00:00
5a9efa3e32ea444c,6612,2026-09-05T09:45:21+00:00
627dfb42f0ea4816,6613,2026-09-05T09:45:21+00:00
bdda68adb9dd44d5,6614,2026-09-05T09:45:21+00:00
d45e308ea49a4dba,6615,2026-09-05T09:45:21+00:00
4203edd61c3645cc,6616,2026-09-05T09:45:21+00:00
fe04598f13af45f9,6617,2026-09-05T09:45:21+00:00
7ecce7892dd94aa8,6618,2026-09-05T09:45:21+00:00
5802cdea53154cc5,6619,2026-09-05T09:45:21+00:00
95bfee6f016b45b9,6620,2026-09-05T09:45:21+00:00
6615e3a06aca43bd,6621,2026-09-05T09:45:21+00:00
46bf484658e049e1,6622,2026-09-05T09:45:21+00:00
6b80fa97241a4a79,6623,2026-09-05T09:45:21+00:00
04949d2373314631,6624,2026-09-05T09:45:21+00:00
10bd599114f34a04,6625,2026-09-05T09:45:21+00:00
74f7d884b8c1462a,6626,2026-09-05T09:45:21+00:00
82bf7ede2ceb48cb,6627,2026-09-05T09:45:21+00:00
1d68524316dd4338,6628,2026-09-05T09:45:21+00:00
c56195e5dd704b3e,6629,2026-09-05T09:45:21+00:00
3008975306574a15,6630,2026-09-05T09:45:21+00:00
6395bfd9333f4db9,6631,2026-09-05T09:45:21+00:00
d3a665f3f67a42d6,6632,2026-09-05T09:45:21+00:00
4f4f7656cb034a30,6633,2026-09-05T09:45:21+00:00
9005dbd4b3144bff,6634,2026-09-05T09:45:21+00:00
62623f25df044c54,6635,2026-09-05T09:45:21+00:00
3012de49dd114579,6636,2026-09-05T09:45:21+00:00
1a6d21948ac949e5,6637,2026-09-05T09:45:21+00:00
9de9e92706cd4bd2,6638,2026-09-05T09:45:21+00:00
8c8c366395e04bb6,6639,2026-09-05T09:45:21+00:00
39b12138bc184ca8,6640,2026-09-05T09:45:21+00:00
9babc9c110134b75,6641,2026-09-05T09:45:21+00:00
16e9161f674a457a,6642,2026-09-05T09:45:21+00:00
f02c052634334230,6643,2026-09-05T09:45:21+00:00
fdccb2cc283b409d,6644,2026-09-05T09:45:21+00:00
f687a50f08524be8,6645,2026-09-05T09:45:21+00:00
dbc57f88b8494ed1,6646,2026-09-05T09:45:21+00:00
69c008ae8f084010,6647,2026-09-05T09:45:21+00:00
0798fc38f10c4fdc,6648,2026-09-05T09:45:21+00:00
c5715089de5a4f22,6649,2026-09-05T09:45:21+00:00
0bf01383f6614934,6650,2026-09-05T09:45:21+00:00
150b072b42524e4d,6651,2026-09-05T09:45:21+00:00
a221dd140b5d428f,6652,2026-09-05T09:45:21+00:00
0ad83789deab4454,6653,2026-09-05T09:45:21+00:00
c22efffbd2bb43f1,6654,2026-09-05T09:45:21+00:00
17239c4a15b0462c,6655,2026-09-05T09:45:21+00:00
c0b6d767c666452f,6656,2026-09-05T09:45:21+00:00
2ab03f942fe54cfa,6657,2026-09-05T09:45:21+00:00
f1930d86110a4be9,6658,2026-09-05T09:45:21+00:00
6e72adbc8abb4058,6659,2026-09-05T09:45:21+00:00
53c65818b3c046d0,6660,2026-09-05T09:45:21+00:00
2080a0991c6d456f,6661,2026-09-05T09:45:21+00:00
a342053714b44287,6662,2026-09-05T09:45:21+00:00
6fcba61f2dba44b0,6663,2026-09-05T09:45:21+00:00
1651687dd66b464c,6664,2026-09-05T09:45:21+00:00
9f2d979a6dbf4011,6665,2026-09-05T09:45:21+00:00
557ebd1db7274977,6666,2026-09-05T09:45:21+00:00
6b01a3bea4ad43ec,6667,2026-09-05T09:45:21+00:00
6e47738f06564337,6668,2026-09-05T09:45:21+00:00
acbfe3bdea6643ea,6669,2026-09-05T09:45:21+00:00
0b8ae318629f4ce7,6670,2026-09-05T09:45:21+00:00
e9e4aecca02b4ef4,6671,2026-09-05T09:45:21+00:00
4bebf434e6cf4678,6672,2026-09-05T09:45:21+00:00
38178f15543b407f,6673,2026-09-05T09:45:21+00:00
68562d50648041bf,6674,2026-09-05T09:45:21+00:00
ac407f0250804fe7,6675,2026-09-05T09:45:21+00:00
f327c9fd06ac4124,6676,2026-09-05T09:45:21+00:00
be65b85f26ec4e0d,6677,2026-09-05T09:45:21+00:00
5d508201b29047ba,6678,2026-09-05T09:45:21+00:00
b28cb87cf8a54be4,6679,2026-09-05T09:45:21+00:00
98c8d698ed004590,6680,2026-09-05T09:45:21+00:00
49fa50494ba24e62,6681,2026-09-05T09:45:21+00:00
c002d67c3f514ca4,6682,2026-09-05T09:45:21+00:00
a9eab5e752704e8c,6683,2026-09-05T09:45:21+00:00
b7efc8bc3e424bd5,6684,2026-09-05T09:45:21+00:00
978b2ec1a1264c6d,6685,2026-09-05T09:45:21+00:00
0df9418fef584500,6686,2026-09-05T09:45:21+00:00
31e7b68c69dd4463,6687,2026-09-05T09:45:21+00:00
9b2807eeb69543c4,6688,2026-09-05T09:45:21+00:00
9dc06d6fdaef49fb,6689,2026-09-05T09:45:21+00:00
c8618454ca194b00,6690,2026-09-05T09:45:21+00:00
92412bf5c74a431e,6691,2026-09-05T09:45:21+00:00
a6c1b6c94c26467b,6692,2026-09-05T09:45:21+00:00
1569b2d277b34d64,6693,2026-09-05T09:45:21+00:00
4231b95ad0594f66,6694,2026-09-05T09:45:21+00:00
429bbfed8e544cd5,6695,2026-09-05T09:45:21+00:00
b828c3347479420b,6696,2026-09-05T09:45:21+00:00
b88e3041f2b44f0e,6697,2026-09-05T09:45:21+00:00
fa06557d27224dc3,6698,2026-09-05T09:45:21+00:00
9fa8b3275c264b0b,6699,2026-09-05T09:45:21+00:00
6ceb5f8160654e3e,6700,2026-09-05T09:45:21+00:00
71c8e901fc8f409f,6701,2026-09-05T09:45:21+00:00
66a1a5893cea4ad1,6702,2026-09-05T09:45:21+00:00
5ae9cda1c9344497,6703,2026-09-05T09:45:21+00:00
08a15c1a44cb41fa,6704,2026-09-05T09:45:21+00:00
f1e747d762934c10,6705,2026-09-05T09:45:21+00:00
c6d0c0b5b4424860,6706,2026-09-05T09:45:21+00:00
36c2284348c94582,6707,2026-09-05T09:45:21+00:00
c1e249a6eac942d8,6708,2026-09-05T09:45:21+00:00
ef6e0cad45df41a3,6709,2026-09-05T09:45:21+00:00
81135152bbfb4ae9,6710,2026-09-05T09:45:21+00:00
fa84dbf49dc2426c,6711,2026-09-05T09:45:21+00:00
969779ae10b8490c,6712,2026-09-05T09:45:21+00:00
1d7dcce068a54975,6713,2026-09-05T09:45:21+00:00
0f844904dec44b1d,6714,2026-09-05T09:45:21+00:00
b3a9e115ece24164,6715,2026-09-05T09:45:21+00:00
9dbf6a4f664f438e,6716,2026-09-05T09:45:21+00:00
6f8c04dad22c4536,6717,2026-09-05T09:45:21+00:00
7e28753b8be4482e,6718,2026-09-05T09:45:21+00:00
e92ea4df22894a32,6719,2026-09-05T09:45:21+00:00
182d05f7cc1941fb,6720,2026-09-05T09:45:21+00:00
9991da87ccd74c98,6721,2026-09-05T09:45:21+00:00
31ab5bd8031347ee,6722,2026-09-05T09:45:21+00:00
1779d26a8add429f,6723,2026-09-05T09:45:21+00:00
d776a033fd204157,6724,2026-09-05T09:45:21+00:00
9288a738a9404ab8,6725,2026-09-05T09:45:21+00:00
e7c31ff7917b4d3c,6726,2026-09-05T09:45:21+00:00
462aa179c2c94a49,6727,2026-09-05T09:45:21+00:00
2aff4a0d60d84c56,6728,2026-09-05T09:45:21+00:00
f1ed9e90a34340d5,6729,2026-09-05T09:45:21+00:00
2f0bdee61680481e,6730,2026-09-05T09:45:21+00:00
08f572361817484a,6731,2026-09-05T09:45:21+00:00
749c8786a49f451b,6732,2026-09-05T09:45:21+00:00
d164fb39629643d1,6733,2026-09-05T09:45:21+00:00
11c81c3fa2244417,6734,2026-09-05T09:45:21+00:00
d8ca1740f3d44be6,6735,2026-09-05T09:45:21+00:00
64cae65b8b974a79,6736,2026-09-05T09:45:21+00:00
574308223b9d48e2,6737,2026-09-05T09:45:21+00:00
3ea1c66df29e4820,6738,2026-09-05T09:45:21+00:00
5bed3d509e904436,6739,2026-09-05T09:45:21+00:00
b9afb361736d4bca,6740,2026-09-05T09:45:21+00:00
5432ac1c8ec5443d,6741,2026-09-05T09:45:21+00:00
779fb89416dc487d,6742,2026-09-05T09:45:21+00:00
1db825481cb44bec,6743,2026-09-05T09:45:21+00:00
2d54e44efbc04a39,6744,2026-09-05T09:45:21+00:00
34fe13f1ce624e1a,6745,2026-09-05T09:45:21+00:00
3df5f67bf37246df,6746,2026-09-05T09:45:21+00:00
0e3526a9326e40c2,6747,2026-09-05T09:45:21+00:00
2ba921a5c64f42de,6748,2026-09-05T09:45:21+00:00
bedc538945154c0b,6749,2026-09-05T09:45:21+00:00
2f21caaf38b84f03,6750,2026-09-05T09:45:21+00:00
dbb9f9b514c74c4e,6751,2026-09-05T09:45:21+00:00
3241079cba70477b,6752,2026-09-05T09:45:21+00:00
08a0ed3a6b0247ba,6753,2026-09-05T09:45:21+00:00
a58e2a7644594be1,6754,2026-09-05T09:45:21+00:00
195992881abc4aa6,6755,2026-09-05T09:45:21+00:00
515794b4c98b4ed8,6756,2026-09-05T09:45:21+00:00
3bd3dd594d784faf,6757,2026-09-05T09:45:21+00:00
afb37709037046a3,6758,2026-09-05T09:45:21+00:00
54d82d57ee7843d8,6759,2026-09-05T09:45:21+00:00
67e694b46f3646bb,6760,2026-09-05T09:45:21+00:00
7f163a49a2da4a7c,6761,2026-09-05T09:45:21+00:00
6200f0659d654e22,6762,2026-09-05T09:45:21+00:00
bfc2fda21e13423b,6763,2026-09-05T09:45:21+00:00
fbb7766743b94b17,6764,2026-09-05T09:45:21+00:00
7f4bc421bf97474c,6765,2026-09-05T09:45:21+00:00
ef9e87623e88466e,6766,2026-09-05T09:45:21+00:00
be7fb96361144383,6767,2026-09-05T09:45:21+00:00
38e821856b7e4aac,6768,2026-09-05T09:45:21+00:00
427665583dfd4f40,6769,2026-09-05T09:45:21+00:00
3e65308988f54f95,6770,2026-09-05T09:45:21+00:00
2374d127b6b6483c,6771,2026-09-05T09:45:21+00:00
9a04454ecac94088,6772,2026-09-05T09:45:21+00:00
34933aebdc8341db,6773,2026-09-05T09:45:21+00:00
d07b8925c6984350,6774,2026-09-05T09:45:21+00:00
1d1246ef011840f2,6775,2026-09-05T09:45:21+00:00
b54a91b741db4e47,6776,2026-09-05T09:45:21+00:00
c91f406e9a894155,6777,2026-09-05T09:45:21+00:00
af7a9cd656064bbf,6778,2026-09-05T09:45:21+00:00
3b6f15bd5b024b6f,6779,2026-09-05T09:45:21+00:00
72ff7ae9723f44b1,6780,2026-09-05T09:45:21+00:00
60c72ae794f04ce7,6781,2026-09-05T09:45:21+00:00
13873ef371524400,6782,2026-09-05T09:45:21+00:00
dbe031109e3141f0,6783,2026-09-05T09:45:21+00:00
16bc36ab237745af,6784,2026-09-05T09:45:21+00:00
7ec3f8e8cfe94f9c,6785,2026-09-05T09:45:21+00:00
820b21d5f4be4e07,6786,2026-09-05T09:45:21+00:00
07a00e4ce066430c,6787,2026-09-05T09:45:21+00:00
fdf114b1a2a849b0,6788,2026-09-05T09:45:21+00:00
db3cb11c705b4f30,6789,2026-09-05T09:45:21+00:00
90bb5bcac4514151,6790,2026-09-05T09:45:21+00:00
68b3853ca6b1445d,6791,2026-09-05T09:45:21+00:00
df1c623c5410460d,6792,2026-09-05T09:45:21+00:00
4c823e95a26b407e,6793,2026-09-05T09:45:21+00:00
b451d7f94ebb4723,6794,2026-09-05T09:45:21+00:00
3358117c62704c7d,6795,2026-09-05T09:45:21+00:00
af08c6e407c74ea9,6796,2026-09-05T09:45:21+00:00
ee380e8efeab4032,6797,2026-09-05T09:45:21+00:00
20093f7ee15b41c7,6798,2026-09-05T09:45:21+00:00
a1bc3d02cd354587,6799,2026-09-05T09:45:21+00:00
89c4183025644a3c,6800,2026-09-05T09:45:21+00:00
a028622e2f444946,6801,2026-09-05T09:45:21+00:00
8332f69deb124872,6802,2026-09-05T09:45:21+00:00
77f74c8252084858,6803,2026-09-05T09:45:21+00:00
17984fda54254200,6804,2026-09-05T09:45:21+00:00
b69e216b14844ea9,6805,2026-09-05T09:45:21+00:00
6039ed5645504cad,6806,2026-09-05T09:45:21+00:00
284a14b94da9493b,6807,2026-09-05T09:45:21+00:00
5df9ad9de4694117,6808,2026-09-05T09:45:21+00:00
d7f799c172d24d05,6809,2026-09-05T09:45:21+00:00
8b9c9541ae92460c,6810,2026-09-05T09:45:21+00:00
3894e2adfc914e7d,6811,2026-09-05T09:45:21+00:00
3c9c84c30a674984,6812,2026-09-05T09:45:21+00:00
92025f29af8c45e0,6813,2026-09-05T09:45:21+00:00
bb026e516beb4a93,6814,2026-09-05T09:45:21+00:00
1105368f59864edb,6815,2026-09-05T09:45:21+00:00
beafec03c7de4c81,6816,2026-09-05T09:45:21+00:00
e04b9e76a5cb4211,6817,2026-09-05T09:45:21+00:00
aa27e21260e54d1d,6818,2026-09-05T09:45:21+00:00
9354bf99a25348d7,6819,2026-09-05T09:45:21+00:00
34aeb5cb57b64482,6820,2026-09-05T09:45:21+00:00
6a51189d83a84ed1,6821,2026-09-05T09:45:21+00:00
eacc02986a274452,6822,2026-09-05T09:45:21+00:00
46bdc4fbecdf4444,6823,2026-09-05T09:45:21+00:00
42286523ddeb4279,6824,2026-09-05T09:45:21+00:00
111a8a048ea542ca,6825,2026-09-05T09:45:21+00:00
79c084a52d7e4216,6826,2026-09-05T09:45:21+00:00
ff5ee0b005f5402e,6827,2026-09-05T09:45:21+00:00
cd4b23d18db341dd,6828,2026-09-05T09:45:21+00:00
5c81853722e644a3,6829,2026-09-05T09:45:21+00:00
7dd6b3d6ee694fe8,6830,2026-09-05T09:45:21+00:00
25e1e24a701e4108,6831,2026-09-05T09:45:21+00:00
fdefa3b7cef84510,6832,2026-09-05T09:45:21+00:00
90802c5ecd364445,6833,2026-09-05T09:45:21+00:00
a8eadee54b2c47ae,6834,2026-09-05T09:45:21+00:00
55e3ca2bef494084,6835,2026-09-05T09:45:21+00:00
aeef6f5460954abd,6836,2026-09-05T09:45:21+00:00
58363c1ea45a488e,6837,2026-09-05T09:45:21+00:00
731962df49274d58,6838,2026-09-05T09:45:21+00:00
f289fc6ae0d84533,6839,2026-09-05T09:45:21+00:00
a7868ca94f4f4ca1,6840,2026-09-05T09:45:21+00:00
e761951297f34614,6841,2026-09-05T09:45:21+00:00
85a76b266cba4902,6842,2026-09-05T09:45:21+00:00
8b845355424e41be,6843,2026-09-05T09:45:21+00:00
f26c359ace044841,6844,2026-09-05T09:45:21+00:00
839fc153ef0746f9,6845,2026-09-05T09:45:21+00:00
4182966e12654235,6846,2026-09-05T09:45:21+00:00
a28a77ed83d349e7,6847,2026-09-05T09:45:21+00:00
80147d2d59974c3d,6848,2026-09-05T09:45:21+00:00
2ce07251fa7b4b63,6849,2026-09-05T09:45:21+00:00
34f8aa79301944ba,6850,2026-09-05T09:45:21+00:00
5f51bcc02ea74183,6851,2026-09-05T09:45:21+00:00
aad325dcde4b4ed2,6852,2026-09-05T09:45:21+00:00
ee0ca2d200cd4090,6853,2026-09-05T09:45:21+00:00
1f224222e1ff41ea,6854,2026-09-05T09:45:21+00:00
67451048fcc641d2,6855,2026-09-05T09:45:21+00:00
2df95a59d5f84ffb,6856,2026-09-05T09:45:21+00:00
9a2bebf7e1874e9e,6857,2026-09-05T09:45:21+00:00
4bec964be00e4917,6858,2026-09-05T09:45:21+00:00
db38e24e2b1445dc,6859,2026-09-05T09:45:21+00:00
915993b65fe04724,6860,2026-09-05T09:45:21+00:00
682817d48574400e,6861,2026-09-05T09:45:21+00:00
71bae8548baf4ce0,6862,2026-09-05T09:45:21+00:00
e6a83190a6f8463f,6863,2026-09-05T09:45:21+00:00
44539bfdcf00409a,6864,2026-09-05T09:45:21+00:00
43a75014e3174f26,6865,2026-09-05T09:45:21+00:00
f0dc2fddc3e5485b,6866,2026-09-05T09:45:21+00:00
a5d30a06f80b4636,6867,2026-09-05T09:45:21+00:00
dd3941b56aff4bde,6868,2026-09-05T09:45:21+00:00
855a10b596ea410a,6869,2026-09-05T09:45:21+00:00
3471dd3cc78c45da,6870,2026-09-05T09:45:21+00:00
1c23dcf9f6764ab0,6871,2026-09-05T09:45:21+00:00
0e74b2cc9a4f4123,6872,2026-09-05T09:45:21+00:00
a5d4624ad8c04eb9,6873,2026-09-05T09:45:21+00:00
bb48c809cf484fda,6874,2026-09-05T09:45:21+00:00
8ece001337ff4552,6875,2026-09-05T09:45:21+00:00
a6e10eae8b5b4e15,6876,2026-09-05T09:45:21+00:00
ecb7c07d9afb40ea,6877,2026-09-05T09:45:21+00:00
363e0d909e344caf,6878,2026-09-05T09:45:21+00:00
f53bb59f182849f7,6879,2026-09-05T09:45:21+00:00
c497657acfde4071,6880,2026-09-05T09:45:21+00:00
27110d3d24224373,6881,2026-09-05T09:45:21+00:00
e2d67374f0c54ea5,6882,2026-09-05T09:45:21+00:00
7f14b05251a94eda,6883,2026-09-05T09:45:21+00:00
d842dc47accc4fee,6884,2026-09-05T09:45:21+00:00
8643ee42105b470a,6885,2026-09-05T09:45:21+00:00
7c34dd1ef6544d7b,6886,2026-09-05T09:45:21+00:00
76652e9cb46b401f,6887,2026-09-05T09:45:21+00:00
377bffc8e73f4971,6888,2026-09-05T09:45:21+00:00
c94897d4337a4dcf,6889,2026-09-05T09:45:21+00:00
2d13d6ea0627488d,6890,2026-09-05T09:45:21+00:00
6b5a750c69c04911,6891,2026-09-05T09:45:21+00:00
ba67601ecd13486f,6892,2026-09-05T09:45:21+00:00
bf6091691982412a,6893,2026-09-05T09:45:21+00:00
f4b012387aeb4cd6,6894,2026-09-05T09:45:21+00:00
958c9f998e274c56,6895,2026-09-05T09:45:21+00:00
ea48438aa24442e4,6896,2026-09-05T09:45:21+00:00
d17680c9b33c4d54,6897,2026-09-05T09:45:21+00:00
b31239cbb4a247cc,6898,2026-09-05T09:45:21+00:00
575aa8c03b4c4147,6899,2026-09-05T09:45:21+00:00
2d594b29d8fd490c,6900,2026-09-05T09:45:21+00:00
8f9c744a30314ec8,6901,2026-09-05T09:45:21+00:00
dada8093c4104ef4,6902,2026-09-05T09:45:21+00:00
db808b4efc7d4105,6903,2026-09-05T09:45:21+00:00
66057429727c48bd,6904,2026-09-05T09:45:21+00:00
a0e2734100254ddb,6905,2026-09-05T09:45:21+00:00
32d508dcb9c94f8f,6906,2026-09-05T09:45:21+00:00
bc88346b37cd4c94,6907,2026-09-05T09:45:21+00:00
9ad7e383d02f4fa7,6908,2026-09-05T09:45:21+00:00
489a3de28a6a4b62,6909,2026-09-05T09:45:21+00:00
b234c982c5604b29,6910,2026-09-05T09:45:21+00:00
38c7157424e24389,6911,2026-09-05T09:45:21+00:00
8eb34450ee7143bd,6912,2026-09-05T09:45:21+00:00
e729c76f2f3f48e5,6913,2026-09-05T09:45:21+00:00
a7bd0050158f4a71,6914,2026-09-05T09:45:21+00:00
8b7ee65330b64832,6915,2026-09-05T09:45:21+00:00
61e7d989e44c4d09,6916,2026-09-05T09:45:21+00:00
abb8b49d76eb4164,6917,2026-09-05T09:45:21+00:00
beb2c7702bb243a9,6918,2026-09-05T09:45:21+00:00
5c5427d37be04d5a,6919,2026-09-05T09:45:21+00:00
9ca31adc9f6a49a2,6920,2026-09-05T09:45:21+00:00
efdd1820a56a411a,6921,2026-09-05T09:45:21+00:00
0c520be5e42d4393,6922,2026-09-05T09:45:21+00:00
334e9d9f24224965,6923,2026-09-05T09:45:21+00:00
77921b6b83d84547,6924,2026-09-05T09:45:21+00:00
03eec3cd6316437e,6925,2026-09-05T09:45:21+00:00
a0f8fab280dc4cc2,6926,2026-09-05T09:45:21+00:00
de2dc0dbd76c43d3,6927,2026-09-05T09:45:21+00:00
7a9011e05c8e4dc0,6928,2026-09-05T09:45:21+00:00
d02e355f01654710,6929,2026-09-05T09:45:21+00:00
621765a733f040d8,6930,2026-09-05T09:45:21+00:00
243d7d990fa54cf2,6931,2026-09-05T09:45:21+00:00
87e9c21570d04cdb,6932,2026-09-05T09:45:21+00:00
c9bf72374da54aa3,6933,2026-09-05T09:45:21+00:00
d4bc509f2bb84727,6934,2026-09-05T09:45:21+00:00
b925343776fa4863,6935,2026-09-05T09:45:21+00:00
503dae5940094337,6936,2026-09-05T09:45:21+00:00
f965a48de07847a6,6937,2026-09-05T09:45:21+00:00
603e7c12e687408f,6938,2026-09-05T09:45:21+00:00
958b6d9894a246f8,6939,2026-09-05T09:45:21+00:00
0e92fba534ae4ed9,6940,2026-09-05T09:45:21+00:00
09afaff50b1f4618,6941,2026-09-05T09:45:21+00:00
a44bcb108ee74e2d,6942,2026-09-05T09:45:21+00:00
1ec7fc0480b24856,6943,2026-09-05T09:45:21+00:00
e3466e80b6e34be1,6944,2026-09-05T09:45:21+00:00
9cb4c3deb5fa4118,6945,2026-09-05T09:45:21+00:00
27f4d49403ea4039,6946,2026-09-05T09:45:21+00:00
2f0805e23adb41ec,6947,2026-09-05T09:45:21+00:00
fd92903e02104749,6948,2026-09-05T09:45:21+00:00
1ce49a7bc1c442ba,6949,2026-09-05T09:45:21+00:00
82438ee6658d403b,6950,2026-09-05T09:45:21+00:00
3a193924cc2c4a7e,6951,2026-09-05T09:45:21+00:00
e80e13e9f5804268,6952,2026-09-05T09:45:21+00:00
a78ddb2fd6dc4103,6953,2026-09-05T09:45:21+00:00
9c99aab3ae9746ff,6954,2026-09-05T09:45:21+00:00
69fb3f4e69ee4f7e,6955,2026-09-05T09:45:21+00:00
655e8e2cb3794080,6956,2026-09-05T09:45:21+00:00
066765912cac471d,6957,2026-09-05T09:45:21+00:00
bd76fc68441d467e,6958,2026-09-05T09:45:21+00:00
fffd21dea40f4976,6959,2026-09-05T09:45:21+00:00
48ca87f405e047d8,6960,2026-09-05T09:45:21+00:00
de675dfebcd64b8c,6961,2026-09-05T09:45:21+00:00
2664681d8f0a479e,6962,2026-09-05T09:45:21+00:00
347c7c2fd9fd4ed0,6963,2026-09-05T09:45:21+00:00
d628a642cbe2425c,6964,2026-09-05T09:45:21+00:00
083039ba10d74998,6965,2026-09-05T09:45:21+00:00
12184179347a4292,6966,2026-09-05T09:45:21+00:00
5f4a72dcbede4446,6967,2026-09-05T09:45:21+00:00
655ee695a2034102,6968,2026-09-05T09:45:21+00:00
e4eeddd36b9142f6,6969,2026-09-05T09:45:21+00:00
be150f7a6a3449ca,6970,2026-09-05T09:45:21+00:00
10b0d8db33e14f94,6971,2026-09-05T09:45:21+00:00
5798b5e3fa3c4050,6972,2026-09-05T09:45:21+00:00
4745fc65c8c0449a,6973,2026-09-05T09:45:21+00:00
c240b0e1b82c44ec,6974,2026-09-05T09:45:21+00:00
1633e58b8ed14b78,6975,2026-09-05T09:45:21+00:00
a7c498ac16724f26,6976,2026-09-05T09:45:21+00:00
afeb1215196e4048,6977,2026-09-05T09:45:21+00:00
5b1ddfcf164d4a3c,6978,2026-09-05T09:45:21+00:00
f01e87bd0b664be8,6979,2026-09-05T09:45:21+00:00
00de96dbde3a492b,6980,2026-09-05T11:27:40+00:00
e4ec3b17072d47ff,6981,2026-09-05T11:27:40+00:00
ed223329a7374de1,6982,2026-09-05T11:27:40+00:00
67fa0ca8336247eb,6983,2026-09-05T11:27:40+00:00
9eee26f897c842a7,6984,2026-09-05T11:27:40+00:00
f5ad876ee49c42d1,6985,2026-09-05T11:27:40+00:00
d38ad5ba17cb47b3,6986,2026-09-05T11:27:40+00:00
ad86815f23a048c3,6987,2026-09-05T11:27:40+00:00
0c7b44d8977d4ac9,6988,2026-09-05T11:27:40+00:00
ccbdbf7587b44ab7,6989,2026-09-05T11:27:40+00:00
f2fbaa09c1254b55,6990,2026-09-05T11:27:40+00:00
dcd9be38cd0540cb,6991,2026-09-05T11:27:40+00:00
2df344a8ad8e4bc1,6992,2026-09-05T11:27:40+00:00
dee112e62a8748e5,6993,2026-09-05T11:27:40+00:00
56762ff1048e49cb,6994,2026-09-05T11:27:40+00:00
9272a18a098b4e21,6995,2026-09-05T11:27:40+00:00
1f68f067bed04397,6996,2026-09-05T11:27:40+00:00
a4b12b110ff44c17,6997,2026-09-05T11:27:40+00:00
5720b7fd76b94861,6998,2026-09-05T11:27:40+00:00
06380208c4f242ed,6999,2026-09-05T11:27:40+00:00
969806f67c974437,7000,2026-09-05T11:27:40+00:00
b1ee7bbdb6564309,7001,2026-09-05T11:27:40+00:00
d5c74fb6c0744e2f,7002,2026-09-05T11:27:40+00:00
e87577e2334f45dd,7003,2026-09-05T11:27:40+00:00
7627f1919bac40a5,7004,2026-09-05T11:27:40+00:00
635bcc5b1bea4fd5,7005,2026-09-05T11:27:40+00:00
9052be1a26df4ba8,7006,2026-09-05T11:27:40+00:00
f35a9035e76145d0,7007,2026-09-05T11:27:40+00:00
1bca845426cb4218,7008,2026-09-05T11:27:40+00:00
228c9f9f08f8429e,7009,2026-09-05T11:27:40+00:00
49a9794603df4fec,7010,2026-09-05T11:27:40+00:00
3cfca484bc1b4651,7011,2026-09-05T11:27:40+00:00
f2909c71483940a6,7012,2026-09-05T11:27:40+00:00
94a5845aef1c452f,7013,2026-09-05T11:27:40+00:00
49c683478dbe4c5e,7014,2026-09-05T11:27:40+00:00
8bcc90bf4aa84c93,7015,2026-09-05T11:27:40+00:00
3a5756730e304089,7016,2026-09-05T11:27:40+00:00
cd95230f4d9a42e7,7017,2026-09-05T11:27:40+00:00
0308507aa40a4585,7018,2026-09-05T11:27:40+00:00
5a3298d928aa4cae,7019,2026-09-05T11:27:40+00:00
131666e0680e4831,7020,2026-09-05T11:27:40+00:00
6bc1a80390244b9c,7021,2026-09-05T11:27:40+00:00
40d91b050d4c4193,7022,2026-09-05T11:27:40+00:00
6dbc4f1b1a0b4cd4,7023,2026-09-05T11:27:40+00:00
534489c167d54ad7,7024,2026-09-05T11:27:40+00:00
1c0353a719e64054,7025,2026-09-05T11:27:40+00:00
de3714e8f73a465c,7026,2026-09-05T11:27:40+00:00
d2e24408ab6642a9,7027,2026-09-05T11:27:40+00:00
07611800530c4332,7028,2026-09-05T11:27:40+00:00
7504a52c027a4aef,7029,2026-09-05T11:27:40+00:00
352934b7644a422e,7030,2026-09-05T11:27:40+00:00
0519668faf074567,7031,2026-09-05T11:27:40+00:00
6241d08c25824f24,7032,2026-09-05T11:27:40+00:00
71ccd0a9cfe74fb7,7033,2026-09-05T11:27:40+00:00
71d51153287847b6,7034,2026-09-05T11:27:40+00:00
b4e20d52d8cd43ac,7035,2026-09-05T11:27:40+00:00
af1153cd16546831,7036,2026-09-05T11:27:40+00:00
dba4d5cec63d48b7,7037,2026-09-05T11:27:40+00:00
caa827df84434da5,7038,2026-09-05T11:27:40+00:00
c7aaec5090104bc6,7039,2026-09-05T11:27:40+00:00
931e9cf9ca5345b9,7040,2026-09-05T11:27:40+00:00
da261f2cd39d461f,7041,2026-09-05T11:27:40+00:00
c83f19d22bb84bfa,7042,2026-09-05T11:27:40+00:00
a0e53996a43d433c,7043,2026-09-05T11:27:40+00:00
2b98b2f0885b43f1,7044,2026-09-05T11:27:40+00:00
0da2d1bcc1e9451f,7045,2026-09-05T11:27:40+00:00
a95bbe5879a84204,7046,2026-09-05T11:27:40+00:00
0180b2d52e72494f,7047,2026-09-05T11:27:40+00:00
245de343813c4e05,7048,2026-09-05T11:27:40+00:00
3c1878e2fc984b5f,7049,2026-09-05T11:27:40+00:00
2adfc0d040604e1d,7050,2026-09-05T11:27:40+00:00
9f39362a353d42bf,7051,2026-09-05T11:27:40+00:00
92161c9f7d4b4d17,7052,2026-09-05T11:27:40+00:00
aa0a7665d3654780,7053,2026-09-05T11:27:40+00:00
cc7b2bdf65c94252,7054,2026-09-05T11:27:40+00:00
a142848aeda94b75,7055,2026-09-05T11:27:40+00:00
2c9bad1999894896,7056,2026-09-05T11:27:40+00:00
45fff5832f074f32,7057,2026-09-05T11:27:40+00:00
54bd5ac2afae4f76,7058,2026-09-05T11:27:40+00:00
00e67e9abb7b4abe,7059,2026-09-05T11:27:40+00:00
cb1cb020228a4d3f,7060,2026-09-05T11:27:40+00:00
b7cfca8095bb4bf3,7061,2026-09-05T11:27:40+00:00
d515b361db874764,7062,2026-09-05T11:27:40+00:00
42027f5501b24501,7063,2026-09-05T11:27:40+00:00
5778f6b2debd4bb9,7064,2026-09-05T11:27:40+00:00
e4db2696c72b4fcb,7065,2026-09-05T11:27:40+00:00
75c1ab909f8c4750,7066,2026-09-05T11:27:40+00:00
8a0ee9fe6230477c,7067,2026-09-05T11:27:40+00:00
798e11dfffd444f7,7068,2026-09-05T11:27:40+00:00
604507513e114b1f,7069,2026-09-05T11:27:40+00:00
0640a79532db4a78,7070,2026-09-05T11:27:40+00:00
fe948522ee8f48a7,7071,2026-09-05T11:27:40+00:00
4794a1f6378c45b9,7072,2026-09-05T11:27:40+00:00
33e4c85ef7ac43ce,7073,2026-09-05T11:27:40+00:00
ed332377a00d43af,7074,2026-09-05T11:27:40+00:00
5a0eb1c5153d45d9,7075,2026-09-05T11:27:40+00:00
4d864d5833654ce1,7076,2026-09-05T11:27:40+00:00
6d65527be41248b6,7077,2026-09-05T11:27:40+00:00
61f3f4285c014a46,7078,2026-09-05T11:27:40+00:00
a4176de0e3014de9,7079,2026-09-05T11:27:40+00:00
86ceea93904a470a,7080,2026-09-05T11:27:40+00:00
0cdcee7bbb50414c,7081,2026-09-05T11:27:40+00:00
ffe483c8625f4f1c,7082,2026-09-05T11:27:40+00:00
9a953a7ad7cd40b0,7083,2026-09-05T11:27:40+00:00
d286a752b80a4f35,7084,2026-09-05T11:27:40+00:00
da11a6b0f4024aa7,7085,2026-09-05T11:27:40+00:00
b8b7f9296eb94439,7086,2026-09-05T11:27:40+00:00
906a6801a69543c5,7087,2026-09-05T11:27:40+00:00
b5903850f9e6435a,7088,2026-09-05T11:27:40+00:00
9d0cb67285524383,7089,2026-09-05T11:27:40+00:00
5ef50293d23a4231,7090,2026-09-05T11:27:40+00:00
6df1ea1af0814173,7091,2026-09-05T11:27:40+00:00
55e2a78c285641b5,7092,2026-09-05T11:27:40+00:00
6cb5e5c715b5431f,7093,2026-09-05T11:27:40+00:00
770caa1d9d314e0e,7094,2026-09-05T11:27:40+00:00
210c0820aa0f4f6f,7095,2026-09-05T11:27:40+00:00
e449ca7fe3a24c2b,7096,2026-09-05T11:27:40+00:00
c4cef80e2cca4bd7,7097,2026-09-05T11:27:40+00:00
3f8960bcab7440ad,7098,2026-09-05T11:27:40+00:00
f78bbd54221f4e57,7099,2026-09-05T11:27:40+00:00
78049e21dd994a36,7100,2026-09-05T11:27:40+00:00
d87c1128c17f4bdd,7101,2026-09-05T11:27:40+00:00
23ae1e4da80c4b63,7102,2026-09-05T11:27:40+00:00
6e6f1bf91b68408e,7103,2026-09-05T11:27:40+00:00
c6d6a73a618b4d4e,7104,2026-09-05T11:27:40+00:00
9163bf583d224429,7105,2026-09-05T11:27:40+00:00
ba9bb4fb25cc4ec8,7106,2026-09-05T11:27:40+00:00
3f38cb402582479c,7107,2026-09-05T11:27:40+00:00
66bbea884d5d45d0,7108,2026-09-05T11:27:40+00:00
39ef76c32c3a42c7,7109,2026-09-05T11:27:40+00:00
47f0f6459593481a,7110,2026-09-05T11:27:40+00:00
07b64675e42949fb,7111,2026-09-05T11:27:40+00:00
ca1d1881a8e04392,7112,2026-09-05T11:27:40+00:00
fb82d2158e7745cf,7113,2026-09-05T11:27:40+00:00
62c25ab7454a483c,7114,2026-09-05T11:27:40+00:00
48acf89a9b0942c1,7115,2026-09-05T11:27:40+00:00
ad55565905e44b85,7116,2026-09-05T11:27:40+00:00
c047215e98554fd5,7117,2026-09-05T11:27:40+00:00
7757c6d0ca2441a0,7118,2026-09-05T11:27:40+00:00
8ebe1b1544594dec,7119,2026-09-05T11:27:40+00:00
514c91878b9c4d47,7120,2026-09-05T11:27:40+00:00
84096b5ff6854a14,7121,2026-09-05T11:27:40+00:00
f88571713e034590,7122,2026-09-05T11:27:40+00:00
9c0d018010204fc2,7123,2026-09-05T11:27:40+00:00
64617c560c0a4696,7124,2026-09-05T11:27:40+00:00
35b7492d3f934764,7125,2026-09-05T11:27:40+00:00
b1bc577bd4e34497,7126,2026-09-05T11:27:40+00:00
ec4988c2ec194ce8,7127,2026-09-05T11:27:40+00:00
6e544da8bdbe4c8c,7128,2026-09-05T11:27:40+00:00
e6313eb4cf2a41ab,7129,2026-09-05T11:27:40+00:00
ae789eb411374d32,7130,2026-09-05T11:27:40+00:00
3d034408710a4c1e,7131,2026-09-05T11:27:40+00:00
dc6a377f87a040ee,7132,2026-09-05T11:27:40+00:00
6868d70dfe1a44f7,7133,2026-09-05T11:27:40+00:00
6f76ee91679f4149,7134,2026-09-05T11:27:40+00:00
23df8442b33e42b9,7135,2026-09-05T11:27:40+00:00
23e8516d7ed94630,7136,2026-09-05T11:27:40+00:00
14cb8605bdb54e3d,7137,2026-09-05T11:27:40+00:00
0b1e4f7cb49645b8,7138,2026-09-05T11:27:40+00:00
f789f45984404e1f,7139,2026-09-05T11:27:40+00:00
ff7cd10b57e544af,7140,2026-09-05T11:27:40+00:00
53cbbfb3568847f7,7141,2026-09-05T11:27:40+00:00
182f1026617144ea,7142,2026-09-05T11:27:40+00:00
fed5a9761b0b4654,7143,2026-09-05T11:27:40+00:00
086951d9bcfe4f8e,7144,2026-09-05T11:27:40+00:00
8afc92cffc6b47de,7145,2026-09-05T11:27:40+00:00
e7c4eb0543324eb1,7146,2026-09-05T11:27:40+00:00
51db6d18ee484ade,7147,2026-09-05T11:27:40+00:00
e175fafba2ec4b30,7148,2026-09-05T11:27:40+00:00
fc28bcbb57ab4194,7149,2026-09-05T11:27:40+00:00
0c595b28805d47ee,7150,2026-09-05T11:27:40+00:00
6a8f72e08c3d4241,7151,2026-09-05T11:27:40+00:00
a59318cdaf1e4ca5,7152,2026-09-05T11:27:40+00:00
71c969e01e4e4a81,7153,2026-09-05T11:27:40+00:00
d780fd8876914aed,7154,2026-09-05T11:27:40+00:00
0d8917befc4d4898,7155,2026-09-05T11:27:40+00:00
f19ca8cd040a4942,7156,2026-09-05T11:27:40+00:00
293648fce2994ee5,7157,2026-09-05T11:27:40+00:00
574aaa9066e44c4a,7158,2026-09-05T11:27:40+00:00
349f32f349544ca3,7159,2026-09-05T11:27:40+00:00
2b8632ee5cf14e6f,7160,2026-09-05T11:27:40+00:00
6f4ad0a092204051,7161,2026-09-05T11:27:40+00:00
252e6c376c2b4332,7162,2026-09-05T11:27:40+00:00
b834c157bd3e4846,7163,2026-09-05T11:27:40+00:00
776a2f1796754595,7164,2026-09-05T11:27:40+00:00
20c57dffb07246c5,7165,2026-09-05T11:27:40+00:00
fea3f1bee02647f2,7166,2026-09-05T11:27:40+00:00
2c238a9881ce4ec4,7167,2026-09-05T11:27:40+00:00
3e9fc6382f364e56,7168,2026-09-05T11:27:40+00:00
25d0e88892834f81,7169,2026-09-05T11:27:40+00:00
630873a6e5cb4419,7170,2026-09-05T11:27:40+00:00
46dfde693c41421c,7171,2026-09-05T11:27:40+00:00
afadb29f952943e3,7172,2026-09-05T11:27:40+00:00
12865d6daa204adc,7173,2026-09-05T11:27:40+00:00
33af2086935b4cb1,7174,2026-09-05T11:27:40+00:00
2d251b2208224c8e,7175,2026-09-05T11:27:40+00:00
ade5820dcf944e97,7176,2026-09-05T11:27:40+00:00
87553d05d4fa4794,7177,2026-09-05T11:27:40+00:00
d3c7514c9a354d5f,7178,2026-09-05T11:27:40+00:00
9dbfcd9c5ae04e3b,7179,2026-09-05T11:27:40+00:00
0c2e67031d514fe7,7180,2026-09-05T11:27:40+00:00
8bcc8c6bbb634cad,7181,2026-09-05T11:27:40+00:00
15ccaf11174a4bbe,7182,2026-09-05T11:27:40+00:00
965728fa1ae848ec,7183,2026-09-05T11:27:40+00:00
f03a80b541134129,7184,2026-09-05T11:27:40+00:00
9874db94c2984829,7185,2026-09-05T11:27:40+00:00
911d1f70a5d34f2c,7186,2026-09-05T11:27:40+00:00
e419210a857e4f5a,7187,2026-09-05T11:27:40+00:00
145a88dc0a304393,7188,2026-09-05T11:27:40+00:00
1e243d81f0c14930,7189,2026-09-05T11:27:40+00:00
e67e775e48854a5e,7190,2026-09-05T11:27:40+00:00
65930e5038a44b89,7191,2026-09-05T11:27:40+00:00
820a5fbdf24545a2,7192,2026-09-05T11:27:40+00:00
b3c4ca55c12c4392,7193,2026-09-05T11:27:40+00:00
53d83108025b4e80,7194,2026-09-05T11:27:40+00:00
20e29a1462a9430d,7195,2026-09-05T11:27:40+00:00
3a2fa5f3b71c499c,7196,2026-09-05T11:27:40+00:00
f15d871339aa40a8,7197,2026-09-05T11:27:40+00:00
151f998d5757448c,7198,2026-09-05T11:27:40+00:00
b8b9726dfb5b4ca7,7199,2026-09-05T11:27:40+00:00
f50f39c837dc4e0c,7200,2026-09-05T11:27:40+00:00
0c7b3847d5c44d0d,7201,2026-09-05T11:27:40+00:00
9465a57506604710,7202,2026-09-05T11:27:40+00:00
99332ffb2a134768,7203,2026-09-05T11:27:40+00:00
1264fbd11e964636,7204,2026-09-05T11:27:40+00:00
c0df58e6bfef4d5a,7205,2026-09-05T11:27:40+00:00
e68f83f6557e4f4e,7206,2026-09-05T11:27:40+00:00
94a38979c95e4f88,7207,2026-09-05T11:27:40+00:00
132af99203ee41c3,7208,2026-09-05T11:27:40+00:00
7dc2bcc42dbe4b47,7209,2026-09-05T11:27:40+00:00
b2813eec80e64057,7210,2026-09-05T11:27:40+00:00
fff44389bb0a4ea9,7211,2026-09-05T11:27:40+00:00
0f87a93d90134a88,7212,2026-09-05T11:27:40+00:00
f6ef2c1d86654396,7213,2026-09-05T11:27:40+00:00
8daa6da008cb4d9f,7214,2026-09-05T11:27:40+00:00
4d3c515166be45e5,7215,2026-09-05T11:27:40+00:00
ff338d1a40c3465c,7216,2026-09-05T11:27:40+00:00
29b1e8b2090a429d,7217,2026-09-05T11:27:40+00:00
89c9d24a59034e9a,7218,2026-09-05T11:27:40+00:00
425cbf0fe0814c2b,7219,2026-09-05T11:27:40+00:00
235d0019a94a421d,7220,2026-09-05T11:27:40+00:00
7dee160ca1714d4f,7221,2026-09-05T11:27:40+00:00
dfbb4d39544e47c8,7222,2026-09-05T11:27:40+00:00
6d0234d7214a4461,7223,2026-09-05T11:27:40+00:00
b523231fcd8d48bc,7224,2026-09-05T11:27:40+00:00
5ce60a4c896548dc,7225,2026-09-05T11:27:40+00:00
d164ed5b443e478d,7226,2026-09-05T11:27:40+00:00
a2e3dd4ccede4a95,7227,2026-09-05T11:27:40+00:00
34fe1817076f408c,7228,2026-09-05T11:27:40+00:00
3d63b325db2f467a,7229,2026-09-05T11:27:40+00:00
98178e9aa69d449e,7230,2026-09-05T11:27:40+00:00
b629d50d9f1e469d,7231,2026-09-05T11:27:40+00:00
dc713765e21d4e6b,7232,2026-09-05T11:27:40+00:00
6bd3ef3d41c646a1,7233,2026-09-05T11:27:40+00:00
9e6b5cb7bed44d05,7234,2026-09-05T11:27:40+00:00
17e6ec965b284bdc,7235,2026-09-05T11:27:40+00:00
fb3a34aa7ec34a85,7236,2026-09-05T11:27:40+00:00
97fc17e3e40048b4,7237,2026-09-05T11:27:40+00:00
29674bb48c164f44,7238,2026-09-05T11:27:40+00:00
c89f58c5bb5744d5,7239,2026-09-05T11:27:40+00:00
d64c5aa7370e4a45,7240,2026-09-05T11:27:40+00:00
cdbe8c4c73c34629,7241,2026-09-05T11:27:40+00:00
c6599e8cf2bb4695,7242,2026-09-05T11:27:40+00:00
9ba3b595339d40d6,7243,2026-09-05T11:27:40+00:00
5bc2a70cbade437a,7244,2026-09-05T11:27:40+00:00
57b388a1b2d7452a,7245,2026-09-05T11:27:40+00:00
19bd683607ca4c7c,7246,2026-09-05T11:27:40+00:00
5dc86d1406e643da,7247,2026-09-05T11:27:40+00:00
c0ef4976ff684c5b,7248,2026-09-05T11:27:40+00:00
bc21e7c8073d4800,7249,2026-09-05T11:27:40+00:00
751ac2f962f44bba,7250,2026-09-05T11:27:40+00:00
e777bb12eb9d4bbb,7251,2026-09-05T11:27:40+00:00
71dedfdbd5da4449,7252,2026-09-05T11:27:40+00:00
69b84ebfb1854a74,7253,2026-09-05T11:27:40+00:00
158f06000cac43de,7254,2026-09-05T11:27:40+00:00
34e1365bb29d4634,7255,2026-09-05T11:27:40+00:00
38b9c97f10f74f1d,7256,2026-09-05T11:27:40+00:00
bce77bab026143b9,7257,2026-09-05T11:27:40+00:00
392f16515c6b4144,7258,2026-09-05T11:27:40+00:00
6b3cacb897124777,7259,2026-09-05T11:27:40+00:00
b22f78d72b474c2b,7260,2026-09-05T11:27:40+00:00
a5ad4d2cc8b0433f,7261,2026-09-05T11:27:40+00:00
7bdaad82ca8e42c5,7262,2026-09-05T11:27:40+00:00
ca18f5c5013b4b11,7263,2026-09-05T11:27:40+00:00
e0542aa6b570454a,7264,2026-09-05T11:27:40+00:00
c43de3db9acb4635,7265,2026-09-05T11:27:40+00:00
9f3cee2ec43448b2,7266,2026-09-05T11:27:40+00:00
10e4b8b2fa93449a,7267,2026-09-05T11:27:40+00:00
c918f38d1caf41b6,7268,2026-09-05T11:27:40+00:00
39c6bfa6ae6a4f1a,7269,2026-09-05T11:27:40+00:00
1dd6d6ae35444937,7270,2026-09-05T11:27:40+00:00
052792393e92416f,7271,2026-09-05T11:27:40+00:00
bbb0779ca3124852,7272,2026-09-05T11:27:40+00:00
9073d42c701147c3,7273,2026-09-05T11:27:40+00:00
9ea91ac44dd2408a,7274,2026-09-05T11:27:40+00:00
fc85bd5f67184d4b,7275,2026-09-05T11:27:40+00:00
32e19d03b1444cf0,7276,2026-09-05T11:27:40+00:00
40b8c9074cce44eb,7277,2026-09-05T11:27:40+00:00
d9bf73c9e26148a1,7278,2026-09-05T11:27:40+00:00
794f4a43e4404bf3,7279,2026-09-05T11:27:40+00:00
0ee0bd8c4fc04a7d,7280,2026-09-05T11:27:40+00:00
4eee67cd836044c2,7281,2026-09-05T11:27:40+00:00
cc2a2ba3242647f9,7282,2026-09-05T11:27:40+00:00
1f2ef53757f6481f,7283,2026-09-05T11:27:40+00:00
5d840729b51d4b0e,7284,2026-09-05T11:27:40+00:00
4b42528aadbc4f11,7285,2026-09-05T11:27:40+00:00
0f320fb5ce274b97,7286,2026-09-05T11:27:40+00:00
dafd116854984433,7287,2026-09-05T11:27:40+00:00
ee8ac37dcb5f42f1,7288,2026-09-05T11:27:40+00:00
5906d35c4ffc4375,7289,2026-09-05T11:27:40+00:00
9caa55ce12364afd,7290,2026-09-05T11:27:40+00:00
19457d2fedd84550,7291,2026-09-05T11:27:40+00:00
dbeb5eef628e49a9,7292,2026-09-05T11:27:40+00:00
a4e1f4ae08d14a24,7293,2026-09-05T11:27:40+00:00
ea74e484e80c4b2f,7294,2026-09-05T11:27:40+00:00
cd657394cded4236,7295,2026-09-05T11:27:40+00:00
e3acbed00f3345c6,7296,2026-09-05T11:27:40+00:00
27943da0905f43ad,7297,2026-09-05T11:27:40+00:00
7a86d52e508e4158,7298,2026-09-05T11:27:40+00:00
5e5ef74f0a6e49cb,7299,2026-09-05T11:27:40+00:00
cd9a3bafa1774a62,7300,2026-09-05T11:27:40+00:00
b4dfd37329e14ed6,7301,2026-09-05T11:27:40+00:00
638951fd06154686,7302,2026-09-05T11:27:40+00:00
7f9f6c754ffb4ed4,7303,2026-09-05T11:27:40+00:00
e21944bc0c824fe3,7304,2026-09-05T11:27:40+00:00
ecf21333e44e4204,7305,2026-09-05T11:27:40+00:00
268c9e9efde44e4c,7306,2026-09-05T11:27:40+00:00
8d24ae046ab34adb,7307,2026-09-05T11:27:40+00:00
9ea6d63516f4448d,7308,2026-09-05T11:27:40+00:00
1400ea473dfd417d,7309,2026-09-05T11:27:40+00:00
e99499e9e2a343d9,7310,2026-09-05T11:27:40+00:00
358e28d2a3034a34,7311,2026-09-05T11:27:40+00:00
05643e2da28b40e7,7312,2026-09-05T11:27:40+00:00
704bde384da24c32,7313,2026-09-05T11:27:40+00:00
dd4918191ff74087,7314,2026-09-05T11:27:40+00:00
ab0c7726f4634b27,7315,2026-09-05T11:27:40+00:00
26d6eb19121e4b79,7316,2026-09-05T11:27:40+00:00
b94c864047fa453e,7317,2026-09-05T11:27:40+00:00
5483df5c8c61485d,7318,2026-09-05T11:27:40+00:00
6b339848ccc7400e,7319,2026-09-05T11:27:40+00:00
fa433a7de3194611,7320,2026-09-05T11:27:40+00:00
3dce3e2f9122440d,7321,2026-09-05T11:27:40+00:00
079c3bbe8ee9407b,7322,2026-09-05T11:27:40+00:00
0f3db5594a34440b,7323,2026-09-05T11:27:40+00:00
b6103318ec3647bd,7324,2026-09-05T11:27:40+00:00
5a368f3b4fc34cf9,7325,2026-09-05T11:27:40+00:00
55d7a2e3807246ed,7326,2026-09-05T11:27:40+00:00
6229e0198a4b4955,7327,2026-09-05T11:27:40+00:00
4b3000bb807140b8,7328,2026-09-05T11:27:40+00:00
59d44ef818cb41f9,7329,2026-09-05T11:27:40+00:00
d66c43db76d246c2,7330,2026-09-05T11:27:40+00:00
29c36ca57bfc4a4f,7331,2026-09-05T11:27:40+00:00
83429625c7b34d41,7332,2026-09-05T11:27:40+00:00
fb893096f5ec4c90,7333,2026-09-05T11:27:40+00:00
8397a2f23905465f,7334,2026-09-05T11:27:40+00:00
80c0940662614e96,7335,2026-09-05T11:27:40+00:00
a55e7176ab3e4558,7336,2026-09-05T11:27:40+00:00
a283caab1d2c481f,7337,2026-09-05T11:27:40+00:00
ebee2096d4ae4c87,7338,2026-09-05T11:27:40+00:00
08f88e84947b44d0,7339,2026-09-05T11:27:40+00:00
9cb899d45aaf458e,7340,2026-09-05T11:27:40+00:00
3a618edcee91442c,7341,2026-09-05T11:27:40+00:00
026aac5935694a59,7342,2026-09-05T11:27:40+00:00
3a578f40a2df4f7f,7343,2026-09-05T11:27:40+00:00
4ae7d094e7cd4b02,7344,2026-09-05T11:27:40+00:00
61aee4d34b084eec,7345,2026-09-05T11:27:40+00:00
d95c92e9c3c24287,7346,2026-09-05T11:27:40+00:00
f69dc9fdeeb047fb,7347,2026-09-05T11:27:40+00:00
024ea6f933b94e5d,7348,2026-09-05T11:27:40+00:00
39052796a5794809,7349,2026-09-05T11:27:40+00:00
ad02b9bda4484981,7350,2026-09-05T11:27:40+00:00
5508b2ab84fd437d,7351,2026-09-05T11:27:40+00:00
dcb361ae17364038,7352,2026-09-05T11:27:40+00:00
31956e841eea4555,7353,2026-09-05T11:27:40+00:00
5a5d6c008b32464b,7354,2026-09-05T11:27:40+00:00
fcdc2c3d524c44f4,7355,2026-09-05T11:27:40+00:00
3c872d0e805f4c45,7356,2026-09-05T11:27:40+00:00
30696d735ae8484b,7357,2026-09-05T11:27:40+00:00
682d259e7056452f,7358,2026-09-05T11:27:40+00:00
51bf8fa134654071,7359,2026-09-05T11:27:40+00:00
65f9dc928f824076,7360,2026-09-05T11:27:40+00:00
7b308de8782947b6,7361,2026-09-05T11:27:40+00:00
8044c94889554a4c,7362,2026-09-05T11:27:40+00:00
f5bb8c1fb931429c,7363,2026-09-05T11:27:40+00:00
2eb9512966264d54,7364,2026-09-05T11:27:40+00:00
3b8d8bbc5cc940cd,7365,2026-09-05T11:27:40+00:00
e4c88d75ce844e02,7366,2026-09-05T11:27:40+00:00
416015ab51034712,7367,2026-09-05T11:27:40+00:00
4a0338efb4df4278,7368,2026-09-05T11:27:40+00:00
22e340c7fa86439a,7369,2026-09-05T11:27:40+00:00
8c3246f87a894754,7370,2026-09-05T11:27:40+00:00
0c52c7d9b53e49b4,7371,2026-09-05T11:27:40+00:00
7f132c2ba0064870,7372,2026-09-05T11:27:40+00:00
3e37f26f8c224d50,7373,2026-09-05T11:27:40+00:00
350519f5ca6145af,7374,2026-09-05T11:27:40+00:00
4e849e9f0d004924,7375,2026-09-05T11:27:40+00:00
646eab04ef634978,7376,2026-09-05T11:27:40+00:00
aad94a7c15dd4039,7377,2026-09-05T11:27:40+00:00
eb7f7ac4ae7c4440,7378,2026-09-05T11:27:40+00:00
a479b242590f4fb3,7379,2026-09-05T11:27:40+00:00
d01067719c9a429f,7380,2026-09-05T11:27:40+00:00
f59ae4d9285a49eb,7381,2026-09-05T11:27:40+00:00
a514d6ac188543d9,7382,2026-09-05T11:27:40+00:00
2d16df5ad2aa4cc8,7383,2026-09-05T11:27:40+00:00
7de6622d85bd411e,7384,2026-09-05T11:27:40+00:00
c9f3b8dfb29c4739,7385,2026-09-05T11:27:40+00:00
9d48334939b3484a,7386,2026-09-05T11:27:40+00:00
8f37aa3079b84e8d,7387,2026-09-05T11:27:40+00:00
dc0f371082b54b87,7388,2026-09-05T11:27:40+00:00
5937637cc21f46f4,7389,2026-09-05T11:27:40+00:00
c0ff158ab9294020,7390,2026-09-05T11:27:40+00:00
b0110fadfc544e39,7391,2026-09-05T11:27:40+00:00
aa3ac082330f40d8,7392,2026-09-05T11:27:40+00:00
ca21db7e076f4485,7393,2026-09-05T11:27:40+00:00
ae5b76add0314637,7394,2026-09-05T11:27:40+00:00
6907bee3def8429b,7395,2026-09-05T11:27:40+00:00
939ee8ed5c0e4ff3,7396,2026-09-05T11:27:40+00:00
9adbeec5aa2341de,7397,2026-09-05T11:27:40+00:00
0c99713f23b64541,7398,2026-09-05T11:27:40+00:00
84c0a651ea80421e,7399,2026-09-05T11:27:40+00:00
c42e054aae474b8f,7400,2026-09-05T11:27:40+00:00
bdd1460598804682,7401,2026-09-05T11:27:40+00:00
76ef5a5dcee7493b,7402,2026-09-05T11:27:40+00:00
61c4724cba9d42af,7403,2026-09-05T11:27:40+00:00
2950a21475eb422d,7404,2026-09-05T11:27:40+00:00
56621f8c365b4e3f,7405,2026-09-05T11:27:40+00:00
d880ab5cf61747d8,7406,2026-09-05T11:27:40+00:00
a652e2880e844569,7407,2026-09-05T11:27:40+00:00
d874ae1b5f1d488f,7408,2026-09-05T11:27:40+00:00
97749a81165d41f6,7409,2026-09-05T11:27:40+00:00
2571103e24324cd7,7410,2026-09-05T11:27:40+00:00
1432c23a19d64a61,7411,2026-09-05T11:27:40+00:00
729e997ffe194b1d,7412,2026-09-05T11:27:40+00:00
2f6f8f3e9bdd4a31,7413,2026-09-05T11:27:40+00:00
2a09b258803248d6,7414,2026-09-05T11:27:40+00:00
7c0defb5eea74502,7415,2026-09-05T11:27:40+00:00
10697cd338c745e8,7416,2026-09-05T11:27:40+00:00
5a6c5e5b8c514dbc,7417,2026-09-05T11:27:40+00:00
da0d3d1a7c174979,7418,2026-09-05T11:27:40+00:00
41a52abcc8684e1f,7419,2026-09-05T11:27:40+00:00
76afecd38145451f,7420,2026-09-05T11:27:40+00:00
a362eb9aac8945ce,7421,2026-09-05T11:27:40+00:00
27f17589b6204990,7422,2026-09-05T11:27:40+00:00
8c1713b6e88e4060,7423,2026-09-05T11:27:40+00:00
b802b9caea3945a3,7424,2026-09-05T11:27:40+00:00
3e864edba4a7444b,7425,2026-09-05T11:27:40+00:00
15392d2e4aef40b3,7426,2026-09-05T11:27:40+00:00
0b5e17fd01f54a86,7427,2026-09-05T11:27:40+00:00
273c0e17650d4784,7428,2026-09-05T11:27:40+00:00
2987e4346b034394,7429,2026-09-05T11:27:40+00:00
58e1371f146d4c5a,7430,2026-09-05T11:27:40+00:00
74f7cba32bbe4a1f,7431,2026-09-05T11:27:40+00:00
d41b7c8b38af41b8,7432,2026-09-05T11:27:40+00:00
41cf8a6fec1547dc,7433,2026-09-05T11:27:40+00:00
c9efaeb7151e497a,7434,2026-09-05T11:27:40+00:00
76c35b239ab9449f,7435,2026-09-05T11:27:40+00:00
f2b22eb0dc934f94,7436,2026-09-05T11:27:40+00:00
cefc69c86419407e,7437,2026-09-05T11:27:40+00:00
102fd094202d485a,7438,2026-09-05T11:27:40+00:00
121cc020cca948cf,7439,2026-09-05T11:27:40+00:00
b7d06e9c184d4415,7440,2026-09-05T11:27:40+00:00
835c95a2808c41d6,7441,2026-09-05T11:27:40+00:00
50038ae508d647fd,7442,2026-09-05T11:27:40+00:00
c78c2e2bbfbb45e9,7443,2026-09-05T11:27:40+00:00
aa84df2274d746c0,7444,2026-09-05T11:27:40+00:00
70e79550159e4c28,7445,2026-09-05T11:27:40+00:00
c6dcca37ae0f4ae2,7446,2026-09-05T11:27:40+00:00
f8b332c07c534d3d,7447,2026-09-05T11:27:40+00:00
fab13e0fd15f49db,7448,2026-09-05T11:27:40+00:00
ab3136f754eb4181,7449,2026-09-05T11:27:40+00:00
be9b9b5d0e564a80,7450,2026-09-05T11:27:40+00:00
101091efa1704978,7451,2026-09-05T11:27:40+00:00
6e91e424eb504907,7452,2026-09-05T11:27:40+00:00
b92327987b54491a,7453,2026-09-05T11:27:40+00:00
82f68675e5404a9d,7454,2026-09-05T11:27:40+00:00
39e131af2ffd429f,7455,2026-09-05T11:27:40+00:00
cf69556090224650,7456,2026-09-05T11:27:40+00:00
eeecfa42a9384bf8,7457,2026-09-05T11:27:40+00:00
ee586ef827994ef6,7458,2026-09-05T11:27:40+00:00
e136eebcc87a4153,7459,2026-09-05T11:27:40+00:00
d612b92d5c184a8f,7460,2026-09-05T11:27:40+00:00
2ebc0a9944d14fc9,7461,2026-09-05T11:27:40+00:00
28968710329b420c,7462,2026-09-05T11:27:40+00:00
63fd55cf535942f2,7463,2026-09-05T11:27:40+00:00
c8ac36d1ab4e47ad,7464,2026-09-05T11:27:40+00:00
bea0e349f6a749b9,7465,2026-09-05T11:27:40+00:00
ddb8e990dcc04e7c,7466,2026-09-05T11:27:40+00:00
b32aca7168e94521,7467,2026-09-05T11:27:40+00:00
45df921380b14081,7468,2026-09-05T11:27:40+00:00
f9da6842369c4964,7469,2026-09-05T11:27:40+00:00
8f45b163a49441fb,7470,2026-09-05T11:27:40+00:00
196c0ce3579a40c7,7471,2026-09-05T11:27:40+00:00
3923f413dc5340d1,7472,2026-09-05T11:27:40+00:00
9fac2a5cd1854d1f,7473,2026-09-05T11:27:40+00:00
dd8c488045c247f4,7474,2026-09-05T11:27:40+00:00
f369672bcc5146f1,7475,2026-09-05T11:27:40+00:00
37b22525850747aa,7476,2026-09-05T11:27:40+00:00
f65c56218ebd4216,7477,2026-09-05T11:27:40+00:00
83e6ffe135864a8b,7478,2026-09-05T11:27:40+00:00
a7e41ca54f56462b,7479,2026-09-05T11:27:40+00:00
675cf4d689754a34,7480,2026-09-05T11:27:40+00:00
45107816e90c4dfc,7481,2026-09-05T11:27:40+00:00
8c780078623546da,7482,2026-09-05T11:27:40+00:00
c96cf38640cf4b97,7483,2026-09-05T11:27:40+00:00
946eb870438846bd,7484,2026-09-05T11:27:40+00:00
988fe04066124709,7485,2026-09-05T11:27:40+00:00
328aaf95599f4b44,7486,2026-09-05T11:27:40+00:00
2b46fab5034f440e,7487,2026-09-05T11:27:40+00:00
4da837e51d5a45bf,7488,2026-09-05T11:27:40+00:00
53c8318f6ec0407d,7489,2026-09-05T11:27:40+00:00
721b2e08db754f94,7490,2026-09-05T11:27:40+00:00
ef869ae9d9a34421,7491,2026-09-05T11:27:40+00:00
30593886753a43ed,7492,2026-09-05T11:27:40+00:00
fb06b5fc619f44ff,7493,2026-09-05T11:27:40+00:00
c71e2ef4e555429b,7494,2026-09-05T11:27:40+00:00
fbe5f2440c7543e9,7495,2026-09-05T11:27:40+00:00
0697c8d5dacf4123,7496,2026-09-05T11:27:40+00:00
f02dfc28154f45e2,7497,2026-09-05T11:27:40+00:00
fd53438ccd8a4edf,7498,2026-09-05T11:27:40+00:00
8a4b62b72b42446a,7499,2026-09-05T11:27:40+00:00
9b97de71db8743c1,7500,2026-09-05T11:27:40+00:00
707a40b26a684669,7501,2026-09-05T11:27:40+00:00
ec550b2ddd9c4042,7502,2026-09-05T11:27:40+00:00
cfe8403ecc2140fe,7503,2026-09-05T11:27:40+00:00
f4086e14f3444742,7504,2026-09-05T11:27:40+00:00
8e28f192b84c4236,7505,2026-09-05T11:27:40+00:00
045314ec8f664712,7506,2026-09-05T11:27:40+00:00
764f6913afff4a06,7507,2026-09-05T11:27:40+00:00
d762c307dad34f43,7508,2026-09-05T11:27:40+00:00
0df5065a275c432b,7509,2026-09-05T11:27:40+00:00
d21069135a054a95,7510,2026-09-05T11:27:40+00:00
d72b6762fe56407f,7511,2026-09-05T11:27:40+00:00
2f4b726182a04b22,7512,2026-09-05T11:27:40+00:00
580a4758d4ba46dc,7513,2026-09-05T11:27:40+00:00
8f387a6a68704d31,7514,2026-09-05T11:27:40+00:00
4f1b6b62ff354699,7515,2026-09-05T11:27:40+00:00
007aa8477ae54fec,7516,2026-09-05T11:27:40+00:00
d4214a9aef6c40f6,7517,2026-09-05T11:27:40+00:00
35114d5ac6d840a5,7518,2026-09-05T11:27:40+00:00
e2e66c25d9944438,7519,2026-09-05T11:27:40+00:00
3ed9bf551e1f4ac4,7520,2026-09-05T11:27:40+00:00
f62e95cc21ae4946,7521,2026-09-05T11:27:40+00:00
0d1fad078fb54feb,7522,2026-09-05T11:27:40+00:00
13e6b306c0b14ffc,7523,2026-09-05T11:27:40+00:00
bf82564494f147a2,7524,2026-09-05T11:27:40+00:00
d9de929b4ea04fb6,7525,2026-09-05T11:27:40+00:00
c251b2f5fca447d5,7526,2026-09-05T11:27:40+00:00
fcadbd2a62b0456f,7527,2026-09-05T11:27:40+00:00
601ade40bb44492e,7528,2026-09-05T11:27:40+00:00
94207d7b8d534578,7529,2026-09-05T11:27:40+00:00
70eba1c7407e4ef9,7530,2026-09-05T11:27:40+00:00
5beb6347d0c74890,7531,2026-09-05T11:27:40+00:00
b5912f2846cf432b,7532,2026-09-05T11:27:40+00:00
8a1547c498f44605,7533,2026-09-05T11:27:40+00:00
bba5464b656c4e20,7534,2026-09-05T11:27:40+00:00
db9a3495ebec4846,7535,2026-09-05T11:27:40+00:00
b7b760cb92914a3f,7536,2026-09-05T11:27:40+00:00
7b21868965de4abe,7537,2026-09-05T11:27:40+00:00
a55139e2cf22457d,7538,2026-09-05T11:27:40+00:00
ea6914d3f2a24b41,7539,2026-09-05T11:27:40+00:00
b55ba4c7ce354a59,7540,2026-09-05T11:27:40+00:00
536f71ef2e1e4f0b,7541,2026-09-05T11:27:40+00:00
f49ba04453fe4822,7542,2026-09-05T11:27:40+00:00
f36247a3b65e4d61,7543,2026-09-05T11:27:40+00:00
cc09140d2cce4325,7544,2026-09-05T11:27:40+00:00
ef3b4f7bb4b74cbd,7545,2026-09-05T11:27:40+00:00
325d5604ae874f80,7546,2026-09-05T11:27:40+00:00
7eaf9dfdb2ad47c0,7547,2026-09-05T11:27:40+00:00
b421d95812c54025,7548,2026-09-05T11:27:40+00:00
31c557fca58c43eb,7549,2026-09-05T11:27:40+00:00
06b2d739726f445d,7550,2026-09-05T11:27:40+00:00
1467659ae0dc4ac9,7551,2026-09-05T11:27:40+00:00
fc746ffd374340c9,7552,2026-09-05T11:27:40+00:00
3cfe3438d2334243,7553,2026-09-05T11:27:40+00:00
e9a6d9020d034a46,7554,2026-09-05T11:27:40+00:00
fbbfec62908d4f3a,7555,2026-09-05T11:27:40+00:00
dc8246cc26444a1e,7556,2026-09-05T11:27:40+00:00
fe0f70d4bcc14054,7557,2026-09-05T11:27:40+00:00
79b8bc71410a4e8a,7558,2026-09-05T11:27:40+00:00
47033ddd012647ea,7559,2026-09-05T11:27:40+00:00
6b67f6d0ec614e53,7560,2026-09-05T11:27:40+00:00
9e87d49266994922,7561,2026-09-05T11:27:40+00:00
782553d79beb4f1a,7562,2026-09-05T11:27:40+00:00
6d399602c37043e7,7563,2026-09-05T11:27:40+00:00
8d8fac8eb8fc46c1,7564,2026-09-05T11:27:40+00:00
28fdd965b29d44d3,7565,2026-09-05T11:27:40+00:00
796d91ca481d4c92,7566,2026-09-05T11:27:40+00:00
c3c929aa567d4a56,7567,2026-09-05T11:27:40+00:00
edcf2151be744627,7568,2026-09-05T11:27:40+00:00
2d772f9f0635442d,7569,2026-09-05T11:27:40+00:00
cfb3f03fe1194d03,7570,2026-09-05T11:27:40+00:00
59d6391d13604811,7571,2026-09-05T11:27:40+00:00
1547df2b41564d50,7572,2026-09-05T11:27:40+00:00
ade4c3bc83064545,7573,2026-09-05T11:27:40+00:00
1caf305818f24efc,7574,2026-09-05T11:27:40+00:00
22675ff39d784211,7575,2026-09-05T11:27:40+00:00
e5bb287756a143a8,7576,2026-09-05T11:27:40+00:00
845df872760c452d,7577,2026-09-05T11:27:40+00:00
4c60678d86af4165,7578,2026-09-05T11:27:40+00:00
efdac4392d184a88,7579,2026-09-05T11:27:40+00:00
49f94deb1dcf457f,7580,2026-09-05T11:27:40+00:00
a417a6ccb6174030,7581,2026-09-05T11:27:40+00:00
b34f0ddf9efc44db,7582,2026-09-05T11:27:40+00:00
cf35853646c44eb6,7583,2026-09-05T11:27:40+00:00
6ef2c45019da4256,7584,2026-09-05T11:27:40+00:00
4c20e5eb7d9846e6,7585,2026-09-05T11:27:40+00:00
6fff9944ec664df0,7586,2026-09-05T11:27:40+00:00
ee88f4310e1d4984,7587,2026-09-05T11:27:40+00:00
727027c54f69490f,7588,2026-09-05T11:27:40+00:00
6592df08c9d64f82,7589,2026-09-05T11:27:40+00:00
3a92975da5e4443c,7590,2026-09-05T11:27:40+00:00
f568c307543a4f07,7591,2026-09-05T11:27:40+00:00
c0814f3c2fcc4d54,7592,2026-09-05T11:27:40+00:00
7be4817b19a74ca4,7593,2026-09-05T11:27:40+00:00
cc01748b8bb242fd,7594,2026-09-05T11:27:40+00:00
2d1595018d3d4f15,7595,2026-09-05T11:27:40+00:00
562781df726540e0,7596,2026-09-05T11:27:40+00:00
cf95aa974609442b,7597,2026-09-05T11:27:40+00:00
9318547293a44294,7598,2026-09-05T11:27:40+00:00
00118e824a4e4e02,7599,2026-09-05T11:27:40+00:00
d725069bcde44e57,7600,2026-09-05T11:27:40+00:00
226ee18f5eae4ce0,7601,2026-09-05T11:27:40+00:00
c058e5e96b2246af,7602,2026-09-05T11:27:40+00:00
20d733c2ef3842ab,7603,2026-09-05T11:27:40+00:00
d813b8c400b54a54,7604,2026-09-05T11:27:40+00:00
78f44c5b53824a26,7605,2026-09-05T11:27:40+00:00
04923d5e8b19438c,7606,2026-09-05T11:27:40+00:00
6bc7cb4e78274522,7607,2026-09-05T11:27:40+00:00
5a77cbd6adb2444f,7608,2026-09-05T11:27:40+00:00
5cfba351838a45f5,7609,2026-09-05T11:27:40+00:00
e8d15115f76c4aab,7610,2026-09-05T11:27:40+00:00
df674258157a4283,7611,2026-09-05T11:27:40+00:00
f2171a26c04d4286,7612,2026-09-05T11:27:40+00:00
5c31e6cdfd2742f7,7613,2026-09-05T11:27:40+00:00
b0e876628f8c4da7,7614,2026-09-05T11:27:40+00:00
dd412266931345c1,7615,2026-09-05T11:27:40+00:00
939abd8b81b849d8,7616,2026-09-05T11:27:40+00:00
05484545aec64831,7617,2026-09-05T11:27:40+00:00
f6fc735c71814eec,7618,2026-09-05T11:27:40+00:00
bc661da33eda4b53,7619,2026-09-05T11:27:40+00:00
82df8149b43447cf,7620,2026-09-05T11:27:40+00:00
df5f6977c7e34beb,7621,2026-09-05T11:27:40+00:00
be5d05caab7d4fb4,7622,2026-09-05T11:27:40+00:00
3a494f2465de4955,7623,2026-09-05T11:27:40+00:00
f3baa9aefdb944d5,7624,2026-09-05T11:27:40+00:00
985c11db49bd43ef,7625,2026-09-05T11:27:40+00:00
429455775f5e4e88,7626,2026-09-05T11:27:40+00:00
8685323ce49746c4,7627,2026-09-05T11:27:40+00:00
7b0ab6a30b814adb,7628,2026-09-05T11:27:40+00:00
d993e090c7ea4077,7629,2026-09-05T11:27:40+00:00
7a2e4f619651472c,7630,2026-09-05T11:27:40+00:00
1723088dd44c46b3,7631,2026-09-05T11:27:40+00:00
22af678ca6414dd5,7632,2026-09-05T11:27:40+00:00
55d57f786365462d,7633,2026-09-05T11:27:40+00:00
9b0b92b97faa422d,7634,2026-09-05T11:27:40+00:00
81af16edb92842cc,7635,2026-09-05T11:27:40+00:00
49047b03f0cf4c14,7636,2026-09-05T11:27:40+00:00
44a20088537f41c1,7637,2026-09-05T11:27:40+00:00
7419b27eeb5b4ef3,7638,2026-09-05T11:27:40+00:00
e44c66eb998f4f89,7639,2026-09-05T11:27:40+00:00
255bb08832494aa8,7640,2026-09-05T11:27:40+00:00
31fd4dddf8324626,7641,2026-09-05T11:27:40+00:00
8d487c589a3144f5,7642,2026-09-05T11:27:40+00:00
3a795bac84ee468f,7643,2026-09-05T11:27:40+00:00
64b692103a9f48dc,7644,2026-09-05T11:27:40+00:00
dedfbec47c5c42bb,7645,2026-09-05T11:27:40+00:00
b8d7aa3586c44a91,7646,2026-09-05T11:27:40+00:00
0a3798e66d534ae4,7647,2026-09-05T11:27:40+00:00
5ee67ce6c6fb44be,7648,2026-09-05T11:27:40+00:00
81a48f312a45419c,7649,2026-09-05T11:27:40+00:00
1bd6fa5fadd6400e,7650,2026-09-05T11:27:40+00:00
fe1df90aa5ce47bf,7651,2026-09-05T11:27:40+00:00
571d0fb6b6ec4b8a,7652,2026-09-05T11:27:40+00:00
1493ca0657ff4ee8,7653,2026-09-05T11:27:40+00:00
8d1323bfaa5b4ecc,7654,2026-09-05T11:27:40+00:00
e8a3a27d4c3b43e7,7655,2026-09-05T11:27:40+00:00
8b271a850d3344a4,7656,2026-09-05T11:27:40+00:00
ffaa186e637c4fcd,7657,2026-09-05T11:27:40+00:00
5da45b644c9342b3,7658,2026-09-05T11:27:40+00:00
809f5370ec574228,7659,2026-09-05T11:27:40+00:00
1773594d52464355,7660,2026-09-05T11:27:40+00:00
c69261cd9e58455a,7661,2026-09-05T11:27:40+00:00
ef24628f14a34723,7662,2026-09-05T11:27:40+00:00
4766f8ab8de34810,7663,2026-09-05T11:27:40+00:00
d06e48fa68864ca3,7664,2026-09-05T11:27:40+00:00
f893d4e0ce1c4ebf,7665,2026-09-05T11:27:40+00:00
e904818b76e54ee1,7666,2026-09-05T11:27:40+00:00
c45691cd8bf84b39,7667,2026-09-05T11:27:40+00:00
c8b0d2e5ca424e83,7668,2026-09-05T11:27:40+00:00
ea265a11bda24eca,7669,2026-09-05T11:27:40+00:00
b07ac824c7ce4ff9,7670,2026-09-05T11:27:40+00:00
7b4ded60f7194541,7671,2026-09-05T11:27:40+00:00
2140dfab45284acf,7672,2026-09-05T11:27:40+00:00
9a7340f0b3df4503,7673,2026-09-05T11:27:40+00:00
da73b648e8cf4ecd,7674,2026-09-05T11:27:40+00:00
df9d0aca98234b36,7675,2026-09-05T11:27:40+00:00
51ca9b345b3b4c90,7676,2026-09-05T11:27:40+00:00
792661c367144cc6,7677,2026-09-05T11:27:40+00:00
5f9f8379a4cf4222,7678,2026-09-05T11:27:40+00:00
30bd149abf8e4495,7679,2026-09-05T11:27:40+00:00
aea1fd97215c4a57,7680,2026-09-05T11:27:40+00:00
93251779686b4817,7681,2026-09-05T11:27:40+00:00
e050671f69a64f5b,7682,2026-09-05T11:27:40+00:00
2b59d41e90304e43,7683,2026-09-05T11:27:40+00:00
bac2755a0a7843c9,7684,2026-09-05T11:27:40+00:00
1283a8ef6cad41b0,7685,2026-09-05T11:27:40+00:00
8185ad4e1aa247a3,7686,2026-09-05T11:27:40+00:00
e3f5b3090f4f45d9,7687,2026-09-05T11:27:40+00:00
ae67fec3797f4f83,7688,2026-09-05T11:27:40+00:00
02d2665af85e4994,7689,2026-09-05T11:27:40+00:00
8dc079d3d1074ac1,7690,2026-09-05T11:27:40+00:00
f7ce6c13ad834b11,7691,2026-09-05T11:27:40+00:00
581f062bd78a4f4f,7692,2026-09-05T11:27:40+00:00
a4ea7e833f1e41ee,7693,2026-09-05T11:27:40+00:00
3d8a16f50ce941db,7694,2026-09-05T11:27:40+00:00
f712ba6e18cb4871,7695,2026-09-05T11:27:40+00:00
38347ab194734ca1,7696,2026-09-05T11:27:40+00:00
d75ff5dc82ff4c3b,7697,2026-09-05T11:27:40+00:00
059fc81726914b95,7698,2026-09-05T11:27:40+00:00
26ab396be1394bcc,7699,2026-09-05T11:27:40+00:00
7690100fb82b4a96,7700,2026-09-05T11:27:40+00:00
5616d3038c024f07,7701,2026-09-05T11:27:40+00:00
fc0bc87fd3e34e4b,7702,2026-09-05T11:27:40+00:00
dd3518fc47ee4029,7703,2026-09-05T11:27:40+00:00
28efc22d965242ad,7704,2026-09-05T11:27:40+00:00
e58c171bd7a84a6a,7705,2026-09-05T11:27:40+00:00
d7b6b42b623e4588,7706,2026-09-05T11:27:40+00:00
2ac913a396e64a67,7707,2026-09-05T11:27:40+00:00
69ba06818638433f,7708,2026-09-05T11:27:40+00:00
28d907aa4524414d,7709,2026-09-05T11:27:40+00:00
abdfe5a5947d48ca,7710,2026-09-05T11:27:40+00:00
7d647adf37ad4af3,7711,2026-09-05T11:27:40+00:00
076472f358414575,7712,2026-09-05T11:27:40+00:00
e17f67e5afc8431a,7713,2026-09-05T11:27:40+00:00
1f4cb2c17da14727,7714,2026-09-05T11:27:40+00:00
f3f313d7ba5a4f36,7715,2026-09-05T11:27:40+00:00
a572d5f4bcba4c31,7716,2026-09-05T11:27:40+00:00
71e45f1ad5c740b6,7717,2026-09-05T11:27:40+00:00
e92fb1a89f66400e,7718,2026-09-05T11:27:40+00:00
5e55a93c09e7451f,7719,2026-09-05T11:27:40+00:00
2e8a6944b8a24770,7720,2026-09-05T11:27:40+00:00
b9aba135681a4bca,7721,2026-09-05T11:27:40+00:00
22fed53e8a114426,7722,2026-09-05T11:27:40+00:00
f83840b40bc34997,7723,2026-09-05T11:27:40+00:00
c77e0a258c7d4e28,7724,2026-09-05T11:27:40+00:00
a1c4612bee294a47,7725,2026-09-05T11:27:40+00:00
02d68d0c87fb48d3,7726,2026-09-05T11:27:40+00:00
08b70d82415a49b6,7727,2026-09-05T11:27:40+00:00
fc12e86a94804466,7728,2026-09-05T11:27:40+00:00
288ca3a25e504c09,7729,2026-09-05T11:27:40+00:00
0f7780e5799146d0,7730,2026-09-05T11:27:40+00:00
1d796aae1cc14924,7731,2026-09-05T11:27:40+00:00
8513b99fe8c2436c,7732,2026-09-05T11:27:40+00:00
2d87836c89574776,7733,2026-09-05T11:27:40+00:00
fc23929999d540b8,7734,2026-09-05T11:27:40+00:00
6eeef9640d37464e,7735,2026-09-05T11:27:40+00:00
5e8cdc6a01b947bf,7736,2026-09-05T11:27:40+00:00
78d72f8cdd1b4548,7737,2026-09-05T11:27:40+00:00
8379eca65e424abf,7738,2026-09-05T11:27:40+00:00
49447d1ac531420d,7739,2026-09-05T11:27:40+00:00
fd81585ea6a44b52,7740,2026-09-05T11:27:40+00:00
f63d536c839c4827,7741,2026-09-05T11:27:40+00:00
5553e46483cd4be4,7742,2026-09-05T11:27:40+00:00
0e16881f22094de5,7743,2026-09-05T11:27:40+00:00
fe75bd8cb5944e44,7744,2026-09-05T11:27:40+00:00
f4b9f7d50a8045c0,7745,2026-09-05T11:27:40+00:00
4a19521a23f448d9,7746,2026-09-05T11:27:40+00:00
6a62eb2aa06d46bd,7747,2026-09-05T11:27:40+00:00
ed6b0aab1e4444cf,7748,2026-09-05T11:27:40+00:00
1edd20012f9c4584,7749,2026-09-05T11:27:40+00:00
ebc207fbee5f4945,7750,2026-09-05T11:27:40+00:00
5837281f007841ce,7751,2026-09-05T11:27:40+00:00
48b7dea7773d4d74,7752,2026-09-05T11:27:40+00:00
54945c3883414c00,7753,2026-09-05T11:27:40+00:00
ec3f2a4c98174b06,7754,2026-09-05T11:27:40+00:00
c82a3bb09e2d419b,7755,2026-09-05T11:27:40+00:00
5b8a75a74a094b20,7756,2026-09-05T11:27:40+00:00
4dc2920ab6b24161,7757,2026-09-05T11:27:40+00:00
dededa8878624c0f,7758,2026-09-05T11:27:40+00:00
614ce1b4554b4088,7759,2026-09-05T11:27:40+00:00
46d6838999db44f0,7760,2026-09-05T11:27:40+00:00
774774a062e741e5,7761,2026-09-05T11:27:40+00:00
c8277ade7cf1498b,7762,2026-09-05T11:27:40+00:00
946ed3d3db2c415b,7763,2026-09-05T11:27:40+00:00
3d5111f0fa074068,7764,2026-09-05T11:27:40+00:00
1b385b61eb5146f0,7765,2026-09-05T11:27:40+00:00
fd7220f5d62a496f,7766,2026-09-05T11:27:40+00:00
aad8c85731a94c25,7767,2026-09-05T11:27:40+00:00
10f03dc2a5904008,7768,2026-09-05T11:27:40+00:00
0ed8d2691f9e4232,7769,2026-09-05T11:27:40+00:00
2d6d370da57e4364,7770,2026-09-05T11:27:40+00:00
34c440809bc74dae,7771,2026-09-05T11:27:40+00:00
1c034783f5114b25,7772,2026-09-05T11:27:40+00:00
c0a14e92ac3b4b2a,7773,2026-09-05T11:27:40+00:00
b822eb9e3b6a4612,7774,2026-09-05T11:27:40+00:00
86cc7dfd30bd469d,7775,2026-09-05T11:27:40+00:00
6e50d3016be84f9d,7776,2026-09-05T11:27:40+00:00
8d931bc625c24228,7777,2026-09-05T11:27:40+00:00
aa7529f37cb94558,7778,2026-09-05T11:27:40+00:00
8b163daab4034a08,7779,2026-09-05T11:27:40+00:00
491479d313234b2a,7780,2026-09-05T11:27:40+00:00
14f91ed91d524d8b,7781,2026-09-05T11:27:40+00:00
a7cfed8518c6484c,7782,2026-09-05T11:27:40+00:00
6c9c9949273d4001,7783,2026-09-05T11:27:40+00:00
2ff2f45702294afd,7784,2026-09-05T11:27:40+00:00
715f0ac3e4aa48c5,7785,2026-09-05T11:27:40+00:00
22132139e04e4a1e,7786,2026-09-05T11:27:40+00:00
a60c29ad6b6d4982,7787,2026-09-05T11:27:40+00:00
87a6a19db1254868,7788,2026-09-05T11:27:40+00:00
24f6580f6d204149,7789,2026-09-05T11:27:40+00:00
72757bcbdf18438c,7790,2026-09-05T11:27:40+00:00
bf7fddc8c0904e2e,7791,2026-09-05T11:27:40+00:00
08d815e9f427441e,7792,2026-09-05T11:27:40+00:00
0259eb87f1364fcd,7793,2026-09-05T11:27:40+00:00
d88e4f0be7414c69,7794,2026-09-05T11:27:40+00:00
c1a6fb4fc7154f2f,7795,2026-09-05T11:27:40+00:00
1282580a12c34c92,7796,2026-09-05T11:27:40+00:00
73f04ef793b04bd1,7797,2026-09-05T11:27:40+00:00
8a1fc268acff4691,7798,2026-09-05T11:27:40+00:00
63c46d19db49405f,7799,2026-09-05T11:27:40+00:00
042948bce2304084,7800,2026-09-05T11:27:40+00:00
61713eb675cc4ace,7801,2026-09-05T11:27:40+00:00
f26c72d366ae47f0,7802,2026-09-05T11:27:40+00:00
4ad9d3797755475a,7803,2026-09-05T11:27:40+00:00
2f7a01685a694c00,7804,2026-09-05T11:27:40+00:00
82670c3827b5480c,7805,2026-09-05T11:27:40+00:00
0000cd978bbd426f,7806,2026-09-05T11:27:40+00:00
653fd8a0f4994c37,7807,2026-09-05T11:27:40+00:00
137fdfb533ab438a,7808,2026-09-05T11:27:40+00:00
bf8a60b95d1642a6,7809,2026-09-05T11:27:40+00:00
d86763748c284f55,7810,2026-09-05T11:27:40+00:00
9f2f3934e60e48a3,7811,2026-09-05T11:27:40+00:00
1375115c50e04283,7812,2026-09-05T11:27:40+00:00
752efc085980411a,7813,2026-09-05T11:27:40+00:00
e34640d5419c4673,7814,2026-09-05T11:27:40+00:00
bee3291f73f34740,7815,2026-09-05T11:27:40+00:00
eafcb74293254eb3,7816,2026-09-05T11:27:40+00:00
3cefc403b0e0457e,7817,2026-09-05T11:27:40+00:00
a2dc01e59c534f5a,7818,2026-09-05T11:27:40+00:00
aa310c9bcf894291,7819,2026-09-05T11:27:40+00:00
6cef473536574b16,7820,2026-09-05T11:27:40+00:00
b1fa5e7497944ed3,7821,2026-09-05T11:27:40+00:00
2007449744054bb8,7822,2026-09-05T11:27:40+00:00
c178e4abc3c14fc6,7823,2026-09-05T11:27:40+00:00
b7179bf8c91d43de,7824,2026-09-05T11:27:40+00:00
db03b8ffe71943e2,7825,2026-09-05T11:27:40+00:00
10dd4306098c452c,7826,2026-09-05T11:27:40+00:00
e24ac3d004724475,7827,2026-09-05T11:27:40+00:00
8a8c721023914428,7828,2026-09-05T11:27:40+00:00
0abbc1772c524dc9,7829,2026-09-05T11:27:40+00:00
196fd779830e4ca2,7830,2026-09-05T11:27:40+00:00
99a003cb8ccc48df,7831,2026-09-05T11:27:40+00:00
3e648c5efe724523,7832,2026-09-05T11:27:40+00:00
c4155b2301244de4,7833,2026-09-05T11:27:40+00:00
72104b123cad4a1a,7834,2026-09-05T11:27:40+00:00
10e4a61a81c7467e,7835,2026-09-05T11:27:40+00:00
ca56001fb40245af,7836,2026-09-05T11:27:40+00:00
033a1ef83c8b4e57,7837,2026-09-05T11:27:40+00:00
6e032d50bf024f2f,7838,2026-09-05T11:27:40+00:00
2fb5d4ab0bd547cc,7839,2026-09-05T11:27:40+00:00
573882c40c1f44a6,7840,2026-09-05T11:27:40+00:00
4bf8c67a6a164a4b,7841,2026-09-05T11:27:40+00:00
51ce951515b24e2c,7842,2026-09-05T11:27:40+00:00
faf765d8a6de4e89,7843,2026-09-05T11:27:40+00:00
7afa481fa37d45a7,7844,2026-09-05T11:27:40+00:00
16c6ce0c004f4fc1,7845,2026-09-05T11:27:40+00:00
dbb7ee1a65a04a1c,7846,2026-09-05T11:27:40+00:00
cd36d3e299c7401d,7847,2026-09-05T11:27:40+00:00
f097e6136fa74cf8,7848,2026-09-05T11:27:40+00:00
a4860973acbd433d,7849,2026-09-05T11:27:40+00:00
9d7e48deb4d04bb2,7850,2026-09-05T11:27:40+00:00
f6f58c7122524695,7851,2026-09-05T11:27:40+00:00
18a764e35b254e4f,7852,2026-09-05T11:27:40+00:00
2da351ef423749d9,7853,2026-09-05T11:27:40+00:00
099df63e70804a6c,7854,2026-09-05T11:27:40+00:00
c2b048fbe2384208,7855,2026-09-05T11:27:40+00:00
a476322197fe4a19,7856,2026-09-05T11:27:40+00:00
c951bf024faa4126,7857,2026-09-05T11:27:40+00:00
a255057cdc0f4ccc,7858,2026-09-05T11:27:40+00:00
876581be38ca464f,7859,2026-09-05T11:27:40+00:00
67036713ed0f4d39,7860,2026-09-05T11:27:40+00:00
ff55cf08d2e448af,7861,2026-09-05T11:27:40+00:00
e5752addb2b440a7,7862,2026-09-05T11:27:40+00:00
9077f6561fb847cf,7863,2026-09-05T11:27:40+00:00
465813451ba3424e,7864,2026-09-05T11:27:40+00:00
bd3c5b9725ba4f5f,7865,2026-09-05T11:27:40+00:00
17abc8b4b4124d82,7866,2026-09-05T11:27:40+00:00
262e524210254d08,7867,2026-09-05T11:27:40+00:00
fed2a31aa89c4c8b,7868,2026-09-05T11:27:40+00:00
a430fb0e7efc42dc,7869,2026-09-05T11:27:40+00:00
2773ffcae9d947d7,7870,2026-09-05T11:27:40+00:00
b34997f71f884b1a,7871,2026-09-05T11:27:40+00:00
f5147edda83c4bf2,7872,2026-09-05T11:27:40+00:00
33ca1c0c029c4905,7873,2026-09-05T11:27:40+00:00
e9dd3dfa40fc4518,7874,2026-09-05T11:27:40+00:00
bb8cf8bb0ef94a49,7875,2026-09-05T11:27:40+00:00
b1a0bd23a50746b3,7876,2026-09-05T11:27:40+00:00
75282771c8ad4abb,7877,2026-09-05T11:27:40+00:00
844028fae6ac447b,7878,2026-09-05T11:27:40+00:00
60c8ebb283584f6e,7879,2026-09-05T11:27:40+00:00
0f4199f99f1d421b,7880,2026-09-05T11:27:40+00:00
cbf077de314d41e0,7881,2026-09-05T11:27:40+00:00
eb9e69b27ced49ec,7882,2026-09-05T11:27:40+00:00
3b72b8a07fba4361,7883,2026-09-05T11:27:40+00:00
d9c7b5390a00483e,7884,2026-09-05T11:27:40+00:00
b475591c3ec449a8,7885,2026-09-05T11:27:40+00:00
8504316bc58347b4,7886,2026-09-05T11:27:40+00:00
b474fd6620e64001,7887,2026-09-05T11:27:40+00:00
1f3a687d20bc4ff8,7888,2026-09-05T11:27:40+00:00
00ab9ff6ef894c60,7889,2026-09-05T11:27:40+00:00
6e8ad6e4b9ae4057,7890,2026-09-05T11:27:40+00:00
5fca07d2d65f44b2,7891,2026-09-05T11:27:40+00:00
68904fa4f17a443c,7892,2026-09-05T11:27:40+00:00
557b93ae87974ab0,7893,2026-09-05T11:27:40+00:00
be04ea2762e449a3,7894,2026-09-05T11:27:40+00:00
7dbf5ae405aa4b6c,7895,2026-09-05T11:27:40+00:00
b40374aebb2d4e43,7896,2026-09-05T11:27:40+00:00
ecbcd5c371974618,7897,2026-09-05T11:27:40+00:00
6edd31a85a2b4fe4,7898,2026-09-05T11:27:40+00:00
4ab74b4b8df24207,7899,2026-09-05T11:27:40+00:00
f4105abcda414033,7900,2026-09-05T11:27:40+00:00
e7d016d86ad6412c,7901,2026-09-05T11:27:40+00:00
999b429844d74f69,7902,2026-09-05T11:27:40+00:00
092437eb85c34c87,7903,2026-09-05T11:27:40+00:00
7b42a3e49073440c,7904,2026-09-05T11:27:40+00:00
154c41b99056495e,7905,2026-09-05T11:27:40+00:00
cc571c66b35e4a0f,7906,2026-09-05T11:27:40+00:00
f05a76b501bb47c2,7907,2026-09-05T11:27:40+00:00
1384d2c28092407b,7908,2026-09-05T11:27:40+00:00
949e27b881f547af,7909,2026-09-05T11:27:40+00:00
cec619ee6c844aa8,7910,2026-09-05T11:27:40+00:00
a8d446b6d1cc40ed,7911,2026-09-05T11:27:40+00:00
a156e506b5714198,7912,2026-09-05T11:27:40+00:00
438a2878453240e9,7913,2026-09-05T11:27:40+00:00
95f2c82a64c5421f,7914,2026-09-05T11:27:40+00:00
a5281e26ea6b45c0,7915,2026-09-05T11:27:40+00:00
2a24c62059524932,7916,2026-09-05T11:27:40+00:00
f9b5d5cf181c4e38,7917,2026-09-05T11:27:40+00:00
ce8ead2dbe644411,7918,2026-09-05T11:27:40+00:00
d04ded382f7e4032,7919,2026-09-05T11:27:40+00:00
346387bc44d94ecc,7920,2026-09-05T11:27:40+00:00
733556c79f734728,7921,2026-09-05T11:27:40+00:00
91518eb3d89344b4,7922,2026-09-05T11:27:40+00:00
ccac3e300fdc4dbd,7923,2026-09-05T11:27:40+00:00
67cd5df6b5bf44e5,7924,2026-09-05T11:27:40+00:00
189ef6f2a7724d1c,7925,2026-09-05T11:27:40+00:00
817a897591d7457f,7926,2026-09-05T11:27:40+00:00
9d1ec064e5cc4fcd,7927,2026-09-05T11:27:40+00:00
cf8911c6b3d14754,7928,2026-09-05T11:27:40+00:00
72be5fb902b44e06,7929,2026-09-05T11:27:40+00:00
d504dc61dd344ecf,7930,2026-09-05T11:27:40+00:00
c2f1ccd29aca49a2,7931,2026-09-05T11:27:40+00:00
57aabcac5e1a45d0,7932,2026-09-05T11:27:40+00:00
a2addc584b4940de,7933,2026-09-05T11:27:40+00:00
205d8a15071b43b6,7934,2026-09-05T11:27:40+00:00
ea2b0f4b59044018,7935,2026-09-05T11:27:40+00:00
82472d3cde2e47e9,7936,2026-09-05T11:27:40+00:00
0c350e3c82a748c7,7937,2026-09-05T11:27:40+00:00
0436223b8fad4345,7938,2026-09-05T11:27:40+00:00
c65d766d176e474b,7939,2026-09-05T11:27:40+00:00
74251bd8e319447c,7940,2026-09-05T11:27:40+00:00
20dbed420ee4400a,7941,2026-09-05T11:27:40+00:00
56ceaae251e94a99,7942,2026-09-05T11:27:40+00:00
9636819eb85f444d,7943,2026-09-05T11:27:40+00:00
66c3500474fa4c4b,7944,2026-09-05T11:27:40+00:00
a28e0e06520f400a,7945,2026-09-05T11:27:40+00:00
f5ecb2870b3b4104,7946,2026-09-05T11:27:40+00:00
d73913e2de204bc5,7947,2026-09-05T11:27:40+00:00
32f865714bb548ef,7948,2026-09-05T11:27:40+00:00
2107186943b64cfa,7949,2026-09-05T11:27:40+00:00
2413a2217e474c4b,7950,2026-09-05T11:27:40+00:00
196a89de937c4ae5,7951,2026-09-05T11:27:40+00:00
6ac684b3d87b4360,7952,2026-09-05T11:27:40+00:00
0138aeb333d14dda,7953,2026-09-05T11:27:40+00:00
16ae626c203d4c97,7954,2026-09-05T11:27:40+00:00
2877375f76ec4878,7955,2026-09-05T11:27:40+00:00
4055ca284da94a9b,7956,2026-09-05T11:27:40+00:00
8d887183abd84821,7957,2026-09-05T11:27:40+00:00
7ade9d04ee7747ad,7958,2026-09-05T11:27:40+00:00
06f24b64ec3245e9,7959,2026-09-05T11:27:40+00:00
211474cc7d254682,7960,2026-09-05T11:27:40+00:00
986c4775729449b9,7961,2026-09-05T11:27:40+00:00
6a1d7ca237574949,7962,2026-09-05T11:27:40+00:00
2e640d5c1d5041b0,7963,2026-09-05T11:27:40+00:00
3cd8c40e44e043a8,7964,2026-09-05T11:27:40+00:00
fdd03b1d9dc64b35,7965,2026-09-05T11:27:40+00:00
c2f497e978864669,7966,2026-09-05T11:27:40+00:00
ab0e246bdd1b4372,7967,2026-09-05T11:27:40+00:00
4f9626089a694337,7968,2026-09-05T11:27:40+00:00
712f296f867a4f2b,7969,2026-09-05T11:27:40+00:00
38a65b425dc54798,7970,2026-09-05T11:27:40+00:00
0b548133a7854f75,7971,2026-09-05T11:27:40+00:00
f351267a0c5f433a,7972,2026-09-05T11:27:40+00:00
bba0b07fa92e4ced,7973,2026-09-05T11:27:40+00:00
4fc4ebe422a54b63,7974,2026-09-05T11:27:40+00:00
531fd3c920914915,7975,2026-09-05T11:27:40+00:00
c886c82dd927422d,7976,2026-09-05T11:27:40+00:00
e7a227b3f9e04dce,7977,2026-09-05T11:27:40+00:00
67c54d4a76524670,7978,2026-09-05T11:27:40+00:00
e042435e1bcb4cd2,7979,2026-09-05T11:27:40+00:00
45e84e1e329544c2,7980,2026-09-05T11:27:40+00:00
76f8285da6824525,7981,2026-09-05T11:27:40+00:00
3d5c3fefd26b4d33,7982,2026-09-05T11:27:40+00:00
07bb3b98a96c4352,7983,2026-09-05T11:27:40+00:00
d1b739ec9b504637,7984,2026-09-05T11:27:40+00:00
4fd28d0aafed40e6,7985,2026-09-05T11:27:40+00:00
c6cf06b0b1e74114,7986,2026-09-05T11:27:40+00:00
ab7b8be200854304,7987,2026-09-05T11:27:40+00:00
0999b50d374d497a,7988,2026-09-05T11:27:40+00:00
893104b5940b45c8,7989,2026-09-05T11:27:40+00:00
85ec2e2b31c24fdc,7990,2026-09-05T11:27:40+00:00
d7d859bc80424ad8,7991,2026-09-05T11:27:40+00:00
fa01cf941f1a436b,7992,2026-09-05T11:27:40+00:00
23f0972ad1d54b20,7993,2026-09-05T11:27:40+00:00
301bf4906b9e4cad,7994,2026-09-05T11:27:40+00:00
a4bb59190ef448bc,7995,2026-09-05T11:27:40+00:00
133871e4c5ef4225,7996,2026-09-05T11:27:40+00:00
78620214ab5d4867,7997,2026-09-05T11:27:40+00:00
3d2fecce3c214c7f,7998,2026-09-05T11:27:40+00:00
37920f9aacc640e5,7999,2026-09-05T11:27:40+00:00
1e5e31d2d00243d0,8000,2026-09-05T11:27:40+00:00
9ba3c22838f74a08,8001,2026-09-05T11:27:40+00:00
44a76d20e25c4df2,8002,2026-09-05T11:27:40+00:00
0a57f5d6a7f94c9c,8003,2026-09-05T11:27:40+00:00
a72156fdd6c94c01,8004,2026-09-05T11:27:40+00:00
e8ba97f62c5f4085,8005,2026-09-05T11:27:40+00:00
b07422edd2e74e3a,8006,2026-09-05T11:27:40+00:00
e7ac28ca57a44ae5,8007,2026-09-05T11:27:40+00:00
c26890b84d1043d9,8008,2026-09-05T11:27:40+00:00
6d14dfef79ee4413,8009,2026-09-05T11:27:40+00:00
ff61e0765d6c4347,8010,2026-09-05T11:27:40+00:00
b81edc98615b46bc,8011,2026-09-05T11:27:40+00:00
205b39b9d02a4ae5,8012,2026-09-05T11:27:40+00:00
1e9f18199ee34374,8013,2026-09-05T11:27:40+00:00
4d8f2660471641b7,8014,2026-09-05T11:27:40+00:00
df14f5d4dab84de8,8015,2026-09-05T11:27:40+00:00
41c34f1d8353486e,8016,2026-09-05T11:27:40+00:00
c276b25f95f44d21,8017,2026-09-05T11:27:40+00:00
776a05db754d428e,8018,2026-09-05T11:27:40+00:00
a7f9f07125cd47f9,8019,2026-09-05T11:27:40+00:00
bca40b475c384b78,8020,2026-09-05T11:27:40+00:00
16cb45a049ac4686,8021,2026-09-05T11:27:40+00:00
a1b8250ec54a4b4a,8022,2026-09-05T11:27:40+00:00
0a14b4e1ff6c4712,8023,2026-09-05T11:27:40+00:00
9aa6d739b7874837,8024,2026-09-05T11:27:40+00:00
d40743399874408c,8025,2026-09-05T11:27:40+00:00
7a72d7ef85234e9f,8026,2026-09-05T11:27:40+00:00
c63079d4ff8d4163,8027,2026-09-05T11:27:40+00:00
2d5aa396447040af,8028,2026-09-05T11:27:40+00:00
4e256f93a9104868,8029,2026-09-05T11:27:40+00:00
52f9fcc174d6453e,8030,2026-09-05T11:27:40+00:00
8116da1a6e6e4af9,8031,2026-09-05T11:27:40+00:00
347d8686168741fc,8032,2026-09-05T11:27:40+00:00
f90fd28205ee4c74,8033,2026-09-05T11:27:40+00:00
b6432285ab8a4406,8034,2026-09-05T11:27:40+00:00
e8eb1a44ec21446f,8035,2026-09-05T11:27:40+00:00
c2b9123f90154790,8036,2026-09-05T11:27:40+00:00
78f8cbb31b0d41b3,8037,2026-09-05T11:27:40+00:00
ee7ef0194b334378,8038,2026-09-05T11:27:40+00:00
a94a9dd94bad4a5d,8039,2026-09-05T11:27:40+00:00
98833b6325dc4c5a,8040,2026-09-05T11:27:40+00:00
32418475ab564550,8041,2026-09-05T11:27:40+00:00
57c084b26e664ae2,8042,2026-09-05T11:27:40+00:00
bdfaf6a5d5cf426f,8043,2026-09-05T11:27:40+00:00
f5edbb657d7c440e,8044,2026-09-05T11:27:40+00:00
fd7220a29cd54ace,8045,2026-09-05T11:27:40+00:00
8c0c62646c4d422f,8046,2026-09-05T11:27:40+00:00
6ca9242ba3a24f0a,8047,2026-09-05T11:27:40+00:00
51b720e9305f42d4,8048,2026-09-05T11:27:40+00:00
66385979606a4941,8049,2026-09-05T11:27:40+00:00
bdceb96d3baf4ebb,8050,2026-09-05T11:27:40+00:00
95cde63f4fe94fe2,8051,2026-09-05T11:27:40+00:00
50159d05cb3e498d,8052,2026-09-05T11:27:40+00:00
c8c8ac807a24476e,8053,2026-09-05T11:27:40+00:00
a5248587d6e84b14,8054,2026-09-05T11:27:40+00:00
87f52d7c70314ae9,8055,2026-09-05T11:27:40+00:00
f69ba905880f4813,8056,2026-09-05T11:27:40+00:00
84496d3339b64edb,8057,2026-09-05T11:27:40+00:00
e25745c74e744641,8058,2026-09-05T11:27:40+00:00
967cbe6e9ae14f27,8059,2026-09-05T11:27:40+00:00
ffc87562fc86472d,8060,2026-09-05T11:27:40+00:00
acee72275ca84df1,8061,2026-09-05T11:27:40+00:00
ced0792c400d4a70,8062,2026-09-05T11:27:40+00:00
0c36cf29a6c94120,8063,2026-09-05T11:27:40+00:00
fdd642eb214946b7,8064,2026-09-05T11:27:40+00:00
cd970e7c55294244,8065,2026-09-05T11:27:40+00:00
b381bed7517941d4,8066,2026-09-05T11:27:40+00:00
bae31316d2864600,8067,2026-09-05T11:27:40+00:00
42981f7f8fff4e66,8068,2026-09-05T11:27:40+00:00
fa166e0136bb423e,8069,2026-09-05T11:27:40+00:00
f2b6a652e69746c0,8070,2026-09-05T11:27:40+00:00
77a32f6175e347f5,8071,2026-09-05T11:27:40+00:00
249eea66ff764cf1,8072,2026-09-05T11:27:40+00:00
52b8b5c8481c4341,8073,2026-09-05T11:27:40+00:00
ff78ec02a6904be2,8074,2026-09-05T11:27:40+00:00
0749af1670be4c67,8075,2026-09-05T11:27:40+00:00
0161fd447a0341d1,8076,2026-09-05T11:27:40+00:00
2d64d7ae1dbb4ffc,8077,2026-09-05T11:27:40+00:00
cb168593e937459d,8078,2026-09-05T11:27:40+00:00
869f94f553b54f3d,8079,2026-09-05T11:27:40+00:00
3cb3d4e8a2dd4039,8080,2026-09-05T11:27:40+00:00
5767d2d7b4ac47ee,8081,2026-09-05T11:27:40+00:00
6d813de014a2407b,8082,2026-09-05T11:27:40+00:00
2eb9750a26d54729,8083,2026-09-05T11:27:40+00:00
75d1c56f7bdc4fac,8084,2026-09-05T11:27:40+00:00
3de77229d40c42b0,8085,2026-09-05T11:27:40+00:00
3a1bf527a73f4202,8086,2026-09-05T11:27:40+00:00
1d6d9485f11446bd,8087,2026-09-05T11:27:40+00:00
cc072790d4f54489,8088,2026-09-05T11:27:40+00:00
b43620aa583846d9,8089,2026-09-05T11:27:40+00:00
04bf9986028b4592,8090,2026-09-05T11:27:40+00:00
c8c9488835964d4d,8091,2026-09-05T11:27:40+00:00
1225b2724bf14eab,8092,2026-09-05T11:27:40+00:00
9acd420482a24578,8093,2026-09-05T11:27:40+00:00
e1e151abe61a4692,8094,2026-09-05T11:27:40+00:00
1492e75f5e834c1f,8095,2026-09-05T11:27:40+00:00
679c39838b5a4c73,8096,2026-09-05T11:27:40+00:00
704a8762942042ba,8097,2026-09-05T11:27:40+00:00
81ff6e33583c412f,8098,2026-09-05T11:27:40+00:00
937c97c9a1174811,8099,2026-09-05T11:27:40+00:00
b80a7295d7ed4617,8100,2026-09-05T11:27:40+00:00
11cc80c3d1334944,8101,2026-09-05T11:27:40+00:00
59b6dc92cc4649d0,8102,2026-09-05T11:27:40+00:00
773b0793b13147e6,8103,2026-09-05T11:27:40+00:00
685d81084fa24ec1,8104,2026-09-05T11:27:40+00:00
69ee1db7812f419a,8105,2026-09-05T11:27:40+00:00
175b2df4c80c49fb,8106,2026-09-05T11:27:40+00:00
68c01d34e90544a4,8107,2026-09-05T11:27:40+00:00
7b22ec1173b54857,8108,2026-09-05T11:27:40+00:00
4da12081cf6d44ee,8109,2026-09-05T11:27:40+00:00
fab30c8d75b245ba,8110,2026-09-05T11:27:40+00:00
d12b665a8b904157,8111,2026-09-05T11:27:40+00:00
423c9bbb9ed44666,8112,2026-09-05T11:27:40+00:00
34f1c482ab96402f,8113,2026-09-05T11:27:40+00:00
769dcfe3744b4a80,8114,2026-09-05T11:27:40+00:00
68eec345f1294453,8115,2026-09-05T11:27:40+00:00
9bd2b73477774c02,8116,2026-09-05T11:27:40+00:00
681224e205b54857,8117,2026-09-05T11:27:40+00:00
ea69181d20aa401e,8118,2026-09-05T11:27:40+00:00
972b1c6f483940de,8119,2026-09-05T11:27:40+00:00
869d794718114581,8120,2026-09-05T11:27:40+00:00
ee0f17265c004c2b,8121,2026-09-05T11:27:40+00:00
fdafb6b0868f46f7,8122,2026-09-05T11:27:40+00:00
fda7f51f0afb4ecd,8123,2026-09-05T11:27:40+00:00
4a9bd355773d4524,8124,2026-09-05T11:27:40+00:00
7c44344142b94383,8125,2026-09-05T11:27:40+00:00
ad202164fe054975,8126,2026-09-05T11:27:40+00:00
6c23cc57e43849b0,8127,2026-09-05T11:27:40+00:00
24556adb2d1849d1,8128,2026-09-05T11:27:40+00:00
f579ca16db3f4a3c,8129,2026-09-05T11:27:40+00:00
297a6fa6a0ba40bd,8130,2026-09-05T11:27:40+00:00
679affcc5de94717,8131,2026-09-05T11:27:40+00:00
160561d66a354195,8132,2026-09-05T11:27:40+00:00
53a6afd7c5654a86,8133,2026-09-05T11:27:40+00:00
99fafe481a4d49a1,8134,2026-09-05T11:27:40+00:00
bf7bbce19e3f4fe0,8135,2026-09-05T11:27:40+00:00
e01c006da6d64d75,8136,2026-09-05T11:27:40+00:00
dd98294c5e79403e,8137,2026-09-05T11:27:40+00:00
34d70c75d9e9458c,8138,2026-09-05T11:27:40+00:00
98d24bcca9ca47c3,8139,2026-09-05T11:27:40+00:00
8f2d62e094d54481,8140,2026-09-05T11:27:40+00:00
ec2c314d3cc748a7,8141,2026-09-05T11:27:40+00:00
6f9b72d8fe0d483f,8142,2026-09-05T11:27:40+00:00
f4fe04f65bdb451f,8143,2026-09-05T11:27:40+00:00
2e889b995d0a49c4,8144,2026-09-05T11:27:40+00:00
bb8b3b3e28f14149,8145,2026-09-05T11:27:40+00:00
b72180f048134b3d,8146,2026-09-05T11:27:40+00:00
c1e4c5a795754085,8147,2026-09-05T11:27:40+00:00
39da362cb4a44d77,8148,2026-09-05T11:27:40+00:00
3f9b213e16bb49a4,8149,2026-09-05T11:27:40+00:00
5af9e10593984721,8150,2026-09-05T11:27:40+00:00
b906a561b5a94db6,8151,2026-09-05T11:27:40+00:00
4db2136228b84150,8152,2026-09-05T11:27:40+00:00
57562ab1c72740fa,8153,2026-09-05T11:27:40+00:00
866f67147546475a,8154,2026-09-05T11:27:40+00:00
aa88307497774863,8155,2026-09-05T11:27:40+00:00
92cf107cbaf542e9,8156,2026-09-05T11:27:40+00:00
0b9a1ad525f149ea,8157,2026-09-05T11:27:40+00:00
18d9d27f66a34208,8158,2026-09-05T11:27:40+00:00
6aab0ddb52d0466a,8159,2026-09-05T11:27:40+00:00
eab6bd0f7e2d406c,8160,2026-09-05T11:27:40+00:00
de92b81793234ff6,8161,2026-09-05T11:27:40+00:00
66ddf9965e234d02,8162,2026-09-05T11:27:40+00:00
94cc2f71cb704ea8,8163,2026-09-05T11:27:40+00:00
85adcc7a87f341b0,8164,2026-09-05T11:27:40+00:00
c942fc5752a7425a,8165,2026-09-05T11:27:40+00:00
444f3538fbb64b69,8166,2026-09-05T11:27:40+00:00
bd47a31d06d14cc4,8167,2026-09-05T11:27:40+00:00
89d3a2ccd3f84a97,8168,2026-09-05T11:27:40+00:00
e7124f8d945d42eb,8169,2026-09-05T11:27:40+00:00
db80981ed466433f,8170,2026-09-05T11:27:40+00:00
15a1c594df984621,8171,2026-09-05T11:27:40+00:00
00aff56bc889405d,8172,2026-09-05T11:27:40+00:00
e6612a1acf204fa9,8173,2026-09-05T11:27:40+00:00
934ed3ef10a2479f,8174,2026-09-05T11:27:40+00:00
0ae0069f262845df,8175,2026-09-05T11:27:40+00:00
e9994375ec694717,8176,2026-09-05T11:27:40+00:00
00994f61052c4d33,8177,2026-09-05T11:27:40+00:00
a7c3ca7cbde54021,8178,2026-09-05T11:27:40+00:00
2041c433491543fe,8179,2026-09-05T11:27:40+00:00
ba2c21ed896b4992,8180,2026-09-05T11:27:40+00:00
a6096ab9b69542a4,8181,2026-09-05T11:27:40+00:00
fa59760a4da643b0,8182,2026-09-05T11:27:40+00:00
3b25a36c688a4108,8183,2026-09-05T11:27:40+00:00
5343dd077caf41d6,8184,2026-09-05T11:27:40+00:00
9a0ecb2a97b14d33,8185,2026-09-05T11:27:40+00:00
218e7f6c907f43f1,8186,2026-09-05T11:27:40+00:00
b01f27c076104991,8187,2026-09-05T11:27:40+00:00
8a5993fa0d8446d2,8188,2026-09-05T11:27:40+00:00
4dfcaadc1e264f18,8189,2026-09-05T11:27:40+00:00
1ee7c555bee1411f,8190,2026-09-05T11:27:40+00:00
d88012ef220b4ab9,8191,2026-09-05T11:27:40+00:00
94d91c8f7d1d4c43,8192,2026-09-05T11:27:40+00:00
f37662dbcee14555,8193,2026-09-05T11:27:40+00:00
4adacadc8b18487a,8194,2026-09-05T11:27:40+00:00
491db166e5484ef4,8195,2026-09-05T11:27:40+00:00
890e91f402cd4d21,8196,2026-09-05T11:27:40+00:00
f77315605f4242d0,8197,2026-09-05T11:27:40+00:00
4c89873dafd94d46,8198,2026-09-05T11:27:40+00:00
5acc4212aba24407,8199,2026-09-05T11:27:40+00:00
4412a2770ee34923,8200,2026-09-05T11:27:40+00:00
41d0510e26d04f47,8201,2026-09-05T11:27:40+00:00
e49ab3f2c9064309,8202,2026-09-05T11:27:40+00:00
3f248738feff41c1,8203,2026-09-05T11:27:40+00:00
242e8ed69fb14627,8204,2026-09-05T11:27:40+00:00
a81b4db87b86441b,8205,2026-09-05T11:27:40+00:00
aaa522d5952c4967,8206,2026-09-05T11:27:40+00:00
3dd8c41ec0e94323,8207,2026-09-05T11:27:40+00:00
7f0908969ac94853,8208,2026-09-05T11:27:40+00:00
d1edfa0126ab4979,8209,2026-09-05T11:27:40+00:00
6a5a482bf04a42f2,8210,2026-09-05T11:27:40+00:00
336d76437c854944,8211,2026-09-05T11:27:40+00:00
463278d2d4f54840,8212,2026-09-05T11:27:40+00:00
c25b49dc24494814,8213,2026-09-05T11:27:40+00:00
8ddb649ec2ed493c,8214,2026-09-05T11:27:40+00:00
b9722ea572764708,8215,2026-09-05T11:27:40+00:00
bd326f11745044e0,8216,2026-09-05T11:27:40+00:00
5ff3baa24d744797,8217,2026-09-05T11:27:40+00:00
ab3b86a73e364736,8218,2026-09-05T11:27:40+00:00
ad499a0980e349e6,8219,2026-09-05T11:27:40+00:00
a7668d73ab094bbb,8220,2026-09-05T11:27:40+00:00
b89b888964844901,8221,2026-09-05T11:27:40+00:00
0ec533eacff14b1d,8222,2026-09-05T11:27:40+00:00
a49c1363d3b5483b,8223,2026-09-05T11:27:40+00:00
e6196591978e4bc4,8224,2026-09-05T11:27:40+00:00
db27105c3b4e4b34,8225,2026-09-05T11:27:40+00:00
7ae7bb1c284d4388,8226,2026-09-05T11:27:40+00:00
950f1dfbb11f4b7c,8227,2026-09-05T11:27:40+00:00
4af8f3d8511e4351,8228,2026-09-05T11:27:40+00:00
7f8d3e8e82f34e4e,8229,2026-09-05T11:27:40+00:00
c973a558e14f4e5b,8230,2026-09-05T11:27:40+00:00
5dd0e07be83443b6,8231,2026-09-05T11:27:40+00:00
0b74847d44144ee8,8232,2026-09-05T11:27:40+00:00
364fd52c62cf4a54,8233,2026-09-05T11:27:40+00:00
9a34d1ee09dd4c02,8234,2026-09-05T11:27:40+00:00
2e7701ca387a439b,8235,2026-09-05T11:27:40+00:00
124952f3a08f400a,8236,2026-09-05T11:27:40+00:00
baf305f83d7f443a,8237,2026-09-05T11:27:40+00:00
2870c950126a4a5c,8238,2026-09-05T11:27:40+00:00
b961ece4188a429a,8239,2026-09-05T11:27:40+00:00
94c31b91d3d64c40,8240,2026-09-05T11:27:40+00:00
f1dc8dd638234cae,8241,2026-09-05T11:27:40+00:00
90710d5a6a724658,8242,2026-09-05T11:27:40+00:00
05ab703ff5e74f78,8243,2026-09-05T11:27:40+00:00
30e54e5758214df4,8244,2026-09-05T11:27:40+00:00
d0c16153e5e0499c,8245,2026-09-05T11:27:40+00:00
cb3968e7d94d473f,8246,2026-09-05T11:27:40+00:00
c256fbef5eb941b8,8247,2026-09-05T11:27:40+00:00
d2035edacef74563,8248,2026-09-05T11:27:40+00:00
9a72d8f6744f45b7,8249,2026-09-05T11:27:40+00:00
845d5519b7854c6a,8250,2026-09-05T11:27:40+00:00
ddd1bb049ca14272,8251,2026-09-05T11:27:40+00:00
72e548d87b4e42be,8252,2026-09-05T11:27:40+00:00
be85c07153fb4208,8253,2026-09-05T11:27:40+00:00
03ac0432c30b4e58,8254,2026-09-05T11:27:40+00:00
971ce96a78594a91,8255,2026-09-05T11:27:40+00:00
27c172c4db864c6f,8256,2026-09-05T11:27:40+00:00
cc94043682d84fe9,8257,2026-09-05T11:27:40+00:00
01dd62642a1649a0,8258,2026-09-05T11:27:40+00:00
589d11d34c4d4b23,8259,2026-09-05T11:27:40+00:00
2c73036685fd4ab8,8260,2026-09-05T11:27:40+00:00
9e0b24cc82744b3f,8261,2026-09-05T11:27:40+00:00
9997825ba8384469,8262,2026-09-05T11:27:40+00:00
a29bfda5b57149e5,8263,2026-09-05T11:27:40+00:00
1fde2237cf0040a7,8264,2026-09-05T11:27:40+00:00
0705a0e871b0445a,8265,2026-09-05T11:27:40+00:00
60d6d8bb5abc4417,8266,2026-09-05T11:27:40+00:00
dbd4d7084175429d,8267,2026-09-05T11:27:40+00:00
cc158fb395bd4616,8268,2026-09-05T11:27:40+00:00
8e99f83270c444a0,8269,2026-09-05T11:27:40+00:00
5d20b703b3184b18,8270,2026-09-05T11:27:40+00:00
5405c287b9d34e2a,8271,2026-09-05T11:27:40+00:00
84c5ac12eac44ede,8272,2026-09-05T11:27:40+00:00
abb56d15dd374166,8273,2026-09-05T11:27:40+00:00
222915952f4f4650,8274,2026-09-05T11:27:40+00:00
8dfef80744a74738,8275,2026-09-05T11:27:40+00:00
4b606539843a4005,8276,2026-09-05T11:27:40+00:00
1559350c582f405f,8277,2026-09-05T11:27:40+00:00
773c0fba7ded47bb,8278,2026-09-05T11:27:40+00:00
a0bd9ae38b5a4e86,8279,2026-09-05T11:27:40+00:00
d35afcbe62de4de2,8280,2026-09-05T11:27:40+00:00
21b5928a987441b8,8281,2026-09-05T11:27:40+00:00
9b3451618b994247,8282,2026-09-05T11:27:40+00:00
72ccbd5462fa4eec,8283,2026-09-05T11:27:40+00:00
2da26c23db24456a,8284,2026-09-05T11:27:40+00:00
cb2b9106d2384fd1,8285,2026-09-05T11:27:40+00:00
ee2a2b36bc4a4763,8286,2026-09-05T11:27:40+00:00
c3c516573ea2443d,8287,2026-09-05T11:27:40+00:00
c5c19cf719fe4693,8288,2026-09-05T11:27:40+00:00
cc9691b45972414b,8289,2026-09-05T11:27:40+00:00
2b24648d1f694a2d,8290,2026-09-05T11:27:40+00:00
3d63582e227d4d67,8291,2026-09-05T11:27:40+00:00
1c63807e7af74ba6,8292,2026-09-05T11:27:40+00:00
a1bbb0a06e004809,8293,2026-09-05T11:27:40+00:00
b62b63b5628a410e,8294,2026-09-05T11:27:40+00:00
6e2c96f76ea64f6a,8295,2026-09-05T11:27:40+00:00
053050392b9f430a,8296,2026-09-05T11:27:40+00:00
affd752d39b34f1a,8297,2026-09-05T11:27:40+00:00
e4ca7edd9af54d9a,8298,2026-09-05T11:27:40+00:00
da2648982ef7443a,8299,2026-09-05T11:27:40+00:00
93a5817c0bac47ee,8300,2026-09-05T11:27:40+00:00
62480491b2f64f26,8301,2026-09-05T11:27:40+00:00
85fcd1ec4e9b4cd8,8302,2026-09-05T11:27:40+00:00
eb9e7aa6e3e04ec4,8303,2026-09-05T11:27:40+00:00
f96dac8181f54b4c,8304,2026-09-05T11:27:40+00:00
446b6ac8d73e43da,8305,2026-09-05T11:27:40+00:00
cdcd276a8598498a,8306,2026-09-05T11:27:40+00:00
48eb0eebe6524132,8307,2026-09-05T11:27:40+00:00
f2e90ade57f647a6,8308,2026-09-05T11:27:40+00:00
bd5b98794985412a,8309,2026-09-05T11:27:40+00:00
28f486a260574337,8310,2026-09-05T11:27:40+00:00
adaf8cc255224e4b,8311,2026-09-05T11:27:40+00:00
d1c66a9816c24042,8312,2026-09-05T11:27:40+00:00
8b81ad7078ca4683,8313,2026-09-05T11:27:40+00:00
8bba6e2af57540ca,8314,2026-09-05T11:27:40+00:00
d007182cfad54112,8315,2026-09-05T11:27:40+00:00
d8c3c11c8e0a4331,8316,2026-09-05T11:27:40+00:00
cb08945aecbf447d,8317,2026-09-05T11:27:40+00:00
5d214f9e507148eb,8318,2026-09-05T11:27:40+00:00
4072620c337449b4,8319,2026-09-05T11:27:40+00:00
dc5f57d94d05476b,8320,2026-09-05T11:27:40+00:00
aa621484cab7432f,8321,2026-09-05T11:27:40+00:00
9bc78763335942cd,8322,2026-09-05T11:27:40+00:00
550179025b7f42d1,8323,2026-09-05T11:27:40+00:00
6c0f27c85de54f58,8324,2026-09-05T11:27:40+00:00
e0e5f82a9375486a,8325,2026-09-05T11:27:40+00:00
aa638e07c8ac4442,8326,2026-09-05T11:27:40+00:00
1d0f347255714146,8327,2026-09-05T11:27:40+00:00
0fb00c54df5140c3,8328,2026-09-05T11:27:40+00:00
e5e47d8d9ca347e1,8329,2026-09-05T11:27:40+00:00
6cdd7390a33a4240,8330,2026-09-05T11:27:40+00:00
81d62e7b46714150,8331,2026-09-05T11:27:40+00:00
fb90551e8e124c70,8332,2026-09-05T11:27:40+00:00
e9762c61c903408d,8333,2026-09-05T11:27:40+00:00
d42e248edf0d48a9,8334,2026-09-05T11:27:40+00:00
0630e7e4f3344a5a,8335,2026-09-05T11:27:40+00:00
e144a6fb07a24f12,8336,2026-09-05T11:27:40+00:00
a04a923933c14ae0,8337,2026-09-05T11:27:40+00:00
9471d486e96d4057,8338,2026-09-05T11:27:40+00:00
04514e19863343aa,8339,2026-09-05T11:27:40+00:00
4ba20b2ab7c74480,8340,2026-09-05T11:27:40+00:00
a304584044b2409e,8341,2026-09-05T11:27:40+00:00
0bcd55321dc54f74,8342,2026-09-05T11:27:40+00:00
8616c9e14a424a7a,8343,2026-09-05T11:27:40+00:00
879d70c0913a439c,8344,2026-09-05T11:27:40+00:00
9b362193554b4d16,8345,2026-09-05T11:27:40+00:00
a42208920cc34366,8346,2026-09-05T11:27:40+00:00
8ae541096d8245c2,8347,2026-09-05T11:27:40+00:00
7bea827483e943c1,8348,2026-09-05T11:27:40+00:00
1f171ac8e7ee4acd,8349,2026-09-05T11:27:40+00:00
9fc67e4664ab4048,8350,2026-09-05T11:27:40+00:00
4950c2e611c247b5,8351,2026-09-05T11:27:40+00:00
e6a80258be774533,8352,2026-09-05T11:27:40+00:00
bb2e6ed903154c85,8353,2026-09-05T11:27:40+00:00
ce1a3e17dff34ff5,8354,2026-09-05T11:27:40+00:00
e422e084cce94b48,8355,2026-09-05T11:27:40+00:00
4ed0a5f480784bb2,8356,2026-09-05T11:27:40+00:00
e8b53002a69a421c,8357,2026-09-05T11:27:40+00:00
b2641b692cc1404e,8358,2026-09-05T11:27:40+00:00
5329624cd0e34bbc,8359,2026-09-05T11:27:40+00:00
b3055a6e781148d2,8360,2026-09-05T11:27:40+00:00
4a306374b5784267,8361,2026-09-05T11:27:40+00:00
36f73e5abbaf45b0,8362,2026-09-05T11:27:40+00:00
8eb8daf25f284163,8363,2026-09-05T11:27:40+00:00
ba1ac8557dd54f7f,8364,2026-09-05T11:27:40+00:00
43dc3e89badb4ec7,8365,2026-09-05T11:27:40+00:00
b516d8530eb44e75,8366,2026-09-05T11:27:40+00:00
189f025f04e84c4b,8367,2026-09-05T11:27:40+00:00
00bcbc3a2c1a4381,8368,2026-09-05T11:27:40+00:00
09bbd6816d8d4503,8369,2026-09-05T11:27:40+00:00
65c93252cc514381,8370,2026-09-05T11:27:40+00:00
5e6fb5cca77847e3,8371,2026-09-05T11:27:40+00:00
137884ea9a7f4f87,8372,2026-09-05T11:27:40+00:00
d859fc5b6b014467,8373,2026-09-05T11:27:40+00:00
b260d3a0e60d4e2e,8374,2026-09-05T11:27:40+00:00
432162e032d245e9,8375,2026-09-05T11:27:40+00:00
92a13ae4208646bc,8376,2026-09-05T11:27:40+00:00
66148eb60a45481e,8377,2026-09-05T11:27:40+00:00
2226088a6a404be8,8378,2026-09-05T11:27:40+00:00
cca8fd0dc27847e4,8379,2026-09-05T11:27:40+00:00
5adcfda175aa4b32,8380,2026-09-05T11:27:40+00:00
26e6e7cffdbf4816,8381,2026-09-05T11:27:40+00:00
5ec2dafcaf744918,8382,2026-09-05T11:27:40+00:00
3f941d121583469e,8383,2026-09-05T11:27:40+00:00
f1f39b4710d34f2d,8384,2026-09-05T11:27:40+00:00
44e1d6b174c54bcd,8385,2026-09-05T11:27:40+00:00
1376ba41c71b4f23,8386,2026-09-05T11:27:40+00:00
a6c65cd3384d48eb,8387,2026-09-05T11:27:40+00:00
4fa6bc2faa00413b,8388,2026-09-05T11:27:40+00:00
b9ae5a4c133b4ce9,8389,2026-09-05T11:27:40+00:00
92b3f0ddaede4f5b,8390,2026-09-05T11:27:40+00:00
d8caafa8ce804cce,8391,2026-09-05T11:27:40+00:00
393828eade2243c5,8392,2026-09-05T11:27:40+00:00
e0cdbc87b9054933,8393,2026-09-05T11:27:40+00:00
2a89fa6a2d564281,8394,2026-09-05T11:27:40+00:00
fc99bf4a8e6b442f,8395,2026-09-05T11:27:40+00:00
46e4b2c211a5416e,8396,2026-09-05T11:27:40+00:00
89e903382dfa4cb4,8397,2026-09-05T11:27:40+00:00
8ab34913741d4f84,8398,2026-09-05T11:27:40+00:00
ec0724bdea5a4d1f,8399,2026-09-05T11:27:40+00:00
dffca278df694473,8400,2026-09-05T11:27:40+00:00
d154508964914ed4,8401,2026-09-05T11:27:40+00:00
ea19db7b6e4d471b,8402,2026-09-05T11:27:40+00:00
129584bed1aa4891,8403,2026-09-05T11:27:40+00:00
289b76bc4c544cab,8404,2026-09-05T11:27:40+00:00
9c5edc3e42ce4e81,8405,2026-09-05T11:27:40+00:00
8a2ca215df0d4272,8406,2026-09-05T11:27:40+00:00
fca8379d8bb747b9,8407,2026-09-05T11:27:40+00:00
1c9335af58524081,8408,2026-09-05T11:27:40+00:00
41ec06cae24440e3,8409,2026-09-05T11:27:40+00:00
caaddde4cc854687,8410,2026-09-05T11:27:40+00:00
34ea41b1bb4a4096,8411,2026-09-05T11:27:40+00:00
6da21e8d2bf54004,8412,2026-09-05T11:27:40+00:00
684b3ee3b5b74a4e,8413,2026-09-05T11:27:40+00:00
126b45c3989e4607,8414,2026-09-05T11:27:40+00:00
cb056aee0e2a49d5,8415,2026-09-05T11:27:40+00:00
8f10d892bb8c4289,8416,2026-09-05T11:27:40+00:00
6ab6969aaabb4c1d,8417,2026-09-05T11:27:40+00:00
a1cf6b4f787841f7,8418,2026-09-05T11:27:40+00:00
15449e8d9da64ba1,8419,2026-09-05T11:27:40+00:00
7e676f5e896d4ef1,8420,2026-09-05T11:27:40+00:00
1815d0881cc54264,8421,2026-09-05T11:27:40+00:00
5672ddc9511a48d2,8422,2026-09-05T11:27:40+00:00
442253fbaef944de,8423,2026-09-05T11:27:40+00:00
9e51638bc580478b,8424,2026-09-05T11:27:40+00:00
e9cbea01aa514a17,8425,2026-09-05T11:27:40+00:00
e6c0e9aed8084d1d,8426,2026-09-05T11:27:40+00:00
df927112d2c144bf,8427,2026-09-05T11:27:40+00:00
7f30cc4742ec4785,8428,2026-09-05T11:27:40+00:00
7f044cb18f704f4b,8429,2026-09-05T11:27:40+00:00
47586dce97ea4c39,8430,2026-09-05T11:27:40+00:00
e711e3f5d15d4445,8431,2026-09-05T11:27:40+00:00
b8b061d45b5b4f05,8432,2026-09-05T11:27:40+00:00
00f8f28443b34fc1,8433,2026-09-05T11:27:40+00:00
6be54a90efe44735,8434,2026-09-05T11:27:40+00:00
41b8d780ee0d468d,8435,2026-09-05T11:27:40+00:00
4a1d04503a52457b,8436,2026-09-05T11:27:40+00:00
979d5b96caeb4b6c,8437,2026-09-05T11:27:40+00:00
d4c940ef879d4074,8438,2026-09-05T11:27:40+00:00
75e393bc89a7458c,8439,2026-09-05T11:27:40+00:00
aba67a6e5cd24d5e,8440,2026-09-05T11:27:40+00:00
715d80bce8104c4c,8441,2026-09-05T11:27:40+00:00
a0d8c5256a474fe0,8442,2026-09-05T11:27:40+00:00
fa1dea8303aa4318,8443,2026-09-05T11:27:40+00:00
0737e8109f824e79,8444,2026-09-05T11:27:40+00:00
6073ac61bbd6480f,8445,2026-09-05T11:27:40+00:00
f3d3b9619ff245f5,8446,2026-09-05T11:27:40+00:00
d39983d080394f0b,8447,2026-09-05T11:27:40+00:00
4b6825c8584843b7,8448,2026-09-05T11:27:40+00:00
338921ab0ef44d87,8449,2026-09-05T11:27:40+00:00
c4d7dd672640427e,8450,2026-09-05T11:27:40+00:00
fe3985fef9984ac4,8451,2026-09-05T11:27:40+00:00
76ef6135c6874e1b,8452,2026-09-05T11:27:40+00:00
3eafe697fb9942d1,8453,2026-09-05T11:27:40+00:00
bc3efd6db9dc4c72,8454,2026-09-05T11:27:40+00:00
97ff3adf78cf472b,8455,2026-09-05T11:27:40+00:00
3870bae1912f4e89,8456,2026-09-05T11:27:40+00:00
e2f088a78b334a79,8457,2026-09-05T11:27:40+00:00
b4e8a8e0f88240b2,8458,2026-09-05T11:27:40+00:00
87b3a0c146894b32,8459,2026-09-05T11:27:40+00:00
1a292b110fd74bb8,8460,2026-09-05T11:27:40+00:00
3ba12f559a4540ee,8461,2026-09-05T11:27:40+00:00
d3c9984b5eca4ea2,8462,2026-09-05T11:27:40+00:00
dcfc1b2dbaeb48b4,8463,2026-09-05T11:27:40+00:00
2b3e180661384b1c,8464,2026-09-05T11:27:40+00:00
cfd07c0de33c4ea1,8465,2026-09-05T11:27:40+00:00
b2f58be6e70748e9,8466,2026-09-05T11:27:40+00:00
41515e61e34e45a9,8467,2026-09-05T11:27:40+00:00
3dc646db724e4bef,8468,2026-09-05T11:27:40+00:00
3825b11be9ed4db7,8469,2026-09-05T11:27:40+00:00
db8ab1cc4b564049,8470,2026-09-05T11:27:40+00:00
bf50a44ba515484b,8471,2026-09-05T11:27:40+00:00
e55afeee01344083,8472,2026-09-05T11:27:40+00:00
fece4dbdf761485e,8473,2026-09-05T11:27:40+00:00
aa306e21d26a4c5d,8474,2026-09-05T11:27:40+00:00
fc67f0c451774da5,8475,2026-09-05T11:27:40+00:00
b9edc451d28f4bf9,8476,2026-09-05T11:27:40+00:00
e95d443aae934438,8477,2026-09-05T11:27:40+00:00
1f8c85a910eb40bd,8478,2026-09-05T11:27:40+00:00
e6ebefe2a9fa4d39,8479,2026-09-05T11:27:40+00:00
7e92e98cadd84a6a,8480,2026-09-05T11:27:40+00:00
02e7177234204b26,8481,2026-09-05T11:27:40+00:00
196dcaf2ace740ab,8482,2026-09-05T11:27:40+00:00
8165de90aa354fec,8483,2026-09-05T11:27:40+00:00
dff7290243ef48da,8484,2026-09-05T11:27:40+00:00
96df8bbfb59a4fb5,8485,2026-09-05T11:27:40+00:00
bcbd6a44f5df44e7,8486,2026-09-05T11:27:40+00:00
5133245f49e34bbd,8487,2026-09-05T11:27:40+00:00
3caedea045d64de0,8488,2026-09-05T11:27:40+00:00
2e4b7fb8ba884032,8489,2026-09-05T11:27:40+00:00
ea98bef5680641e9,8490,2026-09-05T11:27:40+00:00
7096fb5d4a8544da,8491,2026-09-05T11:27:40+00:00
ee00ca8a920a4020,8492,2026-09-05T11:27:40+00:00
0de84033698e4fdd,8493,2026-09-05T11:27:40+00:00
3b8683d4c7364155,8494,2026-09-05T11:27:40+00:00
9107b87ee9af4d8f,8495,2026-09-05T11:27:40+00:00
42607ddab14b47bf,8496,2026-09-05T11:27:40+00:00
777e24378b1f4d8d,8497,2026-09-05T11:27:40+00:00
90cc0720848244b0,8498,2026-09-05T11:27:40+00:00
afed3377ab6e4039,8499,2026-09-05T11:27:40+00:00
a1217aa3a89d4353,8500,2026-09-05T11:27:40+00:00
e4b45f26de3e4146,8501,2026-09-05T11:27:40+00:00
d883be72d16740a4,8502,2026-09-05T11:27:40+00:00
16028228b9a24d31,8503,2026-09-05T11:27:40+00:00
abe554bdf5914a99,8504,2026-09-05T11:27:40+00:00
0572eed197834704,8505,2026-09-05T11:27:40+00:00
6cda07ac02ab4ef7,8506,2026-09-05T11:27:40+00:00
55e2e4c374884202,8507,2026-09-05T11:27:40+00:00
0aab7d7f296540f6,8508,2026-09-05T11:27:40+00:00
ebe8d7e655d445e0,8509,2026-09-05T11:27:40+00:00
341d0e67cddb4b1f,8510,2026-09-05T11:27:40+00:00
4e132cde4de74653,8511,2026-09-05T11:27:40+00:00
46b3a704930343c2,8512,2026-09-05T11:27:40+00:00
b4ceb38aeea845a1,8513,2026-09-05T11:27:40+00:00
0885b751ef3343af,8514,2026-09-05T11:27:40+00:00
9ff7a8e207f94cb9,8515,2026-09-05T11:27:40+00:00
2463b405d34b42ce,8516,2026-09-05T11:27:40+00:00
6bb6e8ecad8c49d0,8517,2026-09-05T11:27:40+00:00
c9d4179d08b54c9d,8518,2026-09-05T11:27:40+00:00
601298b108ef4d9c,8519,2026-09-05T11:27:40+00:00
63293696fda64524,8520,2026-09-05T11:27:40+00:00
7e9fcc9f27134c4f,8521,2026-09-05T11:27:40+00:00
af115f24636a49a9,8522,2026-09-05T11:27:40+00:00
f7a878daaf964729,8523,2026-09-05T11:27:40+00:00
3cb0b32c28f64e55,8524,2026-09-05T11:27:40+00:00
1021475891a94cf9,8525,2026-09-05T11:27:40+00:00
1d785a40006e4113,8526,2026-09-05T11:27:40+00:00
d217af8877ee45d0,8527,2026-09-05T11:27:40+00:00
894dab2389804c0d,8528,2026-09-05T11:27:40+00:00
ccde78298110400a,8529,2026-09-05T11:27:40+00:00
d698a9bff283433b,8530,2026-09-05T11:27:40+00:00
b4ccb8b4b92a453e,8531,2026-09-05T11:27:40+00:00
7e9e948b961e436f,8532,2026-09-05T11:27:40+00:00
58f5c23128944acb,8533,2026-09-05T11:27:40+00:00
19cdf700aab14148,8534,2026-09-05T11:27:40+00:00
af869155aa6241d2,8535,2026-09-05T11:27:40+00:00
fd512936dd2e439f,8536,2026-09-05T11:27:40+00:00
b973fe72184d494a,8537,2026-09-05T11:27:40+00:00
3c3449b0d75b47b6,8538,2026-09-05T11:27:40+00:00
ef05bb24daac40e0,8539,2026-09-05T11:27:40+00:00
a259b65f01664fbc,8540,2026-09-05T11:27:40+00:00
a4b4bf7bc08641a3,8541,2026-09-05T11:27:40+00:00
ba3a16f1fa1846e5,8542,2026-09-05T11:27:40+00:00
d33de8cd228a43af,8543,2026-09-05T11:27:40+00:00
91db6a4f37f54165,8544,2026-09-05T11:27:40+00:00
0518000cab4b4419,8545,2026-09-05T11:27:40+00:00
4a53fef1afff4a4b,8546,2026-09-05T11:27:40+00:00
662cc4c85bb9412b,8547,2026-09-05T11:27:40+00:00
a29f6e62dcd34ad3,8548,2026-09-05T11:27:40+00:00
e7d124301e8846ec,8549,2026-09-05T11:27:40+00:00
8bd47faaf8dd4c08,8550,2026-09-05T11:27:40+00:00
42afc42dfd334b5c,8551,2026-09-05T11:27:40+00:00
b61ce5220b494ba8,8552,2026-09-05T11:27:40+00:00
fbb2d52a8e394532,8553,2026-09-05T11:27:40+00:00
39795bd8f4484dce,8554,2026-09-05T11:27:40+00:00
2cc4012678b74707,8555,2026-09-05T11:27:40+00:00
4256d68e586c4ba1,8556,2026-09-05T11:27:40+00:00
6f6301962f10447d,8557,2026-09-05T11:27:40+00:00
2a6b0089e38d4d51,8558,2026-09-05T11:27:40+00:00
70a08405aa504c51,8559,2026-09-05T11:27:40+00:00
010788676b204657,8560,2026-09-05T11:27:40+00:00
00c73527c4934218,8561,2026-09-05T11:27:40+00:00
cf83105288724f42,8562,2026-09-05T11:27:40+00:00
583a4178ccc444ee,8563,2026-09-05T11:27:40+00:00
45b65a1ab70a4e25,8564,2026-09-05T11:27:40+00:00
7f79193ecb1d4d20,8565,2026-09-05T11:27:40+00:00
af9f7761ac1d4bae,8566,2026-09-05T11:27:40+00:00
2b7c9c9809b147a7,8567,2026-09-05T11:27:40+00:00
d87b35694dd14017,8568,2026-09-05T11:27:40+00:00
a2d861d013c04152,8569,2026-09-05T11:27:40+00:00
6a00aed2496d484a,8570,2026-09-05T11:27:40+00:00
9f2da273648147ca,8571,2026-09-05T11:27:40+00:00
c69e82696f9b4f70,8572,2026-09-05T11:27:40+00:00
850d9d48474c4638,8573,2026-09-05T11:27:40+00:00
43dc373486a64870,8574,2026-09-05T11:27:40+00:00
43adfc05aa654144,8575,2026-09-05T11:27:40+00:00
b2a5e6cce9314192,8576,2026-09-05T11:27:40+00:00
f97ca440cddd4524,8577,2026-09-05T11:27:40+00:00
d592f6a48d614d1c,8578,2026-09-05T11:27:40+00:00
0528a35f14ee4bb8,8579,2026-09-05T11:27:40+00:00
62202792b3624ec7,8580,2026-09-05T11:27:40+00:00
77d82d57ba814e21,8581,2026-09-05T11:27:40+00:00
e5e44406ac1e4995,8582,2026-09-05T11:27:40+00:00
bb9571867aa54b63,8583,2026-09-05T11:27:40+00:00
71a5414a1440467d,8584,2026-09-05T11:27:40+00:00
bd353e40e32046ce,8585,2026-09-05T11:27:40+00:00
cddbeea5fc774a16,8586,2026-09-05T11:27:40+00:00
2486765249ac48d3,8587,2026-09-05T11:27:40+00:00
e9b38cc094f7463b,8588,2026-09-05T11:27:40+00:00
7ca1371c2d224ad7,8589,2026-09-05T11:27:40+00:00
06ebdb0ce98949ec,8590,2026-09-05T11:27:40+00:00
28441ac8ebe74b47,8591,2026-09-05T11:27:40+00:00
1d1ae2f4bee1497a,8592,2026-09-05T11:27:40+00:00
9e65f39b2d42488e,8593,2026-09-05T11:27:40+00:00
f6823c06cf1c494e,8594,2026-09-05T11:27:40+00:00
d96f7bbe006c4bdc,8595,2026-09-05T11:27:40+00:00
ca725ef42d854519,8596,2026-09-05T11:27:40+00:00
2e5b543662d64bf4,8597,2026-09-05T11:27:40+00:00
8053f9f828c4418a,8598,2026-09-05T11:27:40+00:00
cd0aa2eff0ed4a65,8599,2026-09-05T11:27:40+00:00
6dfb878c62ac4b09,8600,2026-09-05T11:27:40+00:00
b21141d5e23642bb,8601,2026-09-05T11:27:40+00:00
9111684d2c794fed,8602,2026-09-05T11:27:40+00:00
7a2d622652794fcf,8603,2026-09-05T11:27:40+00:00
ffa091ef557c492a,8604,2026-09-05T11:27:40+00:00
1e7871a2c16f478b,8605,2026-09-05T11:27:40+00:00
4175b2b80bba43da,8606,2026-09-05T11:27:40+00:00
58bc7e246b8d4e2c,8607,2026-09-05T11:27:40+00:00
6bfa85065659437c,8608,2026-09-05T11:27:40+00:00
279c4372d906449c,8609,2026-09-05T11:27:40+00:00
6bf16aa22e9644a6,8610,2026-09-05T11:27:40+00:00
8d7dd7577fcc42e4,8611,2026-09-05T11:27:40+00:00
9c8b4eeb188b4480,8612,2026-09-05T11:27:40+00:00
e0162fdb87774f0a,8613,2026-09-05T11:27:40+00:00
1486ef91afa243c2,8614,2026-09-05T11:27:40+00:00
b643c65ff48b44af,8615,2026-09-05T11:27:40+00:00
8878d8d654764f39,8616,2026-09-05T11:27:40+00:00
7a108bb2edc24c9d,8617,2026-09-05T11:27:40+00:00
87c25caa37c84bcf,8618,2026-09-05T11:27:40+00:00
78bb2044356b4c5d,8619,2026-09-05T11:27:40+00:00
071c766e56fa41e2,8620,2026-09-05T11:27:40+00:00
adff898878634116,8621,2026-09-05T11:27:40+00:00
74f5e629b14e49aa,8622,2026-09-05T11:27:40+00:00
22b54ab12ccc4c5a,8623,2026-09-05T11:27:40+00:00
ff63fbdb05c040ea,8624,2026-09-05T11:27:40+00:00
7ea26c41f5514984,8625,2026-09-05T11:27:40+00:00
75a9e28bdc4b47a9,8626,2026-09-05T11:27:40+00:00
6d7fc50b5b63408b,8627,2026-09-05T11:27:40+00:00
cd5317a24ddd454b,8628,2026-09-05T11:27:40+00:00
c092aede50144c58,8629,2026-09-05T11:27:40+00:00
0a1b72b0ec8548a0,8630,2026-09-05T11:27:40+00:00
03e9c11fdab44f3c,8631,2026-09-05T11:27:40+00:00
e030ac0b8aa74666,8632,2026-09-05T11:27:40+00:00
55e6edb316114d56,8633,2026-09-05T11:27:40+00:00
534ccd892c5b49f2,8634,2026-09-05T11:27:40+00:00
6e5b5a7d1ec04466,8635,2026-09-05T11:27:40+00:00
70c5a78257e04dc2,8636,2026-09-05T11:27:40+00:00
b9de5a4b47b54bc8,8637,2026-09-05T11:27:40+00:00
dc6b99a30dc34bd7,8638,2026-09-05T11:27:40+00:00
e26157d3472d4899,8639,2026-09-05T11:27:40+00:00
ccf225eec54d4219,8640,2026-09-05T11:27:40+00:00
9fd8df005a6044f9,8641,2026-09-05T11:27:40+00:00
b92ddfdc2a304ba7,8642,2026-09-05T11:27:40+00:00
0c8c53c4a70a43ed,8643,2026-09-05T11:27:40+00:00
42045dc8c810421d,8644,2026-09-05T11:27:40+00:00
0280a3cf6c4a4c7c,8645,2026-09-05T11:27:40+00:00
f18fc95806754970,8646,2026-09-05T11:27:40+00:00
d419add8364648c0,8647,2026-09-05T11:27:40+00:00
6e84e4cb6c0d4c64,8648,2026-09-05T11:27:40+00:00
68d54b6f6807429a,8649,2026-09-05T11:27:40+00:00
891c9f4bb2444c36,8650,2026-09-05T11:27:40+00:00
e12d8bff14c845c2,8651,2026-09-05T11:27:40+00:00
2eae04dd7c3f4474,8652,2026-09-05T11:27:40+00:00
2980a3f6b25040fc,8653,2026-09-05T11:27:40+00:00
48de50ded8a54532,8654,2026-09-05T11:27:40+00:00
7ad0aceb472d4e0c,8655,2026-09-05T11:27:40+00:00
f0dbe9ea947f4c68,8656,2026-09-05T11:27:40+00:00
6575a19b7a424cda,8657,2026-09-05T11:27:40+00:00
c7d4b7ac82834695,8658,2026-09-05T11:27:40+00:00
331f3c92b99f474a,8659,2026-09-05T11:27:40+00:00
8a24f7b851c0428e,8660,2026-09-05T11:27:40+00:00
4a2a328809a9405c,8661,2026-09-05T11:27:40+00:00
a0245abde31c492c,8662,2026-09-05T11:27:40+00:00
9546771024f64d98,8663,2026-09-05T11:27:40+00:00
b3ddddac7ad24e06,8664,2026-09-05T11:27:40+00:00
80b9c2e1d8fa4041,8665,2026-09-05T11:27:40+00:00
88108d72c41e4930,8666,2026-09-05T11:27:40+00:00
6a16e911bf3f4670,8667,2026-09-05T11:27:40+00:00
c94e30407bb54765,8668,2026-09-05T11:27:40+00:00
bf8983f752794dcf,8669,2026-09-05T11:27:40+00:00
4d31e414f2b24107,8670,2026-09-05T11:27:40+00:00
93e4900a51324127,8671,2026-09-05T11:27:40+00:00
ed6744d60cd44857,8672,2026-09-05T11:27:40+00:00
1977e77c4e914165,8673,2026-09-05T11:27:40+00:00
87c8b6827c7f493c,8674,2026-09-05T11:27:40+00:00
8fe502a2700c48dc,8675,2026-09-05T11:27:40+00:00
56c273c528a842cc,8676,2026-09-05T11:27:40+00:00
d1f30465c727426a,8677,2026-09-05T11:27:40+00:00
29b53f847f1e43ac,8678,2026-09-05T11:27:40+00:00
52afe7b7d40f495c,8679,2026-09-05T11:27:40+00:00
701341bc0d4544de,8680,2026-09-05T11:27:40+00:00
f61a8bd6949b4c78,8681,2026-09-05T11:27:40+00:00
b5646243ef2949ae,8682,2026-09-05T11:27:40+00:00
9e8df934d3a14b56,8683,2026-09-05T11:27:40+00:00
eb400461a2704d28,8684,2026-09-05T11:27:40+00:00
706a50a664c94d96,8685,2026-09-05T11:27:40+00:00
f06828ba33134694,8686,2026-09-05T11:27:40+00:00
feef1b0735294898,8687,2026-09-05T11:27:40+00:00
c03bb689f9b14ed6,8688,2026-09-05T11:27:40+00:00
ee5024fd2dec48ca,8689,2026-09-05T11:27:40+00:00
b028f29015194020,8690,2026-09-05T11:27:40+00:00
022634d793644f14,8691,2026-09-05T11:27:40+00:00
d4d8bd373bf643b1,8692,2026-09-05T11:27:40+00:00
8e4a436f93654209,8693,2026-09-05T11:27:40+00:00
e32733e1ccde4ca0,8694,2026-09-05T11:27:40+00:00
809df60b2590416b,8695,2026-09-05T11:27:40+00:00
95beb09c916c40c9,8696,2026-09-05T11:27:40+00:00
e87d33af5a23426b,8697,2026-09-05T11:27:40+00:00
eacc147513bf4efb,8698,2026-09-05T11:27:40+00:00
e481d0b3817a4c6c,8699,2026-09-05T11:27:40+00:00
f76ce1a6ea914250,8700,2026-09-05T11:27:40+00:00
735b7b8170794096,8701,2026-09-05T11:27:40+00:00
d16f3cbb78114154,8702,2026-09-05T11:27:40+00:00
8c0c048a058c45a1,8703,2026-09-05T11:27:40+00:00
b1e91e1f438c4337,8704,2026-09-05T11:27:40+00:00
4ab6e83243b94585,8705,2026-09-05T11:27:40+00:00
719504b79f37490d,8706,2026-09-05T11:27:40+00:00
799eb71da7c84127,8707,2026-09-05T11:27:40+00:00
4ff8139f9d4f4ca2,8708,2026-09-05T11:27:40+00:00
a78073b57bc74e3a,8709,2026-09-05T11:27:40+00:00
2809ca02a1e44ff6,8710,2026-09-05T11:27:40+00:00
8bec16012fdb4131,8711,2026-09-05T12:29:33+00:00
5f724ec906a5492e,8712,2026-09-05T12:29:33+00:00
f0619069fa2a4459,8713,2026-09-05T12:29:33+00:00
7ecb2ed0f6594eac,8714,2026-09-05T12:29:33+00:00
7db5925963764320,8715,2026-09-05T12:29:33+00:00
3648e7df963c4bda,8716,2026-09-05T12:29:33+00:00
8d5fdcd7208d4dd0,8717,2026-09-05T12:29:33+00:00
2ef6ef0bc8e340c4,8718,2026-09-05T12:29:33+00:00
bd88de6f39e1473c,8719,2026-09-05T12:29:33+00:00
7f12f7e3a3f94006,8720,2026-09-05T12:29:33+00:00
83732b4e134a4e6c,8721,2026-09-05T12:29:33+00:00
d1e0ed9241e54fb9,8722,2026-09-05T12:29:33+00:00
842ff45dac204d83,8723,2026-09-05T12:29:33+00:00
324b1d90b84f4faf,8724,2026-09-05T12:29:33+00:00
a35f4482c323483d,8725,2026-09-05T12:29:33+00:00
e0155871b4414b79,8726,2026-09-05T12:29:33+00:00
89dcc704990e45cc,8727,2026-09-05T12:29:33+00:00
5ef60475cfbe4083,8728,2026-09-05T12:29:33+00:00
2c14b7dafbd74ace,8729,2026-09-05T12:29:33+00:00
bbb43bc9d8774f87,8730,2026-09-05T12:29:33+00:00
21a8aa36b2984175,8731,2026-09-05T12:29:33+00:00
adfdf2ef96ea45c4,8732,2026-09-05T12:29:33+00:00
1411b03a8e6f419c,8733,2026-09-05T12:29:33+00:00
67abeab42e9646b0,8734,2026-09-05T12:29:33+00:00
07ce78993cb24a8e,8735,2026-09-05T12:29:33+00:00
a578b9a08c994664,8736,2026-09-05T12:29:33+00:00
fc05b04b48d34311,8737,2026-09-05T12:29:33+00:00
ec3da43cd4404fa5,8738,2026-09-05T12:29:33+00:00
b09e48d922689dbb,8739,2026-09-05T12:29:33+00:00
044c7d4c94184144,8740,2026-09-05T12:29:33+00:00
5e7b310cb6a0443c,8741,2026-09-05T12:29:33+00:00
7b272b60100d4346,8742,2026-09-05T12:29:33+00:00
b9daa4df9f714555,8743,2026-09-05T12:29:33+00:00
dd3ce794ac384ded,8744,2026-09-05T12:29:33+00:00
c04716b8036a4b70,8745,2026-09-05T12:29:33+00:00
d2da5798b14e436e,8746,2026-09-05T12:29:33+00:00
2a7ed084025a4434,8747,2026-09-05T12:29:33+00:00
0d120aba01f5480c,8748,2026-09-05T12:29:33+00:00
7728f4bc7aa74c66,8749,2026-09-05T12:29:33+00:00
07a00190b7de4d97,8750,2026-09-05T12:29:33+00:00
68adf264939f4e1e,8751,2026-09-05T12:29:33+00:00
8e0996c212fa4b96,8752,2026-09-05T12:29:33+00:00
414bbf76fe8041ce,8753,2026-09-05T12:29:33+00:00
fc05c94580c040f0,8754,2026-09-05T12:29:33+00:00
06d1120d346242ee,8755,2026-09-05T12:29:33+00:00
b3697f9c7cba4234,8756,2026-09-05T12:29:33+00:00
c75503ac35344eb8,8757,2026-09-05T12:29:33+00:00
0d022253d3ec4ac0,8758,2026-09-05T12:29:33+00:00
f82f8b4a18074ee4,8759,2026-09-05T12:29:33+00:00
16667e0cd1a444cc,8760,2026-09-05T12:29:33+00:00
3e6f282e9c9d40d8,8761,2026-09-05T12:29:33+00:00
35a41fdf86f24241,8762,2026-09-05T12:29:33+00:00
70fed624b1ad476c,8763,2026-09-05T12:29:33+00:00
365ee6548069427f,8764,2026-09-05T12:29:33+00:00
9774986f99d34f19,8765,2026-09-05T12:29:33+00:00
b5ee419fa9e446f5,8766,2026-09-05T12:29:33+00:00
1161a32b3e5c4523,8767,2026-09-05T12:29:33+00:00
3f11aedd3784495d,8768,2026-09-05T12:29:33+00:00
ed58f86454ba4f1d,8769,2026-09-05T12:29:33+00:00
81bca68360fa4e65,8770,2026-09-05T12:29:33+00:00
50a5ad3076d74b31,8771,2026-09-05T12:29:33+00:00
c2d2324c267d4aa3,8772,2026-09-05T12:29:33+00:00
702bea67064b482d,8773,2026-09-05T12:29:33+00:00
cae9a9cced4744fe,8774,2026-09-05T12:29:33+00:00
c0801b250d9f4afc,8775,2026-09-05T12:29:33+00:00
c192c603dfad4b82,8776,2026-09-05T12:29:33+00:00
7f7229f975724c22,8777,2026-09-05T12:29:33+00:00
50ccd73241ee42f7,8778,2026-09-05T12:29:33+00:00
60376957c1894a65,8779,2026-09-05T12:29:33+00:00
1a8dba6538ce4df8,8780,2026-09-05T12:29:33+00:00
9b8318d44f5e4386,8781,2026-09-05T12:29:33+00:00
d3c1a9868450480e,8782,2026-09-05T12:29:33+00:00
275fa082ff894678,8783,2026-09-05T12:29:33+00:00
2a4b37de55a440df,8784,2026-09-05T12:29:33+00:00
9ce0d6cb563e4e87,8785,2026-09-05T12:29:33+00:00
f726df9c97bb4eef,8786,2026-09-05T12:29:33+00:00
8646c00d9b254306,8787,2026-09-05T12:29:33+00:00
7ffcad1786084bfb,8788,2026-09-05T12:29:33+00:00
b70d8ac9c8084846,8789,2026-09-05T12:29:33+00:00
afe114a23bab415c,8790,2026-09-05T12:29:33+00:00
82d543f3c7e84f76,8791,2026-09-05T12:29:33+00:00
ce69dfa4cd174183,8792,2026-09-05T12:29:33+00:00
84e8a69b43924a73,8793,2026-09-05T12:29:33+00:00
a2da8f880a794131,8794,2026-09-05T12:29:33+00:00
7be7197e6d2f47a5,8795,2026-09-05T12:29:33+00:00
e1bad203c872437b,8796,2026-09-05T12:29:33+00:00
c23ee050112a407b,8797,2026-09-05T12:29:33+00:00
13c38eb2f97042a5,8798,2026-09-05T12:29:33+00:00
a2a8a3bcc3074093,8799,2026-09-05T12:29:33+00:00
1cc6e352c7bf40ab,8800,2026-09-05T12:29:33+00:00
6c31130d69f9472f,8801,2026-09-05T12:29:33+00:00
f1d3fd296cfc4ec7,8802,2026-09-05T12:29:33+00:00
61039d9c0bba469d,8803,2026-09-05T12:29:33+00:00
905474c740f2400f,8804,2026-09-05T12:29:33+00:00
62d0abf124714319,8805,2026-09-05T12:29:33+00:00
19d04f988a5b4c3e,8806,2026-09-05T12:29:33+00:00
0da76359dd2a4774,8807,2026-09-05T12:29:33+00:00
a647a1a722de45b8,8808,2026-09-05T12:29:33+00:00
1a51dd32d5764602,8809,2026-09-05T12:29:33+00:00
811bab21f00b467d,8810,2026-09-05T12:29:33+00:00
da0d23145a7c4cbd,8811,2026-09-05T12:29:33+00:00
3f701bc7b1ca49db,8812,2026-09-05T12:29:33+00:00
c5e47215e4b846d5,8813,2026-09-05T12:29:33+00:00
ad3a3fbb366e48cb,8814,2026-09-05T12:29:33+00:00
b32ffd2b70a743ef,8815,2026-09-05T12:29:33+00:00
ffa158d177484eb8,8816,2026-09-05T12:29:33+00:00
dc4011d24d444b8c,8817,2026-09-05T12:29:33+00:00
90b775736e634d68,8818,2026-09-05T12:29:33+00:00
59df25717cee4426,8819,2026-09-05T12:29:33+00:00
bd597df611f74781,8820,2026-09-05T12:29:33+00:00
f518a020430d4a49,8821,2026-09-05T12:29:33+00:00
909e45747bd64f3b,8822,2026-09-05T12:29:33+00:00
3cdd24083e134ad3,8823,2026-09-05T12:29:33+00:00
438d9fcad8d540e2,8824,2026-09-05T12:29:33+00:00
989f2aca1f244b0a,8825,2026-09-05T12:29:33+00:00
5bfcd6320e164ba2,8826,2026-09-05T12:29:33+00:00
1dc26eb36667441f,8827,2026-09-05T12:29:33+00:00
bb27398ad9304d31,8828,2026-09-05T12:29:33+00:00
7486e428abe346d7,8829,2026-09-05T12:29:33+00:00
59929d9a5208496b,8830,2026-09-05T12:29:33+00:00
0cd269b0d56e4983,8831,2026-09-05T12:29:33+00:00
1242cbc9aed74a0d,8832,2026-09-05T12:29:33+00:00
99ce37b15af74071,8833,2026-09-05T12:29:33+00:00
1670f0e9652e46e3,8834,2026-09-05T12:29:33+00:00
1d6ec22805a44347,8835,2026-09-05T12:29:33+00:00
87d9e7bf52334e3f,8836,2026-09-05T12:29:33+00:00
153550c315544e3b,8837,2026-09-05T12:29:33+00:00
fe47dd2340814219,8838,2026-09-05T12:29:33+00:00
f7ac320d46c340fd,8839,2026-09-05T12:29:33+00:00
04ad2ba745654c63,8840,2026-09-05T12:29:33+00:00
41f85b3d7e904063,8841,2026-09-05T12:29:33+00:00
4075f3fb392e4074,8842,2026-09-05T12:29:33+00:00
3a53f55760304f46,8843,2026-09-05T12:29:33+00:00
b6cd4eacf0a74a9c,8844,2026-09-05T12:29:33+00:00
75fb5ac0f5e943d0,8845,2026-09-05T12:29:33+00:00
568a0519e62d4264,8846,2026-09-05T12:29:33+00:00
7d6747d0740b494c,8847,2026-09-05T12:29:33+00:00
2c54ba12f20041d5,8848,2026-09-05T12:29:33+00:00
39323e1b3dbb4272,8849,2026-09-05T12:29:33+00:00
69522e81a5e449b4,8850,2026-09-05T12:29:33+00:00
dd6c7f029ae24834,8851,2026-09-05T12:29:33+00:00
12b012b08341429e,8852,2026-09-05T12:29:33+00:00
b7daa14cf1bf4078,8853,2026-09-05T12:29:33+00:00
790a30c3fabd49ba,8854,2026-09-05T12:29:33+00:00
4c352e8a9f2e4bab,8855,2026-09-05T12:29:33+00:00
bf30eab14ec14477,8856,2026-09-05T12:29:33+00:00
fe22153f67ff40df,8857,2026-09-05T12:29:33+00:00
7d0b49847b794eb3,8858,2026-09-05T12:29:33+00:00
fcb16348f7b245b3,8859,2026-09-05T12:29:33+00:00
feed40cf303b43f1,8860,2026-09-05T12:29:33+00:00
4343d68a44d84ad4,8861,2026-09-05T12:29:33+00:00
26556ae1fd944e3d,8862,2026-09-05T12:29:33+00:00
35707e1dc85f48cd,8863,2026-09-05T12:29:33+00:00
3d33862e48b64bd3,8864,2026-09-05T12:29:33+00:00
2bee84c23cb74566,8865,2026-09-05T12:29:33+00:00
e48eae817d424c49,8866,2026-09-05T12:29:33+00:00
e1befddc7ce44dd9,8867,2026-09-05T12:29:33+00:00
ae61e61ba82542d7,8868,2026-09-05T12:29:33+00:00
d87a0eee791a4d19,8869,2026-09-05T12:29:33+00:00
3f4a3aca70e1475b,8870,2026-09-05T12:29:33+00:00
7079e847e4ae4eea,8871,2026-09-05T12:29:33+00:00
48e153af9f184800,8872,2026-09-05T12:29:33+00:00
9a7a8e05cc2548f6,8873,2026-09-05T12:29:33+00:00
133286ef06114737,8874,2026-09-05T12:29:33+00:00
4f09f586480444ac,8875,2026-09-05T12:29:33+00:00
bece3043c3784ae2,8876,2026-09-05T12:29:33+00:00
43e9a56c9b30424a,8877,2026-09-05T12:29:33+00:00
144aeed02e624885,8878,2026-09-05T12:29:33+00:00
7bde860c2b564f45,8879,2026-09-05T12:29:33+00:00
d9840befa0c846f9,8880,2026-09-05T12:29:33+00:00
949bd711b9f84feb,8881,2026-09-05T12:29:33+00:00
b0d7c9bebe894fc1,8882,2026-09-05T12:29:33+00:00
4c89d40692c44c93,8883,2026-09-05T12:29:33+00:00
1d6e0e02796e442d,8884,2026-09-05T12:29:33+00:00
72f677374bb44c07,8885,2026-09-05T12:29:33+00:00
9a08b3b92a9d460a,8886,2026-09-05T12:29:33+00:00
29fc0c97ec3940db,8887,2026-09-05T12:29:33+00:00
93986a32b65c4b77,8888,2026-09-05T12:29:33+00:00
79e8271734e940a4,8889,2026-09-05T12:29:33+00:00
2f7840b9229a44f4,8890,2026-09-05T12:29:33+00:00
4dba91f13f8548f2,8891,2026-09-05T12:29:33+00:00
aaf876034f5c4d76,8892,2026-09-05T12:29:33+00:00
244593102cec469c,8893,2026-09-05T12:29:33+00:00
dfd7fba9df444cc0,8894,2026-09-05T12:29:33+00:00
70b4cdc215ff43da,8895,2026-09-05T12:29:33+00:00
0168456dce5c4cc8,8896,2026-09-05T12:29:33+00:00
542c4616f0eb41ba,8897,2026-09-05T12:29:33+00:00
c6941019fcfb45cd,8898,2026-09-05T12:29:33+00:00
42651429764d473b,8899,2026-09-05T12:29:33+00:00
e1b86e8279ea45b4,8900,2026-09-05T12:29:33+00:00
c7ff5e2c183e4717,8901,2026-09-05T12:29:33+00:00
f31eb46127184ee1,8902,2026-09-05T12:29:33+00:00
afb4af1935e6416e,8903,2026-09-05T12:29:33+00:00
9d9038fe0963411c,8904,2026-09-05T12:29:33+00:00
034a320e49134ab6,8905,2026-09-05T12:29:33+00:00
b852e6ea80304cd6,8906,2026-09-05T12:29:33+00:00
0f9f4678ad814944,8907,2026-09-05T12:29:33+00:00
3adcebd356ee4e2f,8908,2026-09-05T12:29:33+00:00
4bbda2889e2e4c62,8909,2026-09-05T12:29:33+00:00
62e0df894a45425d,8910,2026-09-05T12:29:33+00:00
b28e227d54214a0b,8911,2026-09-05T12:29:33+00:00
1392b115f1924b28,8912,2026-09-05T12:29:33+00:00
fb46d6f2f40544e2,8913,2026-09-05T12:29:33+00:00
e8f291ff903f4ff2,8914,2026-09-05T12:29:33+00:00
40791d6209bc4734,8915,2026-09-05T12:29:33+00:00
4c07718035254640,8916,2026-09-05T12:29:33+00:00
3242e42fa9fa4390,8917,2026-09-05T12:29:33+00:00
439038d8455e4c50,8918,2026-09-05T12:29:33+00:00
b2f11988ed084abc,8919,2026-09-05T12:29:33+00:00
72d59f4a33b34b82,8920,2026-09-05T12:29:33+00:00
316df4b283014726,8921,2026-09-05T12:29:33+00:00
32689f8496f54d40,8922,2026-09-05T12:29:33+00:00
9b86a7affc8c4f20,8923,2026-09-05T12:29:33+00:00
fee3eb1a7ad8461c,8924,2026-09-05T12:29:33+00:00
1a019453425d4c83,8925,2026-09-05T12:29:33+00:00
58e23d62e9b94ee9,8926,2026-09-05T12:29:33+00:00
29d86d9a7384405e,8927,2026-09-05T12:29:33+00:00
1df8dfa11d844396,8928,2026-09-05T12:29:33+00:00
75ca25498dea490a,8929,2026-09-05T12:29:33+00:00
a4aac27fcc2946dc,8930,2026-09-05T12:29:33+00:00
cd476de5db9742ca,8931,2026-09-05T12:29:33+00:00
28f0a5425e29441a,8932,2026-09-05T12:29:33+00:00
1697ee6076b54b76,8933,2026-09-05T12:29:33+00:00
f02c62d58b8f40e2,8934,2026-09-05T12:29:33+00:00
1f1a63167f174c22,8935,2026-09-05T12:29:33+00:00
d2436e69953d4f59,8936,2026-09-05T12:29:33+00:00
2bea2ff084744b13,8937,2026-09-05T12:29:33+00:00
a468309f7cc342af,8938,2026-09-05T12:29:33+00:00
0e775afea6644b45,8939,2026-09-05T12:29:33+00:00
319ec7da29944763,8940,2026-09-05T12:29:33+00:00
223c60eb469842d2,8941,2026-09-05T12:29:33+00:00
e995621f46a54ba5,8942,2026-09-05T12:29:33+00:00
8f1dfacf44b644be,8943,2026-09-05T12:29:33+00:00
f5f24c25751242dc,8944,2026-09-05T12:29:33+00:00
bfed7ddc51054091,8945,2026-09-05T12:29:33+00:00
ca5177f224af41dd,8946,2026-09-05T12:29:33+00:00
ce009775d7124123,8947,2026-09-05T12:29:33+00:00
7d69ebe68cf24c71,8948,2026-09-05T12:29:33+00:00
d8c26b16454a4d6e,8949,2026-09-05T12:29:33+00:00
bab01ecad12e4cb5,8950,2026-09-05T12:29:33+00:00
7b8825ab184241e3,8951,2026-09-05T12:29:33+00:00
314bff0d4c034ac2,8952,2026-09-05T12:29:33+00:00
5ca46ca671a646d0,8953,2026-09-05T12:29:33+00:00
3493999425ee4e6c,8954,2026-09-05T12:29:33+00:00
e5c05bf402ac479c,8955,2026-09-05T12:29:33+00:00
6e4ce42631754955,8956,2026-09-05T12:29:33+00:00
27700cf004cf4b52,8957,2026-09-05T12:29:33+00:00
a53f58a436df4464,8958,2026-09-05T12:29:33+00:00
2d011e1961c945ad,8959,2026-09-05T12:29:33+00:00
565cd01dd01b4848,8960,2026-09-05T12:29:33+00:00
1f2b8ab2cc3c48b0,8961,2026-09-05T12:29:33+00:00
9002a1ffaeff44da,8962,2026-09-05T12:29:33+00:00
b9cd1109d7f1435a,8963,2026-09-05T12:29:33+00:00
f7053be8a13e4bac,8964,2026-09-05T12:29:33+00:00
3acbe77c70284af6,8965,2026-09-05T12:29:33+00:00
aaff6d02559743a4,8966,2026-09-05T12:29:33+00:00
f5c0fddb39224b74,8967,2026-09-05T12:29:33+00:00
7a9fc3661be04109,8968,2026-09-05T12:29:33+00:00
60b36e8863a74833,8969,2026-09-05T12:29:33+00:00
ac904e6bf55f490d,8970,2026-09-05T12:29:33+00:00
e72859dca4174648,8971,2026-09-05T12:29:33+00:00
6dc70d153ef14118,8972,2026-09-05T12:29:33+00:00
98a605ba3a31442f,8973,2026-09-05T12:29:33+00:00
d87a36e98ed94bbd,8974,2026-09-05T12:29:33+00:00
fa8cd6c4096542ab,8975,2026-09-05T12:29:33+00:00
806efaa144304b9b,8976,2026-09-05T12:29:33+00:00
41784c0aeb524e18,8977,2026-09-05T12:29:33+00:00
1e66b07660b4421c,8978,2026-09-05T12:29:33+00:00
d43ff7b87d234314,8979,2026-09-05T12:29:33+00:00
bb0e2967bb664cf4,8980,2026-09-05T12:29:33+00:00
1aae9ab230304638,8981,2026-09-05T12:29:33+00:00
1c86baa97b6843ff,8982,2026-09-05T12:29:33+00:00
7cd1e9765c3249d3,8983,2026-09-05T12:29:33+00:00
c8a13ef941b74601,8984,2026-09-05T12:29:33+00:00
3d308bab2fa240a9,8985,2026-09-05T12:29:33+00:00
ab90adf813544b24,8986,2026-09-05T12:29:33+00:00
6cb366ca4e854a38,8987,2026-09-05T12:29:33+00:00
983af9489d9a4526,8988,2026-09-05T12:29:33+00:00
6d00151f6c944e98,8989,2026-09-05T12:29:33+00:00
8097c6ba65214bb2,8990,2026-09-05T12:29:33+00:00
fd69907837d849bd,8991,2026-09-05T12:29:33+00:00
bdb2dc8cab874188,8992,2026-09-05T12:29:33+00:00
a87d6f63fb4b467e,8993,2026-09-05T12:29:33+00:00
2f338834ac4f4005,8994,2026-09-05T12:29:33+00:00
aac4058c0321499f,8995,2026-09-05T12:29:33+00:00
23317aa8c2664097,8996,2026-09-05T12:29:33+00:00
d00cea54f47f462b,8997,2026-09-05T12:29:33+00:00
545ed458f6da4ee7,8998,2026-09-05T12:29:33+00:00
23a0f81f2d2d4876,8999,2026-09-05T12:29:33+00:00
e1d7eb3ca7fb43e0,9000,2026-09-05T12:29:33+00:00
fc869d4bad6344ce,9001,2026-09-05T12:29:33+00:00
6ea03fdf59cb42d0,9002,2026-09-05T12:29:33+00:00
5811f6bb759046d8,9003,2026-09-05T12:29:33+00:00
353bdcb4666e4dbf,9004,2026-09-05T12:29:33+00:00
8c811f2962d145c1,9005,2026-09-05T12:29:33+00:00
efe812784aea4851,9006,2026-09-05T12:29:33+00:00
1c7d3e3ab5764545,9007,2026-09-05T12:29:33+00:00
d8509e933ba24cea,9008,2026-09-05T12:29:33+00:00
9a49c7b088ed48c6,9009,2026-09-05T12:29:33+00:00
1e232a5ce9424d22,9010,2026-09-05T12:29:33+00:00
c6528bac310641ad,9011,2026-09-05T12:29:33+00:00
b22635a922ee4a66,9012,2026-09-05T12:29:33+00:00
e518a9e46641411c,9013,2026-09-05T12:29:33+00:00
c91fe2085fc94539,9014,2026-09-05T12:29:33+00:00
286a7265281c48b9,9015,2026-09-05T12:29:33+00:00
3f7c18d43d354d7b,9016,2026-09-05T12:29:33+00:00
6725d1d8afe8470b,9017,2026-09-05T12:29:33+00:00
aaf067f0af8f4a30,9018,2026-09-05T12:29:33+00:00
74d7d0bca29b417a,9019,2026-09-05T12:29:33+00:00
7f598a6ea4a4466f,9020,2026-09-05T12:29:33+00:00
c13c5e5df79b4761,9021,2026-09-05T12:29:33+00:00
f6646f77e17c431f,9022,2026-09-05T12:29:33+00:00
9c22e2e2eef746b2,9023,2026-09-05T12:29:33+00:00
dfce95d548a24d16,9024,2026-09-05T12:29:33+00:00
cd4b9a5abb2f4a6a,9025,2026-09-05T12:29:33+00:00
05ce7ca7c1f1413a,9026,2026-09-05T12:29:33+00:00
ad70ba69c25c4714,9027,2026-09-05T12:29:33+00:00
589c6cab766c4d7b,9028,2026-09-05T12:29:33+00:00
f7e6765f904841a1,9029,2026-09-05T12:29:33+00:00
4b67f08ac0604277,9030,2026-09-05T12:29:33+00:00
8593e43f6f6e4981,9031,2026-09-05T12:29:33+00:00
bb3918ae80654429,9032,2026-09-05T12:29:33+00:00
62b0e7dab0a248b0,9033,2026-09-05T12:29:33+00:00
173be5db681644cc,9034,2026-09-05T12:29:33+00:00
0bb78dcbd5664b8b,9035,2026-09-05T12:29:33+00:00
f5de7ebcb41e4839,9036,2026-09-05T12:29:33+00:00
f456d3a861c142a1,9037,2026-09-05T12:29:33+00:00
d7f69667e0b04484,9038,2026-09-05T12:29:33+00:00
06d058a653e84e8c,9039,2026-09-05T12:29:33+00:00
47aefa2bde244aec,9040,2026-09-05T12:29:33+00:00
2903f93b899a474c,9041,2026-09-05T12:29:33+00:00
a617ce4de2e14ceb,9042,2026-09-05T12:29:33+00:00
f8312a50cfbd4f91,9043,2026-09-05T12:29:33+00:00
9e5cf1fe165a4385,9044,2026-09-05T12:29:33+00:00
f602cdeeeebf403b,9045,2026-09-05T12:29:33+00:00
846f43980ef1440d,9046,2026-09-05T12:29:33+00:00
d11a5c2b73664acd,9047,2026-09-05T12:29:33+00:00
bbd7c5aa272448ec,9048,2026-09-05T12:29:33+00:00
c5e1d2b2c5f94e6c,9049,2026-09-05T12:29:33+00:00
9eb3fece04cc4751,9050,2026-09-05T12:29:33+00:00
af0dc64c38fd4cc1,9051,2026-09-05T12:29:33+00:00
9f726b71ebac4253,9052,2026-09-05T12:29:33+00:00
c0e5fea1df7a421f,9053,2026-09-05T12:29:33+00:00
29a43df434354251,9054,2026-09-05T12:29:33+00:00
8ea6504bfaff4d2f,9055,2026-09-05T12:29:33+00:00
608716c2b28343a5,9056,2026-09-05T12:29:33+00:00
d41fd32f1db2467e,9057,2026-09-05T12:29:33+00:00
77be469a97ed42f6,9058,2026-09-05T12:29:33+00:00
98d45e67bfda4db2,9059,2026-09-05T12:29:33+00:00
140a57ae241a4044,9060,2026-09-05T12:29:33+00:00
dc0618f49cc349da,9061,2026-09-05T12:29:33+00:00
0e37dd96145240c3,9062,2026-09-05T12:29:33+00:00
bbf1db9f23a74bfd,9063,2026-09-05T12:29:33+00:00
bc0045d5d3094791,9064,2026-09-05T12:29:33+00:00
7677a0881a114c32,9065,2026-09-05T12:29:33+00:00
ad853778c11c428a,9066,2026-09-05T12:29:33+00:00
0de53df0694a4a7b,9067,2026-09-05T12:29:33+00:00
8ba97dbc6cbe421d,9068,2026-09-05T12:29:33+00:00
d302409cf7144c58,9069,2026-09-05T12:29:33+00:00
0756ef1302894e37,9070,2026-09-05T12:29:33+00:00
04d42bf6120b494b,9071,2026-09-05T12:29:33+00:00
42f9309b670d46e7,9072,2026-09-05T12:29:33+00:00
a00ac3e0971e461d,9073,2026-09-05T12:29:33+00:00
d5f1702d6d604d87,9074,2026-09-05T12:29:33+00:00
01676da97558472f,9075,2026-09-05T12:29:33+00:00
bf514a9984104d0f,9076,2026-09-05T12:29:33+00:00
d291ad546de24c1f,9077,2026-09-05T12:29:33+00:00
961bfbff20c04a33,9078,2026-09-05T12:29:33+00:00
4c384fb53bc44349,9079,2026-09-05T12:29:33+00:00
4a4570d9b98b44e9,9080,2026-09-05T12:29:33+00:00
3352321a18dc4325,9081,2026-09-05T12:29:33+00:00
c101c1c6138a4237,9082,2026-09-05T12:29:33+00:00
8175e292bacb4271,9083,2026-09-05T12:29:33+00:00
a784c7a94a884a5f,9084,2026-09-05T12:29:33+00:00
e764ff28102f44ba,9085,2026-09-05T12:29:33+00:00
87f351af3e0f4bf0,9086,2026-09-05T12:29:33+00:00
1e28bc65a34c46e0,9087,2026-09-05T12:29:33+00:00
a7361bba81044eb6,9088,2026-09-05T12:29:33+00:00
32b72c7024084092,9089,2026-09-05T12:29:33+00:00
d69820fedc634784,9090,2026-09-05T12:29:33+00:00
cb5ac6f628ad4ccc,9091,2026-09-05T12:29:33+00:00
726b355f3e0a4ea8,9092,2026-09-05T12:29:33+00:00
30dac178858344cf,9093,2026-09-05T12:29:33+00:00
6b7fb5cc192e4ab3,9094,2026-09-05T12:29:33+00:00
de2a847255064875,9095,2026-09-05T12:29:33+00:00
ad747efa726e4323,9096,2026-09-05T12:29:33+00:00
e116ee9b3d604fe2,9097,2026-09-05T12:29:33+00:00
a6d1a3e17c544605,9098,2026-09-05T12:29:33+00:00
277a43213f914174,9099,2026-09-05T12:29:33+00:00
5f3711fe2c564d04,9100,2026-09-05T12:29:33+00:00
693e2971767945dd,9101,2026-09-05T12:29:33+00:00
04afaf0a885242f4,9102,2026-09-05T12:29:33+00:00
54511922720641bd,9103,2026-09-05T12:29:33+00:00
017b0c2b9e5b452d,9104,2026-09-05T12:29:33+00:00
921a24c40d0c41c4,9105,2026-09-05T12:29:33+00:00
b015fded11d14fcb,9106,2026-09-05T12:29:33+00:00
8733c7d278144888,9107,2026-09-05T12:29:33+00:00
09057da258974502,9108,2026-09-05T12:29:33+00:00
e1b8aadeebd44783,9109,2026-09-05T12:29:33+00:00
1e0522f1cf5c446d,9110,2026-09-05T12:29:33+00:00
0a4eb086532f4255,9111,2026-09-05T12:29:33+00:00
94bf61409ea34e6f,9112,2026-09-05T12:29:33+00:00
14ceaa2989de436a,9113,2026-09-05T12:29:33+00:00
b7b8ff17648c4661,9114,2026-09-05T12:29:33+00:00
9e22546830d8464a,9115,2026-09-05T12:29:33+00:00
85a8e0d9375b4f71,9116,2026-09-05T12:29:33+00:00
f251080f24ca4f88,9117,2026-09-05T12:29:33+00:00
efb2fd04dead4c5c,9118,2026-09-05T12:29:33+00:00
6266fa8993984dff,9119,2026-09-05T12:29:33+00:00
0189d0a1b5154f47,9120,2026-09-05T12:29:33+00:00
04f72ec0c4554b7f,9121,2026-09-05T12:29:33+00:00
755b44e9a1a84d9a,9122,2026-09-05T12:29:33+00:00
70f8ccb519724b3b,9123,2026-09-05T12:29:33+00:00
0dfb225f8a834040,9124,2026-09-05T12:29:33+00:00
8a0bab9ec5784904,9125,2026-09-05T12:29:33+00:00
0fe1c3a2120441a6,9126,2026-09-05T12:29:33+00:00
45bffd8b4b4e4705,9127,2026-09-05T12:29:33+00:00
e915d039cf174524,9128,2026-09-05T12:29:33+00:00
d595a0e3e84544c8,9129,2026-09-05T12:29:33+00:00
d50161f720404b14,9130,2026-09-05T12:29:33+00:00
0a45bdf70f1e4c7b,9131,2026-09-05T12:29:33+00:00
357cec14959943b6,9132,2026-09-05T12:29:33+00:00
2201d8993afe451a,9133,2026-09-05T12:29:33+00:00
b23560ac62364ece,9134,2026-09-05T12:29:33+00:00
ab2ec7ba376f46e0,9135,2026-09-05T12:29:33+00:00
9da272da1a214931,9136,2026-09-05T12:29:33+00:00
6f8af803cddf4094,9137,2026-09-05T12:29:33+00:00
d9788da5123e4522,9138,2026-09-05T12:29:33+00:00
417703e5f21f4f95,9139,2026-09-05T12:29:33+00:00
be3d10222968401c,9140,2026-09-05T12:29:33+00:00
89144460d52f42fd,9141,2026-09-05T12:29:33+00:00
881bf1c2d17f424b,9142,2026-09-05T12:29:33+00:00
19157f1c90fb453b,9143,2026-09-05T12:29:33+00:00
741e9761d7ca477c,9144,2026-09-05T12:29:33+00:00
6940e1538d044ff8,9145,2026-09-05T12:29:33+00:00
09071eb1cffd482d,9146,2026-09-05T12:29:33+00:00
cc39c88b7dd549cf,9147,2026-09-05T12:29:33+00:00
d7ef256351c04276,9148,2026-09-05T12:29:33+00:00
063e49d479a14306,9149,2026-09-05T12:29:33+00:00
7437729b537945ea,9150,2026-09-05T12:29:33+00:00
ac843414aa8d4d2d,9151,2026-09-05T12:29:33+00:00
be9f66db81d24752,9152,2026-09-05T12:29:33+00:00
77fb38d33f334790,9153,2026-09-05T12:29:33+00:00
aa5ebea6065047a3,9154,2026-09-05T12:29:33+00:00
451898c66fad476f,9155,2026-09-05T12:29:33+00:00
16a41dedf4724340,9156,2026-09-05T12:29:33+00:00
9cac5ad347c049f2,9157,2026-09-05T12:29:33+00:00
5fea8aa99dea4b13,9158,2026-09-05T12:29:33+00:00
9596363a1da14861,9159,2026-09-05T12:29:33+00:00
d7c9e5e0f38c4437,9160,2026-09-05T12:29:33+00:00
731d2ec401e74112,9161,2026-09-05T12:29:33+00:00
66f509e8d452458c,9162,2026-09-05T12:29:33+00:00
0f0656c2c3c74331,9163,2026-09-05T12:29:33+00:00
4880426804fc4977,9164,2026-09-05T12:29:33+00:00
c76829be729f4371,9165,2026-09-05T12:29:33+00:00
f5804d7cd8744e7e,9166,2026-09-05T12:29:33+00:00
9f97ac51ac844f3a,9167,2026-09-05T12:29:33+00:00
0faca8bbf84f4d99,9168,2026-09-05T12:29:33+00:00
4d0ccefb8bff4efd,9169,2026-09-05T12:29:33+00:00
2076517e07244a32,9170,2026-09-05T12:29:33+00:00
7e8d89c0745d45ec,9171,2026-09-05T12:29:33+00:00
1c7e239321a249c6,9172,2026-09-05T12:29:33+00:00
821337492af44213,9173,2026-09-05T12:29:33+00:00
acc9e2c54dbd40fb,9174,2026-09-05T12:29:33+00:00
fb8c6e227ea541ef,9175,2026-09-05T12:29:33+00:00
2fe6fe7dba8b48d7,9176,2026-09-05T12:29:33+00:00
385970123fe14ffe,9177,2026-09-05T12:29:33+00:00
290d0a21c00c4ce7,9178,2026-09-05T12:29:33+00:00
c29bbfa1deeb4309,9179,2026-09-05T12:29:33+00:00
245bae428df54a8e,9180,2026-09-05T12:29:33+00:00
a90bac7fd26e440f,9181,2026-09-05T12:29:33+00:00
8a81d2bbf37e424f,9182,2026-09-05T12:29:33+00:00
3d02d6d406ac4747,9183,2026-09-05T12:29:33+00:00
6e8610f3530d420d,9184,2026-09-05T12:29:33+00:00
de7c2d00a6154d45,9185,2026-09-05T12:29:33+00:00
8464a11c26514295,9186,2026-09-05T12:29:33+00:00
86131ac8af714105,9187,2026-09-05T12:29:33+00:00
ff92ab389d304f77,9188,2026-09-05T12:29:33+00:00
78f641fd6688418a,9189,2026-09-05T12:29:33+00:00
57b454b58e4440bc,9190,2026-09-05T12:29:33+00:00
05a5269d3dbe4e53,9191,2026-09-05T12:29:33+00:00
de26bbfaf38d4b69,9192,2026-09-05T12:29:33+00:00
4134a4b2bac8471a,9193,2026-09-05T12:29:33+00:00
f72d2afca2734468,9194,2026-09-05T12:29:33+00:00
f17ca85a2f7c4bc4,9195,2026-09-05T12:29:33+00:00
5a5f8cbd20414fb8,9196,2026-09-05T12:29:33+00:00
b5558fce38d54cdf,9197,2026-09-05T12:29:33+00:00
149d513d92a94b77,9198,2026-09-05T12:29:33+00:00
839f59f74775424e,9199,2026-09-05T12:29:33+00:00
c119b863eace4d95,9200,2026-09-05T12:29:33+00:00
6e85c061b2c8458a,9201,2026-09-05T12:29:33+00:00
85cb3c6cdf7944f3,9202,2026-09-05T12:29:33+00:00
cf8ff0ee616a4c06,9203,2026-09-05T12:29:33+00:00
bf91fe63e4da4068,9204,2026-09-05T12:29:33+00:00
7c21e4b3b59c4230,9205,2026-09-05T12:29:33+00:00
4a16bd32cf7c459a,9206,2026-09-05T12:29:33+00:00
b508a6d6651f426b,9207,2026-09-05T12:29:33+00:00
09054a4495f74362,9208,2026-09-05T12:29:33+00:00
d270690c63904bd8,9209,2026-09-05T12:29:33+00:00
3f0b760edacb46d6,9210,2026-09-05T12:29:33+00:00
68e8816edad841f7,9211,2026-09-05T12:29:33+00:00
af4b2f9e9ff94019,9212,2026-09-05T12:29:33+00:00
8fc83932273849e0,9213,2026-09-05T12:29:33+00:00
1ded787495e74cf9,9214,2026-09-05T12:29:33+00:00
814f8985425c4a45,9215,2026-09-05T12:29:33+00:00
f903e6465c384bb0,9216,2026-09-05T12:29:33+00:00
66cb83e89aee4cb2,9217,2026-09-05T12:29:33+00:00
210fd4eae89b4ff1,9218,2026-09-05T12:29:33+00:00
fad649fa06ab4772,9219,2026-09-05T12:29:33+00:00
f056c00ae10e4453,9220,2026-09-05T12:29:33+00:00
e25142c747664a8d,9221,2026-09-05T12:29:33+00:00
ff074dffe1eb4e13,9222,2026-09-05T12:29:33+00:00
3342e495d5de4ae0,9223,2026-09-05T12:29:33+00:00
47944f82fdfd462f,9224,2026-09-05T12:29:33+00:00
259c9fd1e8524f11,9225,2026-09-05T12:29:33+00:00
a7777c4569d946e1,9226,2026-09-05T12:29:33+00:00
5143c65beca34444,9227,2026-09-05T12:29:33+00:00
587d9d972c094bb2,9228,2026-09-05T12:29:33+00:00
589e60ed496a459f,9229,2026-09-05T12:29:33+00:00
326ce5cb526a4f97,9230,2026-09-05T12:29:33+00:00
34fca82033aa4e0a,9231,2026-09-05T12:29:33+00:00
55c5ee6831bd41f7,9232,2026-09-05T12:29:33+00:00
f53a96b598c4433c,9233,2026-09-05T12:29:33+00:00
e7526b0de7c34dff,9234,2026-09-05T12:29:33+00:00
c0dce2de118641c1,9235,2026-09-05T12:29:33+00:00
f702f1b0fefa42a6,9236,2026-09-05T12:29:33+00:00
268faba43e2e4803,9237,2026-09-05T12:29:33+00:00
b1aa9fe51003492c,9238,2026-09-05T12:29:33+00:00
7422652a043c4f06,9239,2026-09-05T12:29:33+00:00
981c07afb1774c4c,9240,2026-09-05T12:29:33+00:00
bd9d6b0945c74029,9241,2026-09-05T12:29:33+00:00
66981ed431b849e5,9242,2026-09-05T12:29:33+00:00
6316f73d927f468b,9243,2026-09-05T12:29:33+00:00
23677c86fc31416a,9244,2026-09-05T12:29:33+00:00
5e73d600848540d8,9245,2026-09-05T12:29:33+00:00
a82f19c972814f8f,9246,2026-09-05T12:29:33+00:00
c2662c3b73504a91,9247,2026-09-05T12:29:33+00:00
681325461a9b4225,9248,2026-09-05T12:29:33+00:00
b717bb503f8046ee,9249,2026-09-05T12:29:33+00:00
596123c7fa6d46c7,9250,2026-09-05T12:29:33+00:00
b19b2a396d3b4e71,9251,2026-09-05T12:29:33+00:00
d298c1654fbb4461,9252,2026-09-05T12:29:33+00:00
e735cb47b6a44dbf,9253,2026-09-05T12:29:33+00:00
dc1fdbf1825c4359,9254,2026-09-05T12:29:33+00:00
9b5e585a7e79481a,9255,2026-09-05T12:29:33+00:00
d534efed2e304b75,9256,2026-09-05T12:29:33+00:00
162c79721e8747ce,9257,2026-09-05T12:29:33+00:00
cee1fb00c41e48e2,9258,2026-09-05T12:29:33+00:00
ecc12e664ecf4258,9259,2026-09-05T12:29:33+00:00
0f50be39a2214608,9260,2026-09-05T12:29:33+00:00
32baaa24262c4527,9261,2026-09-05T12:29:33+00:00
10eaa08f175c424d,9262,2026-09-05T12:29:33+00:00
a51d4d72447b4573,9263,2026-09-05T12:29:33+00:00
892abefecc2c412b,9264,2026-09-05T12:29:33+00:00
a9275b74394f4a48,9265,2026-09-05T12:29:33+00:00
51b262c412dd44c4,9266,2026-09-05T12:29:33+00:00
bbab6915336b419e,9267,2026-09-05T12:29:33+00:00
125300501f0c4265,9268,2026-09-05T12:29:33+00:00
60fccc1037ae4bc3,9269,2026-09-05T12:29:33+00:00
0625076eb0764892,9270,2026-09-05T12:29:33+00:00
81ea635f4048436d,9271,2026-09-05T12:29:33+00:00
447f0ac055ec4f06,9272,2026-09-05T12:29:33+00:00
52b6a72a0c034873,9273,2026-09-05T12:29:33+00:00
0ec47847ebf54599,9274,2026-09-05T12:29:33+00:00
c3a09e40aa6545b8,9275,2026-09-05T12:29:33+00:00
136859c10a0d4f61,9276,2026-09-05T12:29:33+00:00
31881dfaf68f4ed1,9277,2026-09-05T12:29:33+00:00
93ce89c4407d4204,9278,2026-09-05T12:29:33+00:00
48b0e32b307a409c,9279,2026-09-05T12:29:33+00:00
f0c54d9009644241,9280,2026-09-05T12:29:33+00:00
b4df7afc00cd4fe5,9281,2026-09-05T12:29:33+00:00
855d6314145142a9,9282,2026-09-05T12:29:33+00:00
b517bbcb234345ac,9283,2026-09-05T12:29:33+00:00
667c1490809d4016,9284,2026-09-05T12:29:33+00:00
1a9e814a144440c3,9285,2026-09-05T12:29:33+00:00
d5b420bf475747cc,9286,2026-09-05T12:29:33+00:00
29ea2a76ad334580,9287,2026-09-05T12:29:33+00:00
d0426d3fb97345b3,9288,2026-09-05T12:29:33+00:00
68daf800bab5411f,9289,2026-09-05T12:29:33+00:00
79fc55a686644492,9290,2026-09-05T12:29:33+00:00
a7a87104d0354d28,9291,2026-09-05T12:29:33+00:00
c2b9750a727148e4,9292,2026-09-05T12:29:33+00:00
695767f14b44438b,9293,2026-09-05T12:29:33+00:00
4f432c187f87417e,9294,2026-09-05T12:29:33+00:00
dc022bce2d574d0d,9295,2026-09-05T12:29:33+00:00
f1c18b38a78e443f,9296,2026-09-05T12:29:33+00:00
28567ef850e94029,9297,2026-09-05T12:29:33+00:00
b1c1ca915bb4495f,9298,2026-09-05T12:29:33+00:00
f690d3832d904b54,9299,2026-09-05T12:29:33+00:00
20959f8d6bb842b7,9300,2026-09-05T12:29:33+00:00
53ea3668cb6c4725,9301,2026-09-05T12:29:33+00:00
499e524d90b64758,9302,2026-09-05T12:29:33+00:00
dc17f08abdbf4a6a,9303,2026-09-05T12:29:33+00:00
67f585bec69a4f0c,9304,2026-09-05T12:29:33+00:00
cc13e8e12b7e44f8,9305,2026-09-05T12:29:33+00:00
32f8d82c73d24885,9306,2026-09-05T12:29:33+00:00
df8ad30ece654861,9307,2026-09-05T12:29:33+00:00
732aa54182104cac,9308,2026-09-05T12:29:33+00:00
ea28cf3a7c214186,9309,2026-09-05T12:29:33+00:00
6f9ab63e997841df,9310,2026-09-05T12:29:33+00:00
a97f97ef7f314c37,9311,2026-09-05T12:29:33+00:00
2139f67f13694fc2,9312,2026-09-05T12:29:33+00:00
b97b4467f8214c36,9313,2026-09-05T12:29:33+00:00
97371cf519cf47aa,9314,2026-09-05T12:29:33+00:00
b686526e91e64d35,9315,2026-09-05T12:29:33+00:00
bdeae204e4054645,9316,2026-09-05T12:29:33+00:00
ee65bd8bd4ba42e6,9317,2026-09-05T12:29:33+00:00
7562c9ccc48f4949,9318,2026-09-05T12:29:33+00:00
b51ad6173a2e4ce4,9319,2026-09-05T12:29:33+00:00
0f5e51fc6c424f48,9320,2026-09-05T12:29:33+00:00
63104406ee344617,9321,2026-09-05T12:29:33+00:00
6ff2e07d1c584e81,9322,2026-09-05T12:29:33+00:00
8407f5a425f049ef,9323,2026-09-05T12:29:33+00:00
6272200794524dd2,9324,2026-09-05T12:29:33+00:00
b0e176561c1a407e,9325,2026-09-05T12:29:33+00:00
b7bc1f0751014235,9326,2026-09-05T12:29:33+00:00
bcf82ed118e14841,9327,2026-09-05T12:29:33+00:00
d2c3a8c8187d4267,9328,2026-09-05T12:29:33+00:00
d4937b60f2064e01,9329,2026-09-05T12:29:33+00:00
45badc948d1c4e3e,9330,2026-09-05T12:29:33+00:00
08b950dc29174458,9331,2026-09-05T12:29:33+00:00
a09557fa26ae4bfe,9332,2026-09-05T12:29:33+00:00
2812dfe6eaf7449b,9333,2026-09-05T12:29:33+00:00
a35da0392d3c43a2,9334,2026-09-05T12:29:33+00:00
5f6101194a2c48fa,9335,2026-09-05T12:29:33+00:00
169fa349bff54262,9336,2026-09-05T12:29:33+00:00
862b09a87fee4532,9337,2026-09-05T12:29:33+00:00
452b1453cc3942bc,9338,2026-09-05T12:29:33+00:00
4c1e9b61d7334633,9339,2026-09-05T12:29:33+00:00
9047f794ad6d4f53,9340,2026-09-05T12:29:33+00:00
5a2ff71ba3344b01,9341,2026-09-05T12:29:33+00:00
24bbe9a1678b4565,9342,2026-09-05T12:29:33+00:00
cab183468ca14358,9343,2026-09-05T12:29:33+00:00
eae3ff6e33a74476,9344,2026-09-05T12:29:33+00:00
6de75cebe5c74c87,9345,2026-09-05T12:29:33+00:00
cdbfa36070fb4919,9346,2026-09-05T12:29:33+00:00
9ee0cdb67bec488c,9347,2026-09-05T12:29:33+00:00
7aea07d658d649e5,9348,2026-09-05T12:29:33+00:00
4c21dcae1f814f4d,9349,2026-09-05T12:29:33+00:00
ece07d5106ff42a2,9350,2026-09-05T12:29:33+00:00
45ce23c90998428f,9351,2026-09-05T12:29:33+00:00
72cda1788d9442b3,9352,2026-09-05T12:29:33+00:00
536ab86ee025404f,9353,2026-09-05T12:29:33+00:00
4fb14c8af7af4e9b,9354,2026-09-05T12:29:33+00:00
8b5def5e9b46426e,9355,2026-09-05T12:29:33+00:00
44e62ac727654edc,9356,2026-09-05T12:29:33+00:00
dbb70f21c845434b,9357,2026-09-05T12:29:33+00:00
b74a36a9d84f4f54,9358,2026-09-05T12:29:33+00:00
e2aa2928c6df4892,9359,2026-09-05T12:29:33+00:00
79dac8fde2294c80,9360,2026-09-05T12:29:33+00:00
a90b4ab3a9e141a2,9361,2026-09-05T12:29:33+00:00
94f27a320f354428,9362,2026-09-05T12:29:33+00:00
039830e9db934f56,9363,2026-09-05T12:29:33+00:00
849bef8f13e84e07,9364,2026-09-05T12:29:33+00:00
3ba171e50bee41a1,9365,2026-09-05T12:29:33+00:00
bcf40b511fdf4e26,9366,2026-09-05T12:29:33+00:00
f608da0c4798425a,9367,2026-09-05T12:29:33+00:00
83078f9b5fa048a7,9368,2026-09-05T12:29:33+00:00
63427112c7364246,9369,2026-09-05T12:29:33+00:00
76d21808e87a4935,9370,2026-09-05T12:29:33+00:00
d93397b988f74782,9371,2026-09-05T12:29:33+00:00
c5bf0b32caf64acb,9372,2026-09-05T12:29:33+00:00
f43f62f051de490f,9373,2026-09-05T12:29:33+00:00
c6a621f6b64b4b99,9374,2026-09-05T12:29:33+00:00
c3b4040e2e90480e,9375,2026-09-05T12:29:33+00:00
466b8d39fb5340f7,9376,2026-09-05T12:29:33+00:00
ab5a978faecb45ca,9377,2026-09-05T12:29:33+00:00
c9c1cf50da554d71,9378,2026-09-05T12:29:33+00:00
40deda3a35e641f4,9379,2026-09-05T12:29:33+00:00
5c24d61a877749c7,9380,2026-09-05T12:29:33+00:00
fe59fd69247e489d,9381,2026-09-05T12:29:33+00:00
8df03239650847e9,9382,2026-09-05T12:29:33+00:00
3cd579a8ae304442,9383,2026-09-05T12:29:33+00:00
e74d67e08fc34688,9384,2026-09-05T12:29:33+00:00
3e1209d2b4534662,9385,2026-09-05T12:29:33+00:00
bfa814dac8c74307,9386,2026-09-05T12:29:33+00:00
0fb3480d2da4413c,9387,2026-09-05T12:29:33+00:00
a611123b17024d0b,9388,2026-09-05T12:29:33+00:00
d4b4611ebbd545de,9389,2026-09-05T12:29:33+00:00
2a682587fcf84074,9390,2026-09-05T12:29:33+00:00
9b0de03d3c8643f5,9391,2026-09-05T12:29:33+00:00
3f4e661d3c7f402e,9392,2026-09-05T12:29:33+00:00
6cde6b9c89a94944,9393,2026-09-05T12:29:33+00:00
1e50c9851e084f8b,9394,2026-09-05T12:29:33+00:00
a5b8bb11768f49e3,9395,2026-09-05T12:29:33+00:00
b1199357cb3f4b56,9396,2026-09-05T12:29:33+00:00
ee2c8a9f51ab4fae,9397,2026-09-05T12:29:33+00:00
8e6877072b1d4731,9398,2026-09-05T12:29:33+00:00
543f26ae5faf48e4,9399,2026-09-05T12:29:33+00:00
ec769e6f823c423c,9400,2026-09-05T12:29:33+00:00
3b267f2596dc407c,9401,2026-09-05T12:29:33+00:00
ff40f729fe5c4406,9402,2026-09-05T12:29:33+00:00
8e955b03d9a74833,9403,2026-09-05T12:29:33+00:00
210c49827f2f4e4a,9404,2026-09-05T12:29:33+00:00
d0630dfc3b7945b8,9405,2026-09-05T12:29:33+00:00
1cd7d8127ec047fd,9406,2026-09-05T12:29:33+00:00
cf57805dab9544de,9407,2026-09-05T12:29:33+00:00
b2a3e95f3b754be2,9408,2026-09-05T12:29:33+00:00
6e928fd0a6a64a3b,9409,2026-09-05T12:29:33+00:00
fac51f61438a4d65,9410,2026-09-05T12:29:33+00:00
ca3248f0354f4123,9411,2026-09-05T12:29:33+00:00
ceabf1094d734092,9412,2026-09-05T12:29:33+00:00
5dae02fe8e4545c3,9413,2026-09-05T12:29:33+00:00
47464ee6176d4a81,9414,2026-09-05T12:29:33+00:00
3b4cd0c1d4b34fea,9415,2026-09-05T12:29:33+00:00
a7b425796e644fe3,9416,2026-09-05T12:29:33+00:00
a4811dee174a48fa,9417,2026-09-05T12:29:33+00:00
8a255d6d7dd04e5a,9418,2026-09-05T12:29:33+00:00
2b389a2e3593430b,9419,2026-09-05T12:29:33+00:00
6f2c828bed98484f,9420,2026-09-05T12:29:33+00:00
b4f655fd653b41af,9421,2026-09-05T12:29:33+00:00
ddfa19d09e83490a,9422,2026-09-05T12:29:33+00:00
d7e120ce381445e5,9423,2026-09-05T12:29:33+00:00
80c866dd31234777,9424,2026-09-05T12:29:33+00:00
377d6aec7f1242ab,9425,2026-09-05T12:29:33+00:00
e1e1a7753afb4b6b,9426,2026-09-05T12:29:33+00:00
345d1787c3a94a2f,9427,2026-09-05T12:29:33+00:00
349984dafb2f4b05,9428,2026-09-05T12:29:33+00:00
2c29b5c545574d36,9429,2026-09-05T12:29:33+00:00
daaac657b777496d,9430,2026-09-05T12:29:33+00:00
38486cfe79814a70,9431,2026-09-05T12:29:33+00:00
2f8481a49e24420e,9432,2026-09-05T12:29:33+00:00
6c4de7571ede42e4,9433,2026-09-05T12:29:33+00:00
a7ce802b9002405c,9434,2026-09-05T12:29:33+00:00
b13d9227497049ed,9435,2026-09-05T12:29:33+00:00
6d523bf0a5d14720,9436,2026-09-05T12:29:33+00:00
8d82bf148b7b4d23,9437,2026-09-05T12:29:33+00:00
dec9621416484b2b,9438,2026-09-05T12:29:33+00:00
8244509f08264cbe,9439,2026-09-05T12:29:33+00:00
50e040b097cf4943,9440,2026-09-05T12:29:33+00:00
ec568aa526a642e2,9441,2026-09-05T12:29:33+00:00
bfc481d979144a96,9442,2026-09-05T12:29:33+00:00
11910d1e601046e2,9443,2026-09-05T12:29:33+00:00
55eb0d320a304bc7,9444,2026-09-05T12:29:33+00:00
95b0f60237cf4599,9445,2026-09-05T12:29:33+00:00
d3dc4d4468de48d7,9446,2026-09-05T12:29:33+00:00
43b1312032ac4a1c,9447,2026-09-05T12:29:33+00:00
2955d2589d1b48de,9448,2026-09-05T12:29:33+00:00
142f92a025af472b,9449,2026-09-05T12:29:33+00:00
a30573dcacd74278,9450,2026-09-05T12:29:33+00:00
6e2da75d15ce4621,9451,2026-09-05T12:29:33+00:00
3a3e73e62a624461,9452,2026-09-05T12:29:33+00:00
